"","Sample","C00024_Acetyl CoA","C01996_Acetylcholine","C00147_Adenine","C00212_Adenosine","C00054_Adenosine 3',5'-diphosphate","C00224_Adenosine 5'-phosphosulfate","C06104_Adipate","C03626_ADMA","C00008_ADP","C00498_ADP-glucose","C00301_ADP-ribose","C00179_Agmatine","C04677_AICAR","C00041_Ala","C00993_Ala-Ala","C00499_Allantoate","C01551_Allantoin","C08265_Alliin","C00956_alpha-Aminoadipate","C02455_alpha-Methylbenzylamine","C02115_Alpha-Methylserine","C06818_Amantadine","C00020_AMP","C01262_Anserine","C00108_Anthranilate","C00062_Arg","C01404_Arginine ethyl ester","C03406_Argininosuccinate","C00152_Asn","C00049_Asp","C00002_ATP","C08261_Azelate","C09815_Benzamide","C02137_Benzoylformate","C09816_Benzylsuccinate","C00099_beta-Ala","C05341_beta-Ala-Lys","C05568_beta-Imidazolelactate","C00719_Betaine","C00576_Betaine aldehyde","C08269_Betonicine","C00120_Biotin","C03375_Bis(3-aminopropyl)amine","C00246_Butyrate","C01672_Cadaverine","C00575_cAMP","C00438_Carbamoylaspartate","C00318_Carnitine","C00386_Carnosine","C02256_Castanospermine","C00112_CDP","C00307_CDP-choline","C00942_cGMP","C00695_Cholate","C00114_Choline","C00943_cIMP","C00417_cis-Aconitate","C02226_Citraconate","C02614_Citramalate","C00327_Citrulline","C00055_CMP","C00128_CMP-N-acetylneuraminate","C00300_Creatine","C00791_Creatinine","C01771_Crotonate","C00571_Cyclohexylamine","C00097_Cys","C01419_Cys-Gly","C02291_Cystathionine","C00506_Cysteate","C05824_Cysteine S-sulfate","C00606_Cysteine sulfinate","Cysteine-glutathione disulphide -Divalent","C00491_Cystine","C00475_Cytidine","C00380_Cytosine","C00360_dAMP","_DCA","C01571_Decanoate","C01909_Desthiobiotin","C00286_dGTP","_Diazoxide","C06772_Diethanolamine","C02273_Digalacturonate","C00337_Dihydroorotate","C00429_Dihydrouracil","C02678_Dodecanedioate","C02679_Dodecanoate","C00355_DOPA","C03758_Dopamine","C00363_dTDP","C00364_dTMP","C01346_dUDP","C06231_Ectoine","C00788_Epinephrine","C00346_Ethanolamine phosphate","C00354_F1,6P","C00085_F6P","C00016_FAD","C00122_Fumarate","C00103_G1P","C00661_G3P","C00092_G6P","C00334_GABA","C04037_Galacturonate 1-phosphate","C01181_gamma-Butyrobetaine","gamma-Glu-2AB","C01035_gamma-Guanidinobutyrate","C00035_GDP","C00064_Gln","C00025_Glu","C00257_Gluconate","C03752_Glucosaminate","C00329_Glucosamine","C00352_Glucosamine 6-phosphate","C00191_Glucuronate","C01425_Glu-Glu","C00489_Glutarate","C00127_Glutathione(ox)","C00051_Glutathione(red)","C00037_Gly","C00258_Glycerate","C00093_Glycerophosphate","C00670_Glycerophosphorylcholine","C01921_Glycocholate","C00160_Glycolate","C02037_Gly-Gly","C02155_Gly-Leu","C00048_Glyoxylate","C00144_GMP","C08304_Gramine","C00044_GTP","C00581_Guanidinoacetate","C03139_Guanidinosuccinate","C00242_Guanine","C00387_Guanosine","C09209_Harman","C17714_Heptanoate","C01585_Hexanoate","C08306_Hexylamine","C01586_Hippurate","C00135_His","C00388_Histamine","C00860_Histidinol","C00884_Homocarnosine","C01817_Homocystine","C00263_Homoserine","C05582_Homovanillate","C01015_Hydroxyproline","C07044_Hydroxyurea","C00519_Hypotaurine","C00262_Hypoxanthine","C00104_IDP","C00407_Ile","C02835_Imidazole-4-acetate","C00130_IMP","C00637_Indole-3-acetaldehyde","C02693_Indole-3-acetamide","C00954_Indole-3-acetate","C00955_Indole-3-ethanol","C00294_Inosine","C05123_Isethionate","C02640_Isoamylamine","C02787_Isobutylamine","C00630_Isobutyryl CoA","C00311_Isocitrate","C02421_Isonicotinamide","C05771_Isopropanolamine","C00490_Itaconate","C00328_Kynurenine","C00186_Lactate","C00123_Leu","C11331_Leu-Leu-Tyr","C00047_Lys","C01930_Lysinamide","C00711_Malate","C00383_Malonate","C00083_Malonyl CoA","C03570_Mannosamine","C08737_Melamine","C01598_Melatonin","C00073_Met","C07151_Metformin","C11145_Methanesulfonate","C02989_Methionine sulfoxide","C02704_Methyl sulfate","C02294_Methylguanidine","C03173_(Methylthio)acetate","C00587_m-Hydroxybenzoate","C00879_Mucate","C06470_Muramate","C08311_Muscimol","C01026_N,N-Dimethylglycine","C03413_N1,N12-Diacetylspermine","N1,N8-Diacetylspermidine","C00612_N1-Acetylspermidine","C02567_N1-Acetylspermine","C02567_N1-Acetylspermine_div","C03793_N6,N6,N6-Trimethyllysine","C03795_N6-Methyl-2'-deoxyadenosine","C01029_N8-Acetylspermidine","C01042_N-Acetylaspartate","C01073_N-Acetyl-beta-alanine","C00140_N-Acetylglucosamine","C04501_N-Acetylglucosamine 1-phosphate","C00357_N-Acetylglucosamine 6-phosphate","C01239_N-Acetylglucosylamine","C00624_N-Acetylglutamate","C02997_N-Acetylhistidine","C02710_N-Acetylleucine","C02712_N-Acetylmethionine","C02713_N-Acetylmuramate","C00270_N-Acetylneuraminate","C00437_N-Acetylornithine","C03519_N-Acetylphenylalanine","C02714_N-Acetylputrescine","N-Acetylvaline","C00003_NAD+","C00006_NADP+","C04259_N-alpha,N-alpha-Dimethylhistidine","C01670_N-alpha-Benzenolarginine ethylester","n-Butyl a-Picolinate","C05829_N-Carbamylglutamate","C02727_N-epsilon-Acetyllysine","C01044_N-Formylaspartate","C03145_N-Formylmethionine","C01047_N-gamma-Ethylglutamine","C00153_Nicotinamide","C00253_Nicotinate","C00745_Nicotine","C02721_N-Methylalanine","C02299_N-Methylaniline","C01046_N-Methylglutamate","C06213_N-omega-Methyltryptamine","C00547_Noradrenaline","C06524_Nornicotine","C02571_o-Acetylcarnitine","C00979_O-Acetylserine","C01772_o-Coumarate","C06423_Octanoate","C04137_Octopine","C00805_o-Hydroxybenzoate","C07588_o-Hydroxyhippurate","C01005_O-Phosphoserine","Ophthalmate","C00077_Ornithine","C00295_Orotate","C01118_o-Succinylhomoserine","C00568_p-Aminobenzoate","C00864_Pantothenate","C00811_p-Coumarate","C01601_Pelargonate","C00803_Valerate","C00074_PEP","C00079_Phe","C05598_Phenaceturate","C05332_Phenethylamine","C02734_Phenyl phosphate","C02735_Phenylethanolamine","C00166_Phenylpyruvate","Phe-Phe","C05682_Phosphonoacetate","C00588_Phosphorylcholine","C01606_Phthalate","C00156_p-Hydroxybenzoate","C00642_p-Hydroxyphenylacetate","C02656_Pimelate","C00408_Pipecolate","C00931_Porphobilinogen","C00148_Pro","C10172_Proline betaine","C00163_Propionate","C00584_Prostaglandin E2","C00639_Prostaglandin F2alpha","C10865_Pseudopelletierine","C00715_Pterin","C01736_Purine riboside","C00134_Putrescine","C00250_Pyridoxal","C00534_Pyridoxamine","C00647_Pyridoxamine 5'-phosphate","C00314_Pyridoxine","C00022_Pyruvate","C00296_Quinate","C00255_Riboflavin","C00199_Ru5P","C05382_S7P","C00818_Saccharate","C00449_Saccharopine","C00021_SAH","C00019_SAM+","C00213_Sarcosine","SDMA","C08277_Sebacate","C00835_Sepiapterin","C00065_Ser","C02703_Serine O-sulfate","C00780_Serotonin","C00493_Shikimate","C00482_Sinapate","C03451_S-Lactoylglutathione","C03172_S-Methylmethionine","C01096_Sorbitol 6-phosphate","C00315_Spermidine","C00750_Spermine","C00042_Succinate","C04548_Synephrine","C10833_Syringate","C00898_Tartrate","C00245_Taurine","C05122_Taurocholate","C01959_Taurocyamine","C06337_Terephthalate","C02890_Tetrahydropalmatine","C00378_Thiamine","C01081_Thiamine monophosphate","C00188_Thr","C03618_threo-beta-methylaspartate","C01620_Threonate","C00214_Thymidine","C00178_Thymine","C01494_trans-4-Hydroxy-3-methoxycinnamate","C02341_trans-Aconitate","C00423_trans-Cinnamate","C00371_trans-Zeatin","C00689_Trehalose 6-phosphate","C03958_TRH","C01004_Trigonelline","C01104_Trimethylamine N-oxide","C01008_Trimethylsulfonium","C00729_Tropine","C00783_Tropinone","C00078_Trp","C00398_Tryptamine","C00082_Tyr","C00483_Tyramine","C00015_UDP","C00029_UDP-glucose","C00167_UDP-glucuronate","C00043_UDP-N-acetylglucosamine","C00105_UMP","C17715_Undecanoate","C00106_Uracil","C00366_Urate","C00086_Urea","C00299_Uridine","C00785_Urocanate","C00075_UTP","C00183_Val","C00385_Xanthine","Xanthopterin","C01762_Xanthosine","C02470_Xanthurenate","C00655_XMP","C00986_1,3-Diaminopropane","C02774_10-Hydroxydecanoate","C03969_1-Amino-1-cyclopentanecarboxylate","C01234_1-Aminocyclopropane-1-carboxylate","C11118_1-Methyl-2-pyrrolidinone","C02494_1-Methyladenosine","C05127_1-Methylhistamine","C02918_1-Methylnicotinamide","C02354_2',3'-cCMP","C06393_2,3-Diaminopropionate","C03722_2,3-Pyridinedicarboxylate","C03283_2,4-Diaminobutyrate","C03030_2,4-Dihydroxypyrimidine-5-carboxylate","C11003_2,4-Dimethylaniline","C00628_2,5-Dihydroxybenzoate","C02356_2AB","C10901_2-Aminobenzimidazole","C03557_2-Aminoethylphosphonate","C01987_2-Aminophenol","C00881_2'-Deoxycytidine","C06369_2-Deoxyglucose 6-phosphate","C00330_2'-Deoxyguanosine","C05512_2'-Deoxyinosine","C02627_2-Deoxystreptamine","C10898_2-Guanidinobenzimidazole","C03264_2-Hydroxy-4-methylpentanoate","C05984_2-Hydroxybutyrate","C02630_2-Hydroxyglutarate","2-Hydroxyisobutyrate","2-Hydroxyoctanoate","2-Hydroxypentanoate","C05852_2-Hydroxyphenylacetate","C02504_2-Isopropylmalate","C00322_2-Oxoadipate","C00109_2-Oxobutyrate","C00026_2-Oxoglutarate","C00141_2-Oxoisopentanoate","2-Oxooctanoate","C00631_2PG","C06325_2-Quinolinecarboxylate","C02595_2-Thiopheneacetate","C01198_3-(2-Hydroxyphenyl)propionate","C01744_3-(4-Hydroxyphenyl)propionate","C02465_3,3',5-Triiodothyronine","C05145_3-Aminoisobutyrate","C06057_3-Aminopropane-1,2-diol","C01367_3'-AMP","C03761_3-Hydroxy-3-methylglutarate","C00632_3-Hydroxyanthranilate","C01089_3-Hydroxybutyrate","C02794_3-Hydroxykynurenine","C01013_3-Hydroxypropionate","C11284_3-Indolebutyrate","3-Indoxyl sulfate","C05587_3-Methoxytyramine","C00913_3-Methyladenine","C08262_Isovalerate","C02230_3-Methylguanine","C01152_3-Methylhistidine","C00197_3PG","C05607_3-Phenyllactate","C05629_3-Phenylpropionate","C02642_3-Ureidopropionate","C05135_4-(beta-Acetylaminoethyl)imidazole","C02129_4-Acetylbutyrate","C03678_4-Amino-3-hydroxybutyrate","C05584_4-Hydroxy-3-methoxymandelate","C11527_4-Hydroxymandelate","C05562_4-Hydroxymethylimidazole","C00233_4-Methyl-2-oxopentanoate","C04294_4-Methyl-5-thiazoleethanol","C01180_4-Methylthio-2-oxobutyrate","4-Oxohexanoate","4-Oxopentanoate","C00847_4-Pyridoxate","C03114_5,6-Dimethylbenzimidazole","C00430_5-Aminolevulinate","C00431_5-Aminovalerate","C05198_5'-Deoxyadenosine","C05635_5-Hydroxyindoleacetate","C16741_5-Hydroxylysine","C00643_5-Hydroxytryptophan","C05660_5-Methoxyindoleacetate","C05659_5-Methoxytryptamine","C03592_5-Methyl-2'-deoxycytidine","C02376_5-Methylcytosine","C00440_5-Methyltetrahydrofolate","C00170_5-Methylthioadenosine","C01879_5-Oxoproline","C02378_6-Aminohexanoate","C06103_6-Hydroxyhexanoate","C01020_6-Hydroxynicotinate","C08434_6-Methylaminopurine","C02953_7,8-Dihydrobiopterin","C04874_7,8-Dihydroneopterin","C02242_7-Methylguanine"
"1","10023",0,2.817994694,13.49015041,51.67817327,0,0,203.7699077,37.88332169,0,0,0,51.54964701,0,8593.888557,778.2897687,0,0,0,53.29613847,0,82.00185742,0,59.69516451,0,0,1121.953061,0,22.0771235,429.5520168,4763.769881,0,263.5046202,0,0,0,3403.141722,0,0,35.70423617,150.3564649,0,0,0,152505.2822,12432.37148,0,0,123.0375215,65.11731811,0,0,0,3101.917796,12765.38277,188.9894773,0,0,0,818.8145116,487.7657849,0,0,6784.566541,1789.055683,0,0,0,0,0,0,0,0,0,0,0,6.766189846,0,1650.727132,0,0,0,0,52.41425169,0,0,36876.40344,113.3763777,154.9176693,0,0,0,0,0,0,0,0,0,0,0,0,0,0,0,3291.608217,0,1725.441634,0,43.02737566,0,796.7607006,11205.66275,0,43.83610734,36.81708806,0,0,0,0,0,0,1532.709588,0,0,0,0,0,0,76.85437752,0,0,0,4291.988907,134.5356063,14.0779802,0,0,0,0,1990.011119,2.146356314,7761.423393,671.5897178,101.1218806,12.61078609,0,0,58.53251451,0,44.39581234,104.0397974,0,0,0,157.8118029,47.58634179,0,0,187.0695005,0,0,6.498783218,0,0,0,0,0,0,563.9193867,0,0,3429.454751,426.6963059,0,4541.456437,0,72.94444594,306.35636,0,54.00150807,0,0,113.1976785,0,0,79.10720394,0,0,0,0,0,0,0,34.66243209,85.74742549,119.341271,448.5570638,13.64558414,8.91112985,96.49143611,85.87231049,30.76139,805.7365258,158.4779591,141.7119845,0,0,0,709.9139163,75.16391636,0,0,105.5004448,0,253.9898247,0,1058.582112,0,386.7544815,0,0,0,0,0,23.2793043,0,0,73.59413479,100.395841,0,0,14.86529168,0,6.038838481,0,0,699.8965318,10.36150256,0,0,0,0,1403.927997,0,0,7.702807296,4030.975646,256.4785203,151.737778,0,69.34590713,0,94.7491236,21278.89061,0,224.4546467,0,0,0,0,0,0,0,0,22.15540016,4759.53745,0,214.5289455,188.897342,1782.707341,14213.87283,38.90496985,98689.49341,0,0,0,0,0,4219.305272,0,5.974702722,0,15.98093825,0,0,0,0,0,0,0,0,56.62649967,180.7294086,51.99794399,34.0290067,0,363.3029753,1374.336019,17.30691496,391.8283803,0,0,2.317574195,0,171.6804328,0,2323.833227,0,440.6144282,0,6029.959085,0,0,0,0,0,0,854.5160773,0,488.3054705,0,710.6615357,0,0,303.9932287,1.602009334,0,0,38.42095001,0,0,0.598739339,3.243220909,65.69384402,64.59421647,197.2776584,92.61489298,0,0,0,73.60632897,88.61343425,0,0,0,1289.877686,0,0,0,621.8496344,0,0,0,0,0,19.54046156,718.5942646,0,37.21033254,0,0,12.15901314,3.955309287,0,0,0,0,0,60.62877217,136.5164587,149.0964771,0,0,0,0,0,0,0,0,0,0,0,1972.669913,0,514.557065,0,0,27.5517843,0,0,0,0,0,0,0,0,0,0,0,251.6487272,46.22653117,0,0,0,0,0,0,0,0,0,0,12190.38576,0,69.5653849,0,0,600.6110287,0,58.61591159,0,0,3266.466681,339.1351671,5.023269452,0,0,0,0,0,39.42500373,0,20.67117922,24841.98886,0,591.3392288,176.2393849,0,0,0,19.21968379,0,20.10020876,24.43563998,75.31816226,0,0,0,0,3.633562457,0,85.81088034
"2","10025",90.17670459,1.58079322,13.09421425,76.00195243,0,0,214.5843241,41.82347205,40.38380148,0,0,49.59759424,0,4712.878007,326.0727571,0,0,0,58.90507183,0,17.44434564,0,91.70595068,0,0,832.410527,0,26.10783997,455.8857321,5832.09832,0,59.91801695,0,0,0,699.7433973,0,0,92.09579162,167.6256152,0,0,0,51874.20955,9885.371827,0,0,109.428487,14.85397254,0,0,0,2393.616446,2214.537401,489.069672,0,139.335782,360.1837069,195.6655531,480.9505316,60.55295261,0,822.5713432,389.1544847,0,0,0,0,0,0,0,0,0,4.253972776,0,0,0,2746.143771,104.8845026,0,0,0,46.67173668,0,0,26707.4724,44.47011954,508.0175925,0,0,0,63.77120252,0,0,0,0,0,0,0,223.4826646,0,183.7690572,436.1669998,1120.652853,0,1235.72161,0,26.47776664,0,1252.076526,13233.34817,0,0,36.33234093,0,0,0,380.4645152,0,0,12647.58746,0,0,33.45811558,0,0,23.22325418,85.08712208,0,0,0,5358.39368,0,17.69920377,25.18789415,18.47857586,0,0,244.3994112,4.070759233,748.9173419,726.3567784,1048.355155,2.616334347,0,0,80.74150291,0,153.5302625,91.74854717,12.34753846,5.094839906,0,218.5655526,9.677285357,0,632.9583415,139.8158067,0,160.1267263,79.405991,0,1.527076738,0,35.85289796,223.1992657,0,245.2652406,0,0,4051.177569,608.818329,0,5209.798254,0,233.3807487,252.2586625,0,86.8773219,0,0,167.8084075,0,0,99.29406037,0,0,0,0,0,0,0,9.128900544,20.74849405,34.86104555,323.9420349,0,8.237119502,35.86906787,55.80305452,25.69353625,1201.99053,0,325.0014039,85.26677771,76.82918499,0,410.0992266,15.58021217,0,0,80.60431546,154.6248974,66.3884997,0,354.8219201,24.41183504,794.8929395,0,12.16290676,0.239127172,0,0,22.49998765,0,0,243.6551683,90.34017929,0,0,9.262251859,0,5.638051578,0,0,91.35732902,6.063131046,0,0,0,14.29800007,554.6882247,0,0,0,395.2483091,0,81.30749761,0,41.40505552,0,0,4933.619126,0,531.1700643,471.561295,0,0,0,0,0,0,80.42914757,22.01398954,0,0,207.319683,191.7764969,0,684.4446168,74.21711191,37176.39202,0,0,0,0,0,2623.614714,0,4.625111665,9.740288768,10.19965163,0,2940.039602,0,0,0,0,22.74060697,0,84.62984126,291.2384838,34.83186131,31.85073236,0,624.3041952,1623.48818,0,708.1015536,0,0,0,89.08759646,258.6398181,2.471025356,53982.28467,0,0,0,1739.657562,160.4720062,0,0,0,10.65388377,16.7896125,917.4479206,0,0,310.9769205,378.8461339,0,0,384.6446456,0,0,0,13.29314507,3.360983569,0,0,1.622977353,201.5475576,0,472.5048393,51.98427378,42.96220466,0,0,166.4446779,136.4746749,0,0,1191.044006,1580.941843,383.6762915,9.442938381,0,1398.699011,0,0,0,0,0,0,316.6881318,0,7.979136889,0,9.932712583,95.83724878,10.09384035,0,0,0,4.880877847,0,2.307249323,233.4167455,882.8747756,0,0,0,14.11218799,127.0298759,0,0,0,0,0,0,702.885968,0,380.3941307,0,0,44.56064423,0,0,0,0,0,23.81650891,0,0,0,0,0,277.9648935,0,0,94.40632828,0,0,0,95.41984733,0,0,0,0,3276.037431,13.07489662,48.37631134,0,0,628.8053232,0,323.0392904,0,0,1234.806659,47.88955107,0,0,0,0,0,0,47.77447563,0,13.76477355,12824.63042,0,260.0471573,157.1687004,0,0,0,0,0,15.9931123,25.27756432,171.3553843,0,0,0,0,15.66328356,0,82.42326663
"3","10029",0,0.879372909,27.85970634,42.64616889,0,0,518.7990862,9.185715044,0,0,0,28.16238746,0,2410.952781,269.7154842,0,0,0,54.46913468,0,0,0,63.38590888,0,0,1593.74324,0,9.749088435,537.8517132,2001.327061,0,116.7270855,0,0,0,145.0334973,0,0,0,140.3678214,0,0,0,32360.92622,159.1171861,0,0,68.07697973,7.616291861,0,0,0,2224.792507,336.3378671,125.2259388,0,0,0,88.21117045,550.9612535,41.36395419,0,66.5120356,63.47974877,0,0,0,0,0,0,0,0,0,0,23.91965451,5.384040179,0,4555.461592,61.51587541,0,0,0,63.18644321,0,0,39961.71554,159.6870256,135.4223116,4.375973883,0,0,32.2843558,0,0,0,0,0,0,0,0,0,0,0,54.72040857,0,1095.155106,0,14.54432098,0,540.7202716,25115.91525,0,0,0,0,0,0,0,0,0,1191.386548,0,0,0,0,0,0,119.3129566,0,0,0,10676.77234,0,31.70600428,27.94292643,6.994606305,0,0,252.8751092,0,0,521.9758636,109.7252314,0,0,0,27.33254773,223.1649879,30.87626103,114.1534273,0,16.75991444,0,246.8499015,49.02629683,0,1262.804711,143.1499635,0,0,37.85901732,0,0,0,0,0,0,13.27422107,0,0,3190.252001,671.424183,0,5773.245595,0,37.26830155,0,0,0,0,0,288.8550264,0,0,67.26757824,0,0,0,0,0,0,0,21.57838058,2.845088764,5.338722146,65.69904719,5.486097175,3.319323279,22.81590109,0,15.4473198,1158.532435,0,190.0032614,55.21765755,0,0,890.7235146,22.97072863,0,26.50401715,54.54397297,0,107.7857714,0,24.53453484,0,379.6606803,0,9.331301347,0,0,0,52.32489837,0,0,36.13564466,120.48505,0,0,25.47501922,0,27.26508667,0,18.14224783,153.3589233,4.19745289,0,0,0,0,0,0,0,6.605929696,403.1754427,0,53.52092267,28.03360329,32.65183554,0,93.91585913,5478.565278,0,262.5217804,0,0,0,0,0,0,0,32.59941436,0,513.8033063,0,158.4385804,896.7313673,189.6053146,1735.062961,7.996217847,18265.05515,0,0,0,0,6.816484435,179.8778865,24.55917067,19.48126657,6.750375948,0,0,0,54.5868642,0,0,0,21.48322744,0,26.46164717,89.70190892,2.829000747,90.26621192,0,519.0448803,1278.476771,0,0,0,0,4.210555251,0,267.5545301,0,1296.163445,23.77879184,118.2428779,0,155.0815615,0,11.73503461,0,0,52.36605907,0,389.6384755,0,0,304.1436838,281.2824254,0,0,680.8910379,0,0,0,0,0,0,0,0,95.12207638,0,282.534535,10.65999575,0,0,0,42.39193227,0,0,0,151.5056097,1190.754878,402.1138083,11.98994919,0,936.8009735,0,0,1.442127215,0,0,0,0,0,0,0,0,0,0,0,0,0,0,0,745.1309589,0,244.9887994,0,0,0,0,0,0,0,0,0,0,0,510.2664922,0,187.1644133,0,0,24.855045,0,0,0,0,0,0,0,0,0,0,0,19.77571437,6.701412361,0,0,0,0,0,0,0,0,0,0,5499.75085,0,20.36462607,0,0,470.7857265,0,14.95094114,0,0,0,30.53516587,0,0,0,0,0,0,41.29323384,0,0,1231.053625,0,292.6777162,45.29543164,0,69.40020542,0,10.74837616,3.651725113,0,10.45015101,219.793994,12.32070523,0,0,0,0,16.82994429,84.9761007
"4","10031",38.32813685,1.296655594,17.67666875,36.3098483,0,0,255.5903357,47.70541793,31.73461984,0,0,51.75567718,0,1895.17467,319.7504887,0,0,0,29.4211322,0,0,0,121.0312216,36.52556238,0,828.4824786,0,0,267.0186096,5463.359985,0,65.79759822,0,0,0,276.5479962,0,0,0,0,2.996774358,0,0,107157.7658,17695.70483,0,0,142.2112807,7.525731865,0,0,0,2133.979166,291.5952292,305.043078,0,0,37.0301367,139.1527453,459.8708771,35.55216109,0,140.9748406,448.7973788,0,0,0,0,0,0,0,0,0,0,21.82326736,0,0,898.2009592,66.27650802,0,0,0,151.4225125,0,0,84716.8426,57.37498738,164.8982133,0,0,0,0,0,0,0,0,0,0,0,0,0,152.9080675,0,2884.260368,0,1739.07453,0,28.75977153,0,777.8956419,9974.05317,0,0,22.41104081,0,0,0,0,0,0,1872.301389,0,0,0,0,0,0,58.88325789,0,0,0,4313.523499,0,6.427567615,16.11854293,19.74225667,0,0,292.6696847,2.852639152,5530.685249,397.6560243,169.6655192,5.033333653,0,0,25.55824853,0,71.23219707,130.6528192,0,14.56096479,0,91.94118921,39.84699379,0,1700.326795,133.3238988,0,0,91.77150999,0,0,0,33.25754339,0,0,48.11321092,0,0,3157.388723,421.9734222,0,4468.236008,0,97.75112751,217.3691527,0,41.29802477,0,0,143.1011817,0,0,73.83396586,0,0,0,0,0,0,0,8.835206908,20.5740166,76.70231491,239.9790952,11.20383394,7.509053387,188.9614443,48.27294309,20.24412546,810.9348316,135.4154923,57.83939979,79.59084365,0,0,165.0989727,13.46007187,0,0,0,0,87.51009538,0,1392.721084,0,543.493191,0,0,1.18645181,3.654604977,0,32.79901213,0,0,30.11876231,169.2883116,308.8676271,0,10.91805714,0,0,0,10.47300464,101.8334787,3.488818555,0,0,0,93.24479723,0,0,0,0,603.2449633,0,195.1731785,0,0,0,113.7794956,4793.226859,0,182.2005801,0,0,0,0,0,0,0,59.99355638,21.48899332,3688.266185,0,0,203.5356509,762.7018979,860.1785315,34.08823326,86942.75739,0,0,0,3.832917913,0,13963.12169,0,3.970518776,10.25898673,0,0,0,0,0,0,0,0,0,56.51947389,101.3796844,29.3616445,0,0,517.3920999,1265.306984,0,356.6057468,0,0,2.167339471,0,206.4470113,0,967.9779865,2.462671296,236.1822119,0,2440.014282,0,0,0,0,0,0,812.1762534,0,259.98069,0,1178.294159,0,0,285.1916482,0,0,0,15.16698028,0,0,0,0,92.69680968,0,210.4103319,47.49725038,0,0,0,67.0809953,137.9249812,0,0,0,1138.943751,478.8787549,13.53208204,0,573.8316243,0,0,0,0,0,26.42870562,1165.084605,0,0,0,0,23.1083785,8.276904819,0,0,0,0,0,148.8523867,182.3889475,179.7119213,0,0,0,0,0,0,0,0,0,0,0,1247.146676,0,333.0643647,0,0,84.0229929,0,0,0,0,0,0,0,0,0,0,0,91.03136345,15.81674529,0,0,0,0,0,0,0,0,0,0,5523.594372,0,97.15957386,0,0,456.3758307,0,66.60317192,0,0,744.2251298,0,9.44723215,0,0,0,0,0,34.93479872,0,16.8366054,25166.24453,0,0,46.90386096,0,0,0,16.44035003,0,12.62546931,22.66900993,107.6780761,0,0,0,0,26.24768218,0,80.2656889
"5","10036",0,3.655591733,17.28126083,20.39165549,0,0,0,10.69439296,0,0,0,16.85195205,0,12733.53519,417.0301786,0,0,0,51.43931509,0,41.39171828,0,81.81852668,0,0,675.4150675,0,0,0,2654.010117,0,60.7319949,0,0,0,813.8700944,0,0,61.99417997,0,0,0,0,77230.40531,1354.601096,0,178.0060889,54.84685076,0,0,0,0,1178.217905,7261.04871,438.6433882,0,25.42817404,40.04424859,252.2468681,139.3475348,0,0,2253.364627,364.4502503,0,0,0,0,0,0,0,0,0,0,10.350559,0,0,1557.337397,0,0,0,0,117.367968,0,0,63023.45608,0,190.2174443,0,0,0,63.31788688,0,0,0,0,0,0,0,51.74812535,0,0,0,332.1589016,0,711.238007,0,0,0,526.5389156,9455.154657,0,0,0,0,0,0,0,0,0,538.964491,0,0,0,0,0,0,55.27554408,0,0,0,4040.802063,35.64618592,10.80957162,0,0,0,0,274.231,2.750837316,2515.66913,530.1300103,11.89481424,0,0,0,97.57129851,0,388.5638346,137.9313624,0,9.97750409,0,171.498606,9.568249224,0,0,129.3130277,0,0,0,0,0,0,0,0,0,37.46149711,0,0,5222.417781,592.04089,0,7403.339012,0,176.9355695,0,0,0,0,0,19.10750128,0,0,61.04701333,0,0,0,0,0,0,0,8.15532318,12.96759668,80.68888372,362.5465017,0,0,152.5263569,0,22.10767795,3749.027217,0,25.71635433,0,89.46759865,0,271.1665566,19.04527317,0,0,0,0,146.9332015,0,425.8040002,0,351.0698711,0,0,0,0,0,29.32985366,0,0,313.5623063,69.03513033,0,0,10.35012216,0,6.115714826,0,0,163.3827891,8.970710027,0,0,0,0,1305.600136,0,0,0,135.9433828,427.4169618,31.74324735,0,80.89331263,0,117.4669719,4127.697822,0,1194.206522,0,0,0,0,0,0,0,18.29490113,0,886.9344895,0,0,64.07571673,2067.025748,499.0888445,28.60320181,36881.19714,0,0,0,0,0,1032.847458,0,6.145629718,0,1.632724359,0,1138.141151,0,0,0,0,123.2125711,0,28.23351378,231.2791136,20.67560963,0,0,359.6513034,2092.856558,0,142.0504047,120.0250986,0,0,0,82.51521498,0,1708.185571,0,614.0104115,0,1248.147394,0,0,0,0,0,0,252.6417094,0,713.9189014,0,294.6410061,0,0,236.3790036,0,0,0,26.05544017,0,0,0,0,179.7226621,0,1001.629751,35.8079139,0,0,0,82.33423362,108.6440019,0,0,0,1269.298676,0,0,0,4486.214509,0,0,0,0,0,0,470.5771588,0,47.34347913,0,0,0,0,0,0,0,0,0,52.80250856,111.2346004,1787.250262,0,0,0,0,0,0,0,0,0,0,0,1496.691316,0,0,0,0,71.51506518,0,0,0,0,0,0,0,0,0,0,0,198.5977636,35.95790724,0,0,0,0,0,0,0,0,0,0,2970.091273,9.72638487,23.5808137,0,0,558.5072917,0,12.23638782,0,0,2052.975282,0,0,0,0,0,0,0,21.70130207,0,7.997891644,20010.39645,0,114.9719504,11.77210623,0,579.4548794,0,0,0,41.13120733,9.696281775,112.5881573,0,0,0,0,0,0,45.78544816
"6","10037",78.5988589,0.771784376,11.96372321,39.1132196,0,0,0,68.01903792,152.1871879,0,0,40.04548969,0,5494.831715,607.5762487,0,0,0,42.06239774,0,0,0,191.6854977,181.2644012,0,2152.241463,0,37.03303298,896.7371322,6901.790371,0,0,0,0,0,342.6989386,0,0,62.09727924,0,0,0,0,17262.59173,214.3449769,0,0,198.4960055,19.39459054,0,0,0,1381.263563,3398.667344,161.8723919,0,0,0,57.53935091,667.9727128,51.43178226,0,486.727448,1236.365551,0,0,0,0,0,0,0,0,0,0,0,6.328759456,0,4964.513829,0,0,0,0,188.7179966,329.8604582,0,72827.27635,0,123.4291347,0,0,0,0,0,0,0,0,0,0,0,0,73.41276247,408.509036,0,150.165563,0,563.798258,36.8756182,0,0,871.0537943,27718.71238,0,0,26.34772738,0,0,0,853.29557,0,0,6493.109733,0,0,0,0,0,0,54.3401235,0,0,0,12733.93777,158.1714269,15.89694258,18.13061997,13.73303142,0,0,539.8714345,0,1641.615079,997.440606,6.77499221,0,44.81055116,0,99.60588349,0,286.7201356,144.611187,0,16.93716718,0,355.8621294,10.04541885,0,0,0,0,0,381.7703115,0,0,0,54.38265454,290.7532481,0,169.2680036,0,0,3421.957503,852.4317584,0,11569.67645,0,122.5029417,718.5193177,0,94.67250577,0,0,162.6695683,0,0,72.29627334,0,0,0,0,0,0,0,11.36468552,4.612861569,13.83169386,347.4489814,0,0,48.72412347,0,26.14520026,157.9129496,0,0,133.4615543,0,0,333.7424031,12.8923097,0,0,0,122.9323648,57.0153924,0,243.1938524,0,1204.83242,117.4685558,0,0,0,0,40.06639009,0,0,111.6145043,204.1287596,0,0,6.192283289,0,28.00942516,0,0,36.24404157,7.423661031,0,0,0,28.82430753,0,0,107.3565478,26.54094091,1401.365419,0,37.98012161,0,0,0,0,1983.347983,0,1143.875311,0,0,0,0,0,0,0,0,0,2810.498379,0,0,62.47790321,859.5640818,2901.815376,147.0145383,21266.92848,0,0,0,0,0,823.3859571,11.8282716,20.60353027,27.36768815,0,0,0,0,135.1398954,137.3853007,0,29.43459885,0,56.43292262,348.6689476,30.6026896,0,0,645.2507902,1371.331537,0,0,1032.372237,0,0,0,128.1478363,0,2708.509655,20.50889016,0,0,406.2935779,328.7525342,0,0,0,27.18005174,22.01102394,1363.051909,0,364.7954276,0,459.8742106,0,0,673.8385961,0,117.1579467,0,8.751236054,11.32056609,0,0,0,185.4227877,40.92656841,1293.657437,32.86116934,103.1359756,48.47009056,0,95.36748321,133.6758395,0,0,273.5384645,1772.714523,0,18.21803329,0,1918.152114,0,0,0,0,0,0,590.0001075,0,0,0,0,0,26.70708184,0,0,0,0,0,39.04814756,329.6690276,769.3498394,0,0,0,0,197.1372155,0,0,9.562905457,0,0,0,0,0,0,0,0,0,0,0,0,0,0,54.65760696,0,0,0,0,0,276.5643551,17.71753636,0,0,0,0,0,0,0,0,0,0,2283.582827,0,190.6335279,0,0,0,0,6.019538569,0,0,0,0,0,27.61180887,0,0,0,0,0,0,8.000122475,10345.63683,0,124.7004936,464.686011,0,46.84999193,0,0,0,0,33.06510456,166.7711552,0,0,0,0,0,0,15.45740491
"7","10038",55.30590877,1.95537355,17.49935761,17.37317419,0,0,0,79.77230455,53.67297308,0,0,38.66300422,0,2923.328865,464.9921594,0,0,0,61.23980018,0,21.45467272,0,217.9317207,0,0,1273.072577,0,36.96834904,87.43317927,7856.641202,0,68.89883993,0,0,0,223.2364921,0,0,175.1525933,0,0,0,0,20543.56492,14866.92596,0,0,62.7290025,0,0,0,0,1988.807891,6532.511705,213.497109,0,61.69822346,25.84723964,81.52956787,632.322556,0,0,1074.127316,10059.39546,0,0,0,0,0,0,0,0,0,0,12.77017,5.971893433,0,1415.46016,0,0,0,0,76.06129216,0,0,57367.84947,74.29775999,104.015122,4.399014437,8.115260957,0,70.53963757,0,8.560520421,0,0,0,0,78.60776601,0,0,355.6560813,195.9739258,232.6753653,0,1740.206554,0,43.17093992,0,1271.741112,27790.54755,0,0,63.50684646,0,0,0,542.5416742,0,0,6008.016958,0,0,0,0,0,0,91.95435074,0,0,0,11350.69236,556.0990938,115.5421503,0,10.71380505,2.537439118,0,0,0,739.2041904,847.8563778,2781.77755,0,0,0,33.09515077,0,717.9718817,107.7147645,0,25.9351459,0,334.348109,35.7811345,0,0,0,0,0,298.4311927,235.7418885,0,0,21.23029519,2421.342166,0,40.62500156,0,0,2620.246994,1119.484703,0,5138.848019,0,334.5126338,449.6736449,0,0,0,0,1106.736854,0,0,163.1956008,0,0,0,0,0,0,0,87.33023959,13.2212513,14.66103986,139.5436645,13.91658061,8.558259342,84.53230486,0,33.16907602,2282.885882,0,198.0951199,205.3974935,176.124604,0,656.9867804,17.61179626,0,0,0,0,85.99283704,0,1850.740052,0,713.7726525,77.13963562,8.997713759,0,0,0,38.55953379,0,0,45.05549958,132.6549002,0,0,9.118867442,0,16.04631506,0,0,22.34119735,15.15836641,0,0,0,0,0,0,0,0,659.0571836,0,26.97583804,0,50.53510132,0,0,2109.288128,0,2832.095466,0,39.55717868,0,0,0,0,0,105.4678298,0,2331.684239,0,0,121.3704169,0,18572.68388,206.5958171,27018.07765,0,0,0,0,0,8891.125092,0,9.397833552,29.75577974,2.882921534,0,0,103.683949,72.82109334,112.4676166,0,0,0,76.16537848,172.2828113,107.936729,0,0,603.953532,1050.050251,13.62077732,0,0,0,0,0,356.0026153,0,90026.46484,0,0,0,745.2248551,228.0124187,0,0,0,9.94013191,0,844.7223104,0,1044.240826,0,2050.79351,0,94.40957351,644.6309505,0,0,0,450.5775443,333.7181942,0,0,0,198.1618977,64.84430516,2464.322435,160.6597798,55.63760164,0,0,139.1155823,131.6091733,0,0,2215.70294,109592.6314,713.2765734,38.97618596,0,1895.905909,303.8094042,0,0,0,0,17.10534424,789.5975293,0,0,0,21.72719628,110.7702996,109.7432883,0,0,0,0,0,234.8011552,0,281.9228806,0,0,0,12.81832328,0,0,0,0,0,0,0,748.5320475,0,563.0326281,0,0,0,0,0,0,0,0,73.6425171,0,0,73.05830709,0,0,1581.904343,0,0,84.89764402,0,0,0,0,0,287.9285854,0,0,3121.205559,10.78030556,253.5863735,0,0,379.982531,0,378.7798713,0,0,193.0251917,48.19019756,0,63.83554979,0,0,0,0,47.89050569,0,0,15889.09737,0,175.0264074,23.74963711,0,0,0,0,0,64.68426421,26.42962486,332.8581549,0,407.5657079,0,0,0,0,93.4415328
"8","10040",32.4508121,0.7858005,38.81244417,41.04562039,0,0,0,42.62522321,33.42801052,0,0,53.22178427,0,8963.036206,490.7438994,0,0,0,28.99173853,0,34.04821148,0,212.8556125,34.49001649,0,830.0141782,0,20.30565832,201.3227844,8798.230089,0,39.84889273,0,0,0,588.4014592,0,0,213.2322472,0,0,0,0,94881.1034,9867.670972,0,0,39.37910052,6.226226855,0,0,0,1711.209335,2334.481797,405.4807469,0,0,0,26.04044579,887.1026944,63.7199256,0,1847.231251,308.6189307,0,0,0,0,0,0,0,0,4.209892375,0,17.48175119,53.42162049,0,751.0713903,60.25028828,0,0,0,60.43754017,0,0,59053.40715,50.37902885,346.1236144,0,0,0,80.59014353,0,0,0,30.46143864,0,0,0,0,0,265.6716015,237.2083135,4313.034963,0,1078.558844,0,27.7236224,0,964.8791739,17367.49224,0,2.884126656,23.91770865,0,0,0,40.64363441,11.9804125,0,14471.58154,0,0,0,0,0,31.01282432,102.8370371,0,0,0,7225.648479,29.89078351,13.7577983,11.03894398,1.600026447,2.084744755,0,297.7361241,3.060233119,5078.698598,1456.464662,1201.918976,10.51512729,0,0,89.30793253,0,176.2210881,120.7205553,0,58.14993807,0,724.6927114,23.32014688,0,0,0,0,198.0155027,84.29093202,0,0,0,26.10645139,60.3099836,0,84.94987172,0,0,2970.048121,2414.082055,0,6129.334833,0,118.3667073,383.8189999,0,17.30900196,0,0,629.4560415,0,0,395.3511405,0,0,0,0,0,0,0,7.843668516,26.26173401,125.9190611,553.6337468,11.736061,4.700702054,88.09319861,110.0310432,42.11364678,1704.727391,0,184.2885987,128.831848,168.9144941,0,442.474602,28.26734377,54.58537076,0,165.5478466,127.5266927,75.96202851,21.23010314,854.8457406,0,555.3165421,0,0,0,0,0,31.7544138,0,0,124.1440239,0,0,0,5.177280246,0,8.981061364,0,0,55.82529322,5.367033449,0,0,0,0,0,0,0,0,871.9765567,201.8970533,57.09763539,0,0,0,86.30846778,4620.363558,0,2179.425021,103.6819658,0,0,0,0,0,0,131.9882673,23.33954456,882.978802,0,0,80.94868596,1116.940724,2560.437688,31.09653399,41841.46255,0,0,0,0,0,4176.253918,0,5.859348892,7.308755159,0,0,0,0,0,0,0,227.338737,3.633666748,54.14633709,630.9394894,24.95796895,45.23594878,0,570.3240444,1190.23122,0,0,224.0870334,0,4.424476728,0,123.9926262,0,815.7581927,0,0,0,3446.73603,52.77397278,0,0,0,0,0,1637.514907,0,396.9565772,233.1132844,373.4722852,0,0,409.6621062,0,0,0,9.978056476,4.201953756,0,0,0,77.94630326,0,851.641542,462.8698449,0,0,0,172.2347766,239.849545,0,0,0,1825.116454,0,0,0,4272.825949,0,0,0,0,0,15.31122944,307.5653923,0,43.64744221,0,0,37.11950839,0,0,0,0,13.90434854,0,2.308076299,185.230041,2494.724344,0,0,0,0,110.0352065,0,0,0,0,0,0,1454.274789,0,890.0154704,0,0,0,0,0,0,0,0,0,0,0,45.07486871,0,0,262.5164008,31.59434495,0,203.5233832,0,0,0,0,0,0,0,0,4406.07052,7.716524601,34.74159151,0,0,2617.902806,0,251.2240831,0,0,261.8206968,91.49006906,0,0,0,0,0,0,44.2504153,0,11.53731984,20277.6943,0,310.0649156,18.94301126,0,168.058033,0,12.2977796,9.32902419,183.0968254,29.1649482,118.1609144,0,0,0,0,28.13168391,0,63.59841635
"9","10046",32.26779491,0,9.963162305,37.39376881,0,0,0,24.85862718,43.85903577,0,0,30.03998014,0,2212.407659,385.7227789,0,0,0,38.79858844,0,0,0,201.1546337,0,0,1170.313134,0,27.26483709,592.1276262,6829.982553,0,64.35321316,0,0,0,193.1998962,0,0,0,0,0,0,0,17294.11037,664.8795459,0,0,18.22040487,0,0,0,0,3850.90398,166.7348799,186.155619,0,0,0,38.14270241,622.1746977,92.59012169,0,173.4042224,84.57008491,0,0,0,0,0,0,0,0,0,0,6.825083564,3.987410458,0,3397.930462,0,0,0,0,72.30055966,0,0,62811.45576,32.73493009,186.5804449,0,0,0,78.53086335,0,0,0,9.812932139,0,0,0,0,0,296.6398662,0,68.19336998,0,433.2234817,0,0,0,558.2872079,29440.9026,0,0,9.31054516,0,0,0,0,0,0,1372.365678,0,0,0,0,0,0,60.8278678,0,0,0,12910.87763,0,0,76.26071443,11.07867011,0,0,173.5642338,0,0,407.0847136,13.44171069,0,0,0,35.04090058,0,38.0550777,60.19829925,0,13.33760186,0,260.9780139,0,0,0,95.99126889,3.469718438,0,131.6444496,0,0,0,12.95746833,79.77846763,0,12.9036923,0,0,2538.306947,803.8685516,0,3366.210623,0,169.8635481,0,0,0,0,0,164.0411721,0,0,81.00293253,0,0,0,0,0,0,0,19.20742634,0.847175731,4.90479835,56.83110918,0,0,19.48077701,0,17.49351466,5027.542663,0,77.95220091,97.02529642,61.88248469,0,1027.181615,21.93373589,0,0,0,69.0952569,55.10472203,0,35.11879641,0,779.4342529,0,0,0,0,0,30.54707818,0,0,22.65583426,237.208763,0,0,11.4022204,0,9.636613466,0,0,34.38513657,3.054024575,0,0,0,0,0,0,0,0,353.0239469,0,44.16207527,0,64.40795693,0,78.27642358,4588.89204,0,893.4766398,0,0,0,0,0,0,0,57.56816233,0,0,0,142.3839547,211.8978295,827.0484383,2184.649255,6.284246912,22676.88772,0,0,0,0,0,440.2136407,0,8.818494097,18.62271497,5.935674077,0,0,0,0,0,0,80.09610428,0,30.45371484,351.8754413,5.144779246,46.64378667,0,466.9596606,1017.213207,0,214.3872187,275.0226663,0,0,0,217.5811868,0,7074.100395,0,0,0,525.2663833,0,0,0,0,10.70637675,15.56980593,493.8418538,0,0,0,97.58196164,0,0,936.9135836,0,0,0,0,0,0,0,0,151.0800667,0,535.4404899,9.880177404,0,0,0,57.69720206,183.6514908,0,0,168.1343512,1325.333919,0,18.46984543,0,2140.439142,0,0,0,0,0,0,0,0,0,0,0,9.207164101,0,0,0,0,0,0,386.7023504,0,329.8589488,0,0,0,0,0,0,0,0,0,0,0,481.4126098,0,0,0,0,32.62624758,0,0,0,0,0,26.40956944,0,0,0,0,0,17.83756993,0,0,0,0,0,0,0,0,0,0,0,3460.393073,0,37.7391878,0,0,386.32334,0,4.94360857,0,0,0,0,0,0,0,0,0,0,19.84560729,0,0,3553.904581,0,76.70657978,20.06053493,0,0,0,5.951017146,0,0,17.52140937,183.8977399,24.34792612,0,0,0,6.025988879,0,25.88505939
"10","10048",36.80619315,0,7.035093965,36.27241871,0,0,0,19.90475098,0,0,0,47.43742173,0,1310.612598,228.8489995,0,0,0,41.21310522,0,21.35579227,0,105.0012555,23.3000016,0,540.3794791,0,14.08409345,216.6912939,4992.338178,0,30.80732382,0,0,0,120.3691227,0,0,109.5944738,0,0,0,0,33048.85331,237.4145444,0,0,227.8020736,3.504300029,8.414147494,0,0,1647.237002,2136.50693,345.0380731,0,0,0,69.32931512,318.9210696,37.1084603,0,1091.656028,2426.838485,0,0,0,0,0,74.73798646,0,0,0,3.090375626,11.78501071,5.762355717,0,1606.314591,0,0,0,0,81.50241175,0,0,52365.57925,72.29668909,129.8030561,0,0,0,64.46791838,0,0,0,0,0,0,0,0,0,0,206.2743393,125.227341,0,1103.293567,0,8.463506688,0,477.3346435,11023.45314,0,0,17.41204999,0,0,0,83.73202786,0,0,1031.718124,0,0,0,0,0,0,28.17937504,0,0,0,4672.368297,164.766476,22.24220172,0,1.611930058,0,0,157.3301332,0,961.4049515,212.5774873,9.417427163,0,0,0,60.27745687,0,46.34967296,106.5787591,0,7.265216419,0,86.54810062,10.40155867,0,0,0,0,0,64.31860716,297.5189297,0,0,14.14339988,272.9632229,0,46.87044253,0,0,2984.458621,155.3745881,0,1432.638987,0,94.83567484,256.8545623,0,38.17894042,0,0,88.99717492,0,0,29.09419824,0,0,0,0,0,0,0,20.13949308,12.00059521,25.6058831,123.5112565,5.444006281,3.439630588,719.0296422,0,15.6061773,951.7766367,0,128.2835437,78.73177175,0,0,302.327551,6.25292259,0,0,0,61.16542304,40.73208544,0,808.658599,4.479186019,475.8053535,0,16.81685592,0,0,0,15.00610363,0,0,101.8451319,75.95524353,0,0,5.02292179,0,0,0,0,82.19261107,52.94336464,0,0,0,123.1036455,0,0,0,6.948081227,269.8227895,0,38.98276751,0,0,0,121.8318066,2546.61666,0,141.4136764,0,0,0,0,0,0,0,0,0,0,0,147.0309001,72.31635398,1420.158394,737.4666429,174.458899,18047.8771,0,0,0,4.432972905,6.81099159,5531.771534,9.701464175,6.213139121,0,0,0,0,0,0,0,0,0,0,28.99595752,189.3905668,39.49699545,28.64667958,0,374.1685984,1196.006152,0,0,0,0,1.503925749,0,198.0876357,0,48792.70377,0,0,0,5045.017201,397.5705499,0,0,0,9.734731132,0,493.2516638,0,302.3239919,173.5693696,139.9020586,0,0,304.4786845,0,0,0,20.6835419,77.82341802,0,0,0,51.21373437,0,135.9764272,16.45397643,0,0,0,93.55345245,143.024562,0,0,270.7591544,23873.52029,311.6653492,0,0,610.549703,0,0,0,0,0,0,0,0,0,0,3.15635261,0,31.19597921,0,0,0,0,0,90.16624708,0,200.9104138,0,0,0,0,0,0,0,5.219672086,0,0,0,0,0,487.2631148,0,0,0,0,0,0,0,0,0,0,0,0,0,0,16.15166562,6.402966758,0,64.6014311,0,0,0,0,234.4624464,0,0,0,1542.459453,9.758724149,508.1480201,0,0,437.8956591,0,6.721872433,0,0,0,0,0,0,0,0,0,0,38.75650109,0,10.76680528,7612.905012,0,287.1185187,898.6948797,0,0,0,0,2.046337409,0,12.67354167,106.8583184,0,364.8763,0,0,0,0,60.75599892
"11","10052",144.666092,1.164667421,21.05994567,36.94314283,0,0,345.6631413,15.01266822,50.75413671,0,0,22.23644567,0,4932.53296,605.6541073,0,0,0,96.01342872,0,26.14892108,0,174.4074339,0,0,1436.211501,0,15.6184266,689.3026828,7970.116832,0,49.79846244,0,0,0,268.9300988,0,0,26.50508633,143.6002142,3.757391388,0,0,51681.46065,8312.733458,0,0,51.50843774,6.703410119,0,0,0,4305.523232,173.0635208,391.6131867,0,0,0,0,277.9530572,77.95336266,0,996.8283614,271.1642118,0,0,0,0,0,0,0,0,0,0,0,7.107073603,0,1986.405018,0,0,0,0,73.77811515,0,0,100505.9703,18.19571686,101.4496968,0,4.099907618,0,89.70406707,0,0,0,0,0,0,48.85018742,0,0,583.6581865,0,158.940516,0,1210.241569,0,0,0,1514.683251,18544.21958,0,0,0,0,0,0,0,0,0,1647.042392,0,0,0,0,0,0,79.88418639,34.8350288,0,0,7151.311204,0,0,26.21145236,22.72333621,0,0,599.7976587,2.637290261,1474.381964,570.9903995,574.7810581,10.3144766,0,0,97.96513237,0,73.76861143,97.7432634,0,13.28811467,0,302.5845695,0,0,1041.616901,0,0,0,83.95514886,0,0,0,71.4546699,0,0,134.4809181,0,0,2638.232182,902.9367433,0,5505.771434,0,78.19229982,197.5775693,0,20.51773328,0,0,227.5314953,24635.41584,0,89.86425174,0,0,0,0,0,0,0,0,19.04067028,82.19786151,500.3362695,0,2.19624377,157.9009581,19.19678521,24.55921913,1438.215862,0,149.4169541,82.29841592,189.5320363,0,350.7872117,12.63639193,0,0,29.11704563,107.7963343,69.09885101,0,488.6337809,0,869.3172252,0,0,0,0,0,23.41006346,0,0,39.24771626,176.5189356,0,0,14.88843263,0,8.581781665,0,0,38.45207575,4.016438998,0,0,0,42.38895562,0,0,0,0,530.8046039,0,147.931617,0,0,0,0,8660.73995,0,1547.304723,0,20.64008128,0,0,0,0,0,192.5431148,21.27793809,0,0,202.9248573,207.0550026,1119.167534,1229.57051,84.23703727,37269.48382,0,0,0,0,6.189505371,2126.602262,0,0,16.89303109,0,0,184.6913553,0,0,0,0,0,0,111.1992342,69.69620717,9.425404362,34.62477015,0,648.8360566,1057.257721,14.08940893,573.8481528,0,0,0,0,142.628171,0,2204.529035,3.058255677,0,0,4043.927185,0,0,0,0,7.921365096,0,1682.357574,0,0,0,385.5714502,0,0,535.7194638,0,0,0,18.36138558,0,0,0,0,128.0218337,0,450.2895748,5405.930829,47.70617813,95.99933447,0,194.6454607,213.2654494,0,0,0,1038.46528,0,0,0,1528.808213,0,0,0,0,0,10.06587055,0,0,1.898514596,0,0,210.918071,0,0,0,0,10.67991601,0,566.1331892,0,763.9395588,0,0,0,0,104.6488586,0,0,0,0,0,0,0,0,0,0,0,0,0,0,0,0,0,0,0,0,0,0,0,62.00815494,11.98927179,0,51.93707283,0,0,0,0,3393.979604,0,0,0,5353.015914,0,27.99229396,0,0,1117.714992,0,231.5179609,0,0,0,73.75833647,0,0,0,0,0,0,45.20296951,0,50.56614252,12367.96727,0,275.109911,34.91427834,0,88.15708866,0,13.79272997,0,64.80375051,43.33920954,81.83220843,0,0,0,0,0,0,74.98153148
"12","10058",0,0.739714123,13.27317913,360.39422,0,0,271.639127,127.734755,0,0,0,37.75630806,0,12100.53127,186.2461792,0,0,0,40.26611249,0,65.25225232,0,42.82194269,0,0,588.9238782,0,49.57384446,0,3997.795882,0,51.33052446,0,0,0,366.3205446,0,0,352.093814,0,0,0,0,57497.74995,18011.94303,0,163.3630077,246.4749974,0,0,0,0,0,19259.07817,1164.276043,0,313.6292151,0,55.07633172,1353.308892,0,0,5949.33387,2379.895291,0,0,0,0,0,48.35145107,42.4214128,0,0,12.78779324,54.86835053,74.89557466,0,512.8955752,0,0,0,0,66.86023361,0,0,48691.8898,76.3507602,0,0,0,0,48.2093235,0,7.661471361,0,0,0,0,0,0,0,0,0,258.4179196,0,880.988722,0,0,0,1137.090531,13610.89734,236.9392902,0,53.56620267,0,869.459848,10.96097642,1227.824341,30.28693892,0,6730.011221,0,0,183.0191221,379.0786775,0,0,119.3270561,0,0,0,0,107.8008204,5.348625821,25.46720743,46.82148858,0,0,324.4546202,2.918793953,0,2447.249377,0,0,8.437434017,0,87.65074646,0,0,99.26583969,0,11.06794567,0,4036.39054,42.89841902,0,0,0,0,0,140.1628499,0,0,120.5132731,0,0,0,150.4671587,94.37736625,0,16383.06128,9236.686861,0,5520.031166,9.001081904,298.6551756,0,0,0,0,0,66.69290952,3.379546198,0,170.9759283,651.4076549,0,0,0,0,0,0,19.07143607,7.206180647,40.37111949,18.33481336,0,0,80.00018291,0,14.40636398,1436.837553,0,1122.959146,13.72712475,26.12640828,0,434.6128297,11.12059073,0,0,0,194.0536013,49.783326,0,2054.472668,0,365.9533909,0,23.8991166,0,0,0,20.81123631,0,0,241.1169587,0,269.5735264,0,9.654308558,0,0,0,0,22.32609168,71.42770202,0,0,1647.900301,32.11942226,99.52895657,0,0,0,1672.266899,0,29.89839074,0,66.48923757,0,0,6363.229785,0,8593.475279,79.48952146,0,0,0,0,0,0,17.29698685,13.26787283,0,5846.102432,70.03418838,66.25697324,1143.201856,1609.184419,57.70352054,200801.3098,0,0,1.533762704,2.586978602,0,14304.6744,9.523875028,0,0,5.075176457,0,432.1846891,65.71566645,0,0,0,142.4883443,0,30.07807729,395.5256681,30.04292654,0,0,985.9714403,0,0,0,0,0,2.726383102,0,847.8750124,0,5509.869101,0,0,0,1769.969126,845.821679,0,0,0,0,0,646.9880572,0,1441.355851,211.0242782,268.0118948,0,0,541.3194986,0,0,0,15.00173547,5.117256124,200.2709171,0,0,178.8976328,0,774.5777139,0,0,0,0,80.18907643,89.93055047,0,0,0,5191.585596,463.076056,19.19753198,0,15395.62692,0,15.94997073,27.63437533,0,0,0,0,0,0,0,0,77.30426385,0,0,0,0,0,0,599.8075604,115.7710306,3639.492668,0,0,0,6.916868346,0,0,0,0,0,243.3520536,576.2898489,527.2307155,67.73859729,412.365696,146.1915483,0,52.71295422,0,0,0,0,0,29.71659137,0,0,0,3542.349188,0,110.3064465,43.33349843,0,128.1505006,0,416.5246492,0,0,407.049204,0,0,0,13481.52563,28.7022837,139.7803103,138.3664249,183.1691898,915.3373104,0,249.2945907,0,0,420.9014751,4010.766271,0,0,0,0,0,0,4.214643798,0,10.2662973,42639.92461,5.865198587,170.2498911,39.83527872,0,48.18679174,0,0,6.165845033,99.47083468,12.25363262,94.44508879,10.20875045,0,0,0,0,0,105.1660408
"13","10059",0,0.695735569,25.16523352,238.4009278,0,0,435.3541418,269.6729334,0,0,0,26.13618071,0,11078.54725,189.5990648,0,0,0,84.49108318,0,44.59605167,0,206.9961596,30.53951793,0,1072.729128,0,71.4970974,274.0329115,4931.785903,0,108.6556455,0,0,0,108.6905071,0,188.4103676,521.4768936,172.3830423,0,0,0,80844.9319,3635.069358,0,228.3508407,456.2929921,0,0,0,0,0,1699.076812,1177.331946,0,2869.256159,27.06098202,330.0242626,609.4654733,73.84504012,0,4872.595269,29013.97532,0,0,0,0,38.63723633,0,148.80443,0,10.24807971,195.2673786,0,10.45870843,0,888.3705157,0,0,0,0,109.5913821,0,0,103931.8913,24.69377417,383.7773707,3.267551122,0,0,84.99534177,0,7.206057992,0,62.11306775,0,431.6871199,0,0,85.85804094,0,80.9799588,85.18088662,56.62589956,1302.972078,0,0,0,3655.709511,13645.39207,3706.459819,6.095381288,157.8408436,0,4051.540464,44.49805771,5088.828611,38.39173736,0,6826.047888,0,795.9368287,113.5366662,2090.072627,1357.482277,0,177.4063406,0,0,0,0,536.985562,250.8141477,0,106.1590546,0,0,476.5636944,0,2098.988113,1947.479479,6.920373664,0,0,0,54.9483521,288.308816,111.4916115,160.5993184,0,154.6279275,127.0156165,841.0567848,42.34970141,0,0,0,0,0,192.2833875,943.4282413,2.941492894,23.69376238,0,0,0,65.34117909,22.87885267,25.61424244,14772.58155,5317.579641,0,4243.284102,1.883138183,509.0238182,305.9007115,0,0,10.53839683,0,445.0464761,10355.24518,0,130.6824367,588.4706124,0,0,0,259.434249,0,0,393.3654178,107.7621096,21.92405702,22.34387481,0,0,210.3796428,0,23.03485121,1602.788543,0,1410.673247,270.0325648,568.7637579,0,548.4958403,38.4845601,0,0,0,878.4115428,60.80176198,0,413.6315712,42.43437676,326.9495161,0,0,0,0,0,77.60849017,0,0,778.8382715,0,0,0,7.58901747,0,0,0,0,31.1986958,139.0661116,0,0,0,175.2750937,0,48.85553552,167.1788603,13.94042839,821.8709014,376.5108427,34.50341793,5.956450613,59.76556796,0,0,11750.86389,66.7152311,2625.501376,1313.551688,0,0,14.09805172,89.70131162,0,0,147.5766015,9.76190547,0,2330.902088,593.8258231,70.56720631,608.9835875,1224.792237,79.39791537,92822.06063,0,0,0,3.364585471,5.737172408,2339.823108,0,0,0,0,0,17174.06539,91.11172148,75.0657612,0,238.3678199,57.96297333,9.434434782,40.94365853,415.8997461,299.8370653,0,0,2481.448348,0,0,453.5859507,468.1634372,0,0,0,287.0784306,0,5586.130626,0,0,0,2813.822781,210.9593416,0,0,0,0,0,1261.494882,0,8343.392253,0,1148.92134,133.4206748,347.9924623,505.61732,0,0,0,80.70811864,1248.358247,46.8971734,0,0,409.9940012,0,1075.226542,10.711827,0,0,0,87.03612988,225.6751425,0,138.3239017,12715.10599,120400.0605,2166.752308,90.49642866,0,7265.427127,429.8229263,0,53.59519494,0,0,0,0,0,1.88642655,0,173.0616893,12.76453224,161.1155622,0,0,299.148455,0,0,11351.85812,158.175165,1540.718453,0,0,0,15.61917717,213.9301815,26.35022792,0,0,0,63.41940308,302.6443425,1465.00422,371.9851724,37.54007922,815.2000198,0,49.28146493,0,0,0,0,0,86.6657787,0,0,0,1163.699196,22.84752416,303.017771,0,0,367.4919487,0,1600.468419,0,0,0,909.8364773,0,0,8347.410286,0,662.7145463,544.3468,98.36886942,2259.899064,0,13.72954737,0,0,195.0416154,1329.109311,0,0,0,57.99686758,0,0,58.93660893,0,71.80905426,13686.56159,0,155.6378494,23.0360409,0,121.8080638,7.779620468,0,0,36.78103478,43.81717428,856.9329944,0,0,0,0,26.11155079,0,156.214421
"14","10060",0,2.862523337,0,54.44158953,0,0,0,18.55968652,0,0,0,28.28234188,0,9872.654217,587.167408,0,0,0,38.87230461,0,23.78903293,0,0,0,0,1092.775632,0,37.20951553,360.0468834,9101.455592,0,60.85257158,0,0,0,521.0157056,0,0,246.9622818,0,0,0,0,68304.71679,306.4031612,0,0,115.8399836,0,0,0,0,508.1216528,5272.802538,1169.057372,0,0,47.44190997,916.7251524,440.120845,0,0,2679.255723,680.5731861,0,0,0,0,0,0,0,0,0,9.899204839,0,46.12671818,0,1064.577835,0,0,0,0,66.0654356,0,0,55770.73905,0,105.8269055,0,0,0,60.47485511,0,0,0,0,0,0,0,0,0,0,400.8243574,283.0356871,0,755.6453706,0,22.33519825,0,835.6513715,7851.344558,0,37.66495743,54.51131181,0,0,0,194.1668965,0,0,19872.10665,0,0,71.11256855,0,0,0,58.36135871,0,0,0,2831.704977,80.51717678,17.46651882,171.4242408,10.39560634,0,0,0,0,1247.880313,1157.99617,83.3597002,33.66582831,0,0,177.7455405,0,1090.090561,149.8554659,0,7.698666185,0,1286.148162,14.02545546,0,888.3416167,0,53.88814265,0,33.29502405,1251.242993,0,0,0,31779.5297,0,182.7248226,0,0,147605.1235,3238.526991,0,7537.381008,0,1405.626836,2131.882888,0,9.859027975,0,0,620.5376717,79.82497796,0,384.8981494,0,0,0,0,0,0,0,12.82070494,47.83668998,64.69726254,901.8148141,0,6.893699323,1151.123097,0,43.72692923,0,0,295.1201602,0,0,0,143.1792326,49.19002574,0,0,0,53.9601549,47.0249715,0,293.9064841,0,320.2428822,0,8.707891415,0,0,0,34.92075137,0,0,54.83223145,51.10345909,0,0,7.366292197,0,12.42789886,0,0,633.0807961,19.54434861,0,0,0,0,3334.54271,0,0,52.61041522,289.7897017,0,83.43316455,0,0,0,0,2018.895188,0,1851.441339,695.2864741,0,0,0,0,0,0,28.59534559,0,0,0,0,114.1891953,940.9387717,6083.570627,71.27575538,26726.93731,0,0,0,0,0,1922.383545,9.410731979,9.230446606,7.036832236,7.091358552,0,0,0,0,0,0,80.76521889,0,34.12034273,1608.361,36.98484525,0,0,331.8175276,58480.9645,0,642.4880968,0,0,0,0,119.7471773,0,94496.01254,4.465655621,0,0,2302.020346,106.3674826,0,0,0,0,0,2688.043234,0,672.8071214,0,600.0957398,0,0,262.2876359,0,0,0,16.56390409,13.94430076,0,0,0,590.3980877,0,732.5050328,8.750909476,0,79.93545804,0,151.5090292,185.2295858,0,0,0,2508.006052,0,13.20149374,0,5030.687322,0,0,0,0,0,73.70187789,0,0,15.09288878,0,3.6484689,8.366920008,9.741888509,0,0,0,0,0,170.7850694,177.316114,1150.050015,0,0,0,0,0,0,0,0,0,0,0,1463.951725,0,3202.598987,473.1221531,0,0,0,0,0,0,0,0,0,0,397.2124398,0,41.96336589,121.0948829,31.16048223,0,1552.328377,0,1370.064768,0,0,554.2178586,0,0,0,1715.427919,0,17.1585375,0,421.8321595,0,0,26.16051038,0,0,1436.807694,163.0052649,4.580973471,0,0,0,0,0,26.97699426,0,22.23173186,8720.116759,0,164.9282238,663.4042309,0,724.3594,0,0,0,62.68171598,8.681946446,91.18231827,0,0,0,0,0,0,47.50197233
"15","10080",0,2.203709036,12.12621591,20.62866427,0,0,0,39.11478563,0,0,0,248.6085143,206.4287826,13589.94811,267.3641439,0,0,0,183.3915678,0,25.00745038,0,0,0,0,1625.91352,0,20.39277561,590.0963319,6100.746206,0,33.24707397,0,0,0,94.74993812,0,0,286.1712122,0,0,0,0,5227.300316,2035.033204,0,140.4194329,1547.613379,28.68996754,0,0,0,0,6223.237563,1550.63791,0,0,0,105.9157376,983.5356958,0,0,2134.029196,2087.814524,0,0,0,0,0,0,0,0,0,263.5990409,0,35.02099446,0,378.6516407,0,0,0,0,104.3137656,0,0,101277.9493,0,0,4.627629473,0,0,0,0,0,0,0,0,0,0,0,0,0,0,4181.45173,228.8501406,1542.02979,74.56093547,0,0,2280.359743,15858.10104,0,35.16515886,95.94192641,0,1479.966113,29.57797665,196.2501845,0,0,37735.58689,0,0,0,1436.22401,0,72.19440636,193.0025355,0,0,0,0,0,20.69476951,30.84311945,0,0,0,0,0,0,3113.362021,38.67238292,16.64149035,0,0,81.69787392,0,745.0143029,135.169669,0,14.83934474,0,3756.847593,0,0,1147.06468,0,21.06132377,0,0,105.7154087,0,0,0,3129.877129,0,21.36803927,59.53616947,0,130996.7522,8158.840863,0,5058.947089,0,188.7150379,156.8710276,0,0,0,0,1921.176732,40.1803728,0,128.3368061,0,0,0,0,0,29.60190028,0,10.72400477,6.14559774,24.07508852,136.2603437,0,0,531.0486855,559.8248166,7.676839733,2255.170014,0,1205.775811,0,0,0,321.1269741,38.01562217,0,0,0,5370.488099,79.72386894,0,120.8394935,37.81852887,90.98245608,0,0,0,0,0,30.35120417,0,0,96.11715136,12.83297533,0,0,0,0,0,0,12.45268591,411.5079805,744.0836978,46.63514267,0,0,155.9035841,0,0,0,34.25404584,2192.515012,0,57.0841631,0,0,0,0,0,0,5038.68585,112.6839633,68.50537104,0,0,0,23.94829422,0,0,0,0,0,0,39.76245429,0,4941.107636,8.909908388,2758.080596,0,0,0,0,0,619.2702419,0,3.320236594,0,8.52531128,0,1265.606075,70.40012287,0,0,0,79.56154009,0,7.106866424,67.8899557,21.43213665,0,0,3527.964771,0,0,0,0,0,0,0,5.829023315,0,18895.37925,0,0,0,2946.746494,183.306752,0,0,0.860821521,8965.360367,0,7018.31742,0,570.5169483,233.8197701,1171.85105,0,337.3919873,530.1191144,0,0,0,4.932241444,0,0,0,0,2971.043428,159.7910082,3316.100532,0,0,101.3507734,0,66.65339947,0,0,0,2420.858367,1156.014894,0,20.07861962,0,10200.0276,782.1788404,0,0,0,0,0,0,0,26.04893447,0,0,0,0,0,0,0,0,0,3.294989046,0,721.9695182,0,0,0,0,0,47.67812998,0,0,0,583.2975008,0,958.0956616,481.2673396,56.68669131,1353.787931,0,0,0,0,0,0,0,0,0,0,0,0,0,27.72096156,17.33267773,0,85.64071809,0,742.8233975,0,0,0,0,0,0,0,0,21.07172584,0,706.4213069,0,0,5.461400299,0,0,250.9222927,0,0,0,1.50368379,0,0,0,17.65444852,0,7.541504417,15643.35651,0,0,186.1107409,0,550.4182177,0,0,0,41.66760728,2.080982983,3413.023153,0,0,0,0,47.70017301,0,60.99708085
"16","10092",0,0,49.69490694,35.89763108,0,0,542.3831796,327.0735211,0,0,0,20.06311686,34.23998211,15159.10864,80.92607464,0,0,0,322.9761966,0,32.98376612,0,0,0,5.790451866,6766.527746,0,136.6927808,178.6989563,1705.320142,0,141.4869857,0,0,0,161.0692436,0,344.3963594,3128.896446,0,0,0,0,45957.01845,205.6867872,0,0,4704.762677,29.77496311,0,0,0,0,9736.296121,2315.80237,0,1374.75804,0,650.3759294,692.7717617,0,0,2919.454724,27431.23259,0,0,0,0,71.19029442,0,295.7411134,0,14.49629668,497.7757572,0,2.455020575,0,1284.773993,0,0,0,0,192.4089071,0,0,33853.25419,0,0,0,0,0,0,0,10.59503647,0,11.37340216,0,34.67486146,0,744.8263347,0,0,109.8498276,67.34252078,0,417.511504,59.36500589,49.16094112,0,7187.859879,12289.40115,3278.969775,0,82.7185222,0,6248.779953,118.5084115,2219.570859,0,0,33048.4583,0,329.7823455,0,2618.778795,2652.646325,66.21741379,312.3831685,0,0,0,0,1752.316509,290.4491869,47.92843259,23.6172474,0,0,0,0,1987.112478,8182.026109,1.615573028,0,19.39938369,0,68.08548611,339.487526,198.9798751,86.06997113,21.77809086,298.2041124,0,2555.725498,65.5499078,0,0,0,220.9830963,0,77.72919032,1692.592219,0,0,0,2949.435331,0,107.0230061,0,26.52694268,7877.957097,8139.909184,0,18061.11475,0,920.4477774,152.3429864,0,0,0,24.61242919,3002.415584,2.281803245,0,421.1880504,0,21.16140416,0,0,168.8630153,0,0,893.2319482,4.256906622,8.729435199,148.4295215,2.397176947,0,222.3722498,8.320640584,40.05821399,958.9600819,232.4638979,323.38006,87.22479281,245.5696243,58.00935695,307.5492893,71.3218579,140.3170276,0,0,676.4566273,69.66739539,0,185.2944437,69.4572645,140.7274765,0,0,0,0,0,141.6186946,0,0,14.04860615,28.24374667,0,0,10.50868871,0,0,0,0,6.41662979,1888.892335,0,0,0,690.756713,0,0,254.5694391,22.08481723,2756.49814,0,15.49541513,0,272.4130225,0,0,3117.473986,0,6532.629689,50.83905544,14.69193455,0,0,88.80587788,0,0,0,0,0,1554.319595,336.5991148,64.29446444,0,6366.192388,911.4958186,46342.06397,0,0,0,0,0,949.7858025,0,0,0,0,0,690.1471658,111.3311688,0,0,149.1051898,71.58176131,0,32.94516053,474.1521765,343.90231,64.16578176,0,1468.935678,0,0,0,0,0,2.361948331,0,312.1929536,0,18106.85798,0,0,0,9169.252063,2650.223977,0,0,0,7.28412775,0,2110.864997,0,7598.096056,0,429.1906846,0,279.9143581,597.0210667,0,0,0,152.8885786,1037.081092,0,0,0,1622.330346,7.742016418,3364.508654,73.69564592,0,0,0,0,60.60662327,0,400.9395937,33307.24153,183103.3799,3004.820458,147.7741707,0,9050.952001,999.2021477,0,28.94102641,0,0,0,0,0,0,0,131.8836028,14.49153607,688.5335716,0,1.672733842,292.2187926,0,0,578.2025251,0,3786.147804,0,0,0,0,0,0,0,0,0,0,418.3244129,554.0483281,871.9974433,0,2160.298842,0,22.25717793,0,0,1216.539827,0,0,0,0,0,0,0,0,557.4451202,14.00558255,0,543.8855282,69.98826285,2506.888862,17.58698807,0,171.1150137,1110.375712,0,0,5136.978646,0,1907.173571,822.2120042,156.2645234,902.1002305,0,5.411693947,0,0,338.919749,800.2171812,0,523.5115806,0,0,0,0,70.82068895,0,36.3330242,7469.344342,0,0,53.9520439,5.865461406,41.30148805,0,0,0,92.34897136,40.40542454,1036.145345,25.71658099,0,0,0,45.45443533,0,162.1906544
"17","10099",0,1.460875525,15.52199769,32.59513107,0,0,1226.759072,8.236689113,0,0,28.36380447,22.07741914,0,1486.659037,167.4215441,0,0,0,58.69332416,0,8.920463438,0,126.3252317,0,0,904.2292189,0,27.55738785,226.4410601,4463.883434,0,628.2563115,0,0,0,82.94218151,0,0,24.85564244,441.8067309,0,0,0,28222.11204,424.3207776,0,0,41.65480078,0,0,0,0,0,205.3414844,235.0005767,0,0,166.80246,97.96458201,304.3882367,43.03607217,0,45.93806615,152.343348,0,0,0,0,0,0,0,0,0,0,11.61974659,0,0,1535.034697,0,0,0,0,84.31490225,0,0,51394.11963,244.4945969,72.34236732,0,0,0,66.69650162,0,0,0,0,0,0,0,168.5905017,0,0,71.42477242,58.26897862,0,325.0244206,71.54765383,24.63177308,0,548.8414187,24456.02776,0,0,0,0,0,0,17808.74784,0,0,1104.823622,0,219.0403074,0,0,0,0,70.07671129,0,0,0,0,0,0,37.14600381,6.935243687,0,0,0,0,0,264.8396936,6.480409567,0,0,0,19.4986168,0,21.12734772,83.37919337,0,0,0,107.0987778,0,0,972.9037116,0,0,0,35.30965608,0,0,0,0,0,0,11.16927008,0,0,1726.372584,412.5608891,0,3039.566506,0,134.3543093,136.5024774,0,0,0,0,55.74064684,0,0,88.49133397,318.8757875,0,0,0,0,0,0,28.54570042,1.775784575,9.571956326,52.56091154,0,0,13.95261076,0,7.79275679,2313.473379,0,289.5829365,78.5319825,93.36055372,0,825.725304,19.19173843,0,0,0,94.35941237,41.39381797,0,22.71343573,0,338.6155302,0,3.59799009,0,0,0,41.75247307,0,0,27.70595988,0,0,0,6.504806164,0,19.61564555,0,19.47807766,130.8732722,10.20923115,0,0,0,45.27254899,0,0,63.85490278,0,162.4939456,0,119.2381046,7.772075259,0,0,0,5587.11605,0,249.2456785,46.29735674,0,0,2.786880111,0,0,0,0,51.93381075,0,0,786.0983616,32.04226463,0,1011.005326,15.58439599,45549.16335,0,0,1.960914973,0,0,148.5972618,0,2.238195646,15.62578515,17.84825717,0,634.5090914,122.2858944,0,0,0,29.39712528,0,31.33681157,83.26489812,6.762808915,91.67146141,36.68490704,436.0136933,0,0,196.0083284,0,0,0,0,262.0710121,0,7833.719406,0,0,0,209.6113538,0,124.0440101,0,0,0,0,268.7286477,0,695.5930834,495.6496874,58.16259917,0,0,924.955615,0,0,0,14.67220591,4.520292651,0,0,1.899864506,89.29602973,1.18551008,190.0674189,23.60316151,0,0,0,47.28285299,136.500986,0,0,0,5321.290088,0,12.26345049,0,614.8114432,0,0,0,0,0,0,0,0,0,0,0,0,4.337250727,0,0,0,7.430252319,0,882.8416863,90.29974117,198.3863744,0,0,0,0,0,0,0,0,0,0,0,702.5511107,0,0,0,0,16.9361363,0,0,0,0,0,47.46430545,0,0,0,1907.987761,0,9.800570299,9.97815685,0,107.7994113,7.034333225,0,0,0,0,0,0,0,4921.391862,0,8.545114528,89.79886729,0,915.2904031,0,0,0,0,0,143.6830435,0,0,0,0,0,0,63.14451203,0,25.90792001,1339.021216,0,150.6828374,13.62236932,0,0,0,12.90156222,0,53.48778625,7.760841425,182.5400087,14.9298996,0,0,0,0,0,0
"18","10100",86.10752007,5.032361295,8.28506709,19.73468612,0,0,0,81.14419288,34.58782359,0,0,51.42515613,0,13464.69205,1120.188739,98.89386238,0,0,60.51906143,0,49.89084124,0,0,82.88558506,0,595.7771034,0,23.57653003,230.4830816,2710.658206,0,61.08966607,0,0,0,2291.448788,0,259.1905888,102.2639024,184.074482,0,0,0,66295.11543,6350.381474,0,0,90.64075,203.9595932,33.34825821,0,0,2068.033321,13701.17915,88.85867986,0,0,0,470.6549114,118.868331,0,0,7071.707516,1448.57519,0,0,0,0,0,0,0,0,0,0,0,3.983035033,0,1032.83495,0,0,0,0,99.32578374,0,0,69326.78555,55.43585382,114.2670605,0,31.57476299,0,0,0,0,0,0,0,0,0,0,0,0,0,1375.790473,0,354.4620036,0,95.40185836,0,682.7973948,9898.944649,0,0,0,0,0,0,0,0,0,2204.456686,0,0,0,0,0,28.86222452,34.19430898,0,0,0,3885.887831,0,5.356391492,18.31406745,0,0,0,0,10.69792944,779.8224832,2502.842692,244.6197585,13.16469994,27.63743221,0,202.5203695,0,216.7385372,143.8867552,363.9628366,0,0,436.4030234,19.63426962,0,0,0,0,0,10.05176188,604.5964244,0,0,16.43636277,0,0,266.19446,0,0,2928.080215,887.1828167,0,2620.096281,0,60.43646441,319.3873701,0,182.6894016,0,0,69.07867743,0,0,36.39003642,0,0,0,0,0,0,0,14.64128133,8.711115715,32.38926488,418.901789,0,2.171206347,65.66865826,0,34.39231328,616.7745195,0,143.3060168,0,112.1878351,0,114.3128852,71.30271996,0,0,108.0441103,0,88.62978577,0,407.1030209,28.04567469,517.0860993,0,11.409644,0,0,0,23.3193928,0,0,26.82892682,58.14982497,348.9856787,0,12.76102679,0,6.943930924,0,0,94.9846233,26.26428644,0,0,0,17.12528685,1030.715011,0,0,55.54757003,776.8812756,0,113.2515106,0,205.4048242,0,0,2317.785296,176.5708327,862.1813614,0,30.75191603,0,0,0,0,0,101.8328359,0,0,0,0,217.3763583,1903.859198,393.7440393,103.2876752,107050.2388,0,0,0,0,11.92038493,3508.226068,0,20.88499317,10.39840239,10.38668023,0,0,59.96322446,0,0,0,255.16939,0,54.97568269,549.8478268,30.7992799,0,8.196718706,321.709302,1169.820562,0,0,0,0,4.874679933,0,87.88626874,0,883.4182428,5.633769484,97.17716194,0,7968.20647,0,0,0,0,9871.600485,17.06435902,596.2146027,0,0,629.4887155,498.8965029,0,0,328.1157835,0,0,0,0,7.62868792,0,0,0,49.29526681,68.15137659,399.8406063,84.61668,0,64.51015945,0,174.7136217,0,0,0,0,4998.235589,0,0,0,2853.850497,0,0,3.00336584,0,0,24.17739489,0,0,18.89345924,0,0,32.27103886,6.131588643,0,0,0,0,0,7.902816902,0,2977.384577,0,0,0,0,0,0,0,0,0,0,0,920.8005878,0,1210.109948,0,0,74.11688363,0,0,0,0,0,0,0,0,0,0,0,235.2575235,22.59251566,0,0,0,0,0,0,0,0,0,0,2459.455589,0,88.87562985,0,0,0,0,73.0564942,0,0,2463.332005,136.306382,0,0,0,0,0,0,150.9247713,2.814595814,22.26109306,36153.57402,0,255.7229934,948.2000673,0,234.9085077,0,7.826056919,0,54.14195646,14.34097839,139.2000354,0,0,0,0,45.85339266,0,93.39246329
"19","10103",0,0,4.903096521,28.2666896,0,0,0,6.956605088,0,0,0,18.14223997,10.91236917,7535.73615,75.07027835,0,0,0,0,0,0,0,74.57795414,0,0,221.1860601,0,7.297740696,58.85130232,919.4101657,0,41.22771969,0,0,0,37.08897106,0,0,157.9779022,0,0,79.84035462,0,13741.03035,1592.655364,0,0,95.29401119,0,0,0,0,362.8509729,1680.172364,749.6671232,0,0,0,0,358.1803231,0,0,1204.666294,509.1477451,0,0,0,0,0,0,0,0,5.888719758,168.527672,8.388084015,0,0,650.0543501,59.06377325,0,0,0,66.37815913,0,0,42152.90475,19.28461688,220.3676808,0,0,0,43.69836692,0,0,0,0,0,0,0,214.2506043,0,0,0,21.35743455,0,325.423329,0,0,0,1597.530642,5310.709276,0,0,0,0,0,80.02337245,5233.213466,0,0,10290.26417,0,0,328.086601,0,0,91.97525856,241.9003136,0,0,0,2404.734686,25.31088452,6.313821134,9.838720568,0,0,0,0,0,0,1543.621814,0,0,0,0,24.76533019,0,0,95.90058046,0,0,0,1803.609307,11.57704725,0,0,0,0,0,18.84839059,0,0,0,0,895.5103574,0,23.82346955,0,0,12379.37683,6031.01069,0,6485.313996,0,110.9877436,115.0163012,0,0,0,0,747.0850699,0.888351911,0,142.2498791,0,0,0,0,0,0,0,10.87755593,1.400101603,4.814312428,8.084538792,1.779008642,0,8.287083484,0,1.335415615,0,0,269.4921728,97.12732143,303.1801161,0,75.2264041,4.479303446,0,0,0,66.969844,88.18888092,0,34.41507485,0,49.73849988,0,0.977033294,0,0,0,5.679359449,0,0,0,0,0,0,0,0,0,0,0,17.43441781,8.12111806,0,0,0,143.410185,0,0,73.82212575,0,2249.77044,0,31.69354929,0,0,0,180.7362356,3009.080971,0,3446.848737,0,0,0,0,0,0,0,0,0,0,0,0,29.31986473,0,2684.230066,7.048125434,27274.66963,0,0,0,0,0,754.5321859,0,0,0,0,0,0,0,0,0,0,15.08208973,0,4.793384903,378.1134428,2.714599435,12.53117724,0,2069.856281,4960.97039,0,0,0,0,0,0,286.9852207,0,6043.288734,0,0,0,382.3452521,1609.201835,0,0,0,21.61531198,0,3431.188752,0,0,155.1552061,68.86411679,0,0,342.9990329,0,0,0,0,7.879509391,0,0,0,938.0960335,5.791717371,1605.12772,84.49132044,0,0,0,46.01430009,0,0,0,202.8104369,13544.24519,0,0,0,5173.069766,0,0,0,0,0,0,0,0,0,0,0,0,4.022935948,0,0,0,0,0,5.1202766,0,579.619104,0,0,0,1.46773151,164.1876765,0,0,0,0.843688214,0,0,0,0,452.5167997,0,0,0,0,0,0,0,0,0,0,0,0,0,0,54.6037815,7.937043197,0,159.8208396,0,0,0,0,0,0,0,0,2295.995895,6.01416151,7.702691032,0,0,320.3121937,0,2.673156455,0,0,0,0,0,0,0,0,0,0,0,0,0,3227.630406,0,40.64216132,11.85656666,0,147.7278253,0,0,0,0,0,72.00286698,0,0,0,0,4.712260535,0,26.61657774
"20","10105",0,0,5.72311978,20.12358581,0,0,408.2110542,6.42311104,0,0,0,26.82354637,0,1043.342694,149.2654197,0,0,0,20.37662952,0,0,0,91.79526873,0,0,1260.273967,0,8.858597378,409.833278,2302.503212,0,243.3071268,0,0,0,91.99141023,0,0,0,139.0046574,0,0,0,34755.33044,219.5238613,0,0,78.22459847,0,19.44495204,0,0,2543.479247,165.5856946,43.45552205,0,0,0,0,237.2896576,55.32874286,0,52.54608457,65.94920705,0,0,0,0,0,0,0,0,0,0,13.07915281,3.767548274,0,808.0155686,0,0,0,0,78.77210009,0,0,59369.82044,292.0150955,151.671044,0,0,0,46.44152973,0,6.401114802,0,0,0,0,0,0,0,0,0,145.5146604,0,578.5664416,32.93587411,15.82511165,0,314.497375,21030.36373,0,0,0,0,0,0,0,0,0,958.6387704,0,0,0,0,0,0,105.3927754,0,0,0,8880.819071,0,0,0,7.184877786,0,0,0,3.502295491,0,268.824826,8.035501325,0,0,0,15.21790043,0,26.84425911,106.3146521,0,4.10123183,0,102.8861724,0,0,1031.388152,178.1469565,0,0,53.94351714,0,0,19.47433313,14.60797335,0,0,22.56092297,0,0,2029.366688,288.6190698,0,3280.787299,0,41.64431514,0,0,0,0,0,41.99124254,2.757681147,0,62.18973319,0,0,0,0,0,0,0,0,0.536076708,3.53225121,39.73851043,0,0,22.53310257,0,7.899961608,1109.65881,0,66.98812041,65.77661617,0,0,1099.953185,14.36784641,0,0,0,0,42.40974173,0,34.03024649,4.421511253,379.5622074,0,24.06441525,0,0,0,55.11792282,0,0,48.37823952,34.41767106,0,0,5.676710024,0,15.82458864,0,12.29624799,18.12893996,4.883865438,0,0,0,0,0,0,0,0,159.7364543,0,50.53880903,24.26789154,0,0,76.37945528,3886.49518,0,142.8864686,0,0,0,0,0,0,0,36.24051148,0,0,0,798.6035375,442.7181537,0,1001.887149,12.89628246,24201.39829,0,0,0,3.269417966,10.40746213,155.5664399,8.766170012,11.51785348,18.70487244,11.57800324,0,0,0,0,0,0,61.31085234,0,15.20388809,37.79161776,3.041098775,141.1334569,0,250.0925893,813.2580652,0,17.50331259,271.7556709,0,0,0,71.04956202,0,1163.52459,2.125350744,0,0,174.4659082,0,105.5780795,0,0,28.84282892,0,289.0937391,0,0,570.6152472,143.9833998,0,0,624.6707418,0,0,0,0,0,0,0,0,73.20730066,0,149.2525669,24.2323767,0,0,0,51.2704642,0,0,0,0,2416.187058,0,0,0,458.0250856,0,0,5.193568369,0,0,0,0,0,0,0,0,7.873835442,0,0,0,0,39.33764699,0,4.60960611,0,98.15981851,0,0,0,0,0,0,0,0,0,0,0,121.7738982,0,0,0,0,0,0,0,0,0,0,0,0,0,0,0,0,6.637645934,14.54218746,0,0,0,0,0,0,0,0,0,0,4391.25042,0,30.5511903,0,0,665.1748808,0,6.276557404,0,0,0,0,0,0,0.515118543,0,0,0,23.01867881,0,8.240153336,788.4446605,0,322.1155864,15.7164657,0,59.01450898,0,0,0,77.88569815,6.261177091,182.9079115,40.88728491,0,0,0,0,0,0
"21","10106",0,0,5.533358974,11.46836451,0,0,0,24.90308599,0,0,0,19.97509733,0,887.1726864,106.5834373,0,0,0,13.60937604,0,19.88141147,0,80.23038293,26.48532037,0,575.9133148,0,10.10693751,111.0890364,2027.009931,0,38.81639291,0,0,0,67.12462702,0,0,40.51606353,154.3715445,0,0,0,99920.26287,2049.201258,0,71.51794937,80.96372791,2.81664765,0,0,0,0,7478.520632,142.8675216,0,23.64164729,0,34.08778164,576.3961817,0,0,151.0009829,298.6558978,0,0,0,0,0,0,0,0,0,0,0,0,0,1275.871252,0,0,0,0,81.06089962,0,0,20642.24091,71.60919493,0,0,0,0,38.54518989,0,0,0,0,0,103.2715329,0,0,0,0,0,273.7280624,0,207.4547299,0,8.933356784,0,564.298181,8938.775428,0,0,0,0,0,0,907.7468643,0,0,695.6067009,0,296.0868408,0,72.25804249,0,0,39.86092026,0,0,0,0,56.76818932,8.663581898,20.15683743,0,0,0,0,0,0,405.7765484,55.60365559,0,0,0,25.98009221,0,13.92502899,83.40106679,0,6.010411787,0,77.1339462,23.35706573,0,524.9620301,0,0,0,62.39989404,0,0,0,26.34953041,390.4100267,0,41.65561407,0,0,2637.751323,242.4800586,0,2809.463846,0,75.19763353,0,0,0,0,0,40.31014831,1.942000435,0,48.43849799,0,0,0,0,0,0,0,12.91749358,10.980026,67.46051815,231.9817285,3.778864689,3.45801949,162.6325376,0,28.40933477,655.4394799,0,77.90873246,53.90609671,79.23955109,0,211.2968086,17.62979184,0,0,0,0,33.0173566,0,936.2591276,0,306.0859507,0,0,0,0,0,11.71867445,0,0,27.57995503,22.85495171,0,0,6.57972714,0,6.882719339,0,0,21.00013342,15.84162918,0,0,0,0,0,0,46.39430486,0,759.9525442,0,38.40747281,0,0,0,0,9595.806258,0,238.2083611,0,0,0,0,0,0,0,25.38307838,19.08011585,0,0,0,63.4664261,1697.757949,471.8160427,155.625444,48608.95006,0,0,0,0,0,2651.574062,0,3.115823195,0,0,0,0,0,0,0,0,0,0,25.38938451,104.9573819,14.11749733,0,0,309.7377358,0,0,0,0,0,0,136.7737589,305.6832423,0,843.0698766,3.744929203,0,0,1336.361916,118.7084993,0,63.17071897,0,10.8936367,0,266.9216583,0,400.4272614,0,60.18917658,0,0,376.8164141,0,0,0,17.49180581,21.08943735,0,0,0,47.81714008,2.149886861,101.0926053,26.01690735,0,0,0,47.67458597,0,0,0,0,1697.312286,0,13.6754617,0,445.0791406,0,0,0,0,0,54.92018786,0,0,0,0,0,4.511010514,3.948090947,0,0,0,2.673439869,0,2.295167768,0,98.23496778,0,0,0,0,0,0,0,0,0,0,0,261.3899177,45.43343921,0,0,0,57.98295352,0,0,0,0,0,22.10025707,0,0,0,558.7420407,0,34.81554646,5.822607172,0,0,0,454.4438071,0,0,834.5514091,0,0,0,3557.615698,0,53.29015908,0,0,1147.721028,0,41.29674487,0,0,0,344.2440394,0,0,0,0,0,0,13.75106153,0,0,5499.607727,0,0,14.67582461,0,328.1381044,0,0,0,0,6.168190535,0,0,0,22.35465351,0,0,0,9.318529079
"22","10107",0,1.237406461,0,22.8973515,0,0,0,29.02423702,0,0,0,28.73354902,0,3654.881094,120.9981713,0,0,0,40.0253532,0,9.643477477,0,0,97.82550886,0,328.676796,0,19.67681302,186.4224251,1333.611171,0,52.65268001,0,0,0,140.5580739,0,0,117.373649,0,0,0,0,23199.28788,2805.48395,0,0,69.91045153,49.05006713,0,0,0,0,8834.966718,384.0052737,0,0,0,68.65865588,961.1972014,0,0,1127.399871,418.379356,0,0,0,0,0,0,0,0,0,3.754106733,0,0,0,682.8826047,151.7666919,0,0,0,93.98015119,0,0,28207.62589,0,1314.464558,0,0,0,0,0,0,0,0,0,0,0,180.1563703,0,0,0,99.05343881,0,104.4454156,0,11.33163046,0,687.9091899,8768.596903,0,0,56.30330712,0,2003.442488,7.166788374,450.7049244,0,0,13350.39069,0,0,0,1894.668575,0,49.68387867,25.21632468,0,0,0,0,25.73281954,0,72.99347436,0,0,0,0,0,0,2526.757061,20.65325321,0,24.18354041,0,72.6054795,0,863.4454554,95.53131595,0,0,0,1500.42956,5.106105792,0,0,0,0,0,33.20680971,0,0,0,0,0,0,47.12241209,479.9640395,0,3664.835277,3936.041123,0,2110.685436,0,71.44680723,108.830272,0,35.30018845,0,27.12537466,46.10440437,0,0,41.0409283,0,0,0,0,0,0,0,0,4.113887439,10.68483028,71.77190374,4.611744886,1.266514867,495.2615296,0,5.670538923,191.3571839,0,125.9221885,51.15076533,0,0,79.0181471,19.50729527,46.23196946,0,0,0,28.34675147,0,79.93689865,0,166.2281819,0,0,0,0,0,9.269978343,0,0,4.358148138,15.73474891,0,0,0,0,0,0,0,96.11768898,17.99755801,0,0,273.9984293,18.41359065,0,0,0,32.56872561,292.2038394,0,54.19447429,0,0,0,0,818.7341066,0,2225.051735,141.3237863,38.16000597,0,0,0,0,0,11.22333157,0,0,0,0,54.49987664,0,3484.716658,3.75538352,31554.53503,0,0,0,0,0,1948.550954,0,0,0,0,0,67.45735609,67.99272436,0,0,0,17.82404504,0,11.71896642,51.04661024,13.5119097,0,0,303.6784742,0,0,0,0,0,0,0,234.8637072,1.241593227,65508.14455,0,0,0,5257.445509,583.5702045,0,0,0,0,0,472.1392292,0,319.0502297,0,226.836412,0,0,363.7050786,0,0,0,8.467057936,0,0,0,0,1413.973973,117.3177276,1086.807672,171.0509636,0,0,0,77.24464954,0,0,0,0,2439.614393,0,0,0,5116.057751,0,0,0,0,0,17.94113923,0,0,0,0,2.885716403,2.189544814,0,0,0,0,0,0,2.229089211,0,886.9188873,0,0,0,0,0,0,0,0,0,108.6179112,334.0281577,163.1127912,80.47955928,56.00728982,448.537759,0,0,0,0,0,0,0,0,0,0,0,0,37.87560608,10.5564543,3.798581563,0,0,0,182.0878691,0,0,462.3536598,0,0,0,902.8364859,7.664467652,31.06295136,0,0,0,0,6.279670904,0,0,0,0,0,0,0,0,0,0,3.48593357,0,7.791435541,7431.714801,0,0,1711.531223,0,0,0,0,0,0,3.116910826,483.4459575,0,0,0,0,21.02907748,0,12.32162379
"23","10114",16.78015431,0,13.85131591,60.10917991,0,0,87.4450253,40.42411243,0,0,0,56.50314271,0,3921.349278,468.1159971,0,0,0,45.13747923,0,0,0,74.53831486,78.48899498,0,1028.296639,0,29.13881745,202.9492794,5024.566883,0,44.03034305,0,0,0,469.7729637,0,0,51.55201905,163.4612052,0,0,0,41961.76365,246.9872318,0,86.91600302,119.6683139,39.97221105,0,0,0,0,13170.97676,201.5066137,0,0,41.7875678,106.4638451,334.2977246,0,0,1311.760847,1502.43675,0,0,0,0,0,0,0,0,0,0,31.03381432,2.475335349,0,1045.53002,0,0,0,0,168.8168942,0,0,63330.58921,0,132.5036358,0,0,0,0,0,0,0,0,0,0,0,0,0,0,133.3728954,391.1763284,47.41601274,975.8020024,0,19.3783178,0,1216.052664,15557.39254,0,11.68672731,93.68632312,0,465.5847696,0,1105.235465,0,0,3167.897434,0,0,0,1470.52525,0,0,32.44067398,0,0,0,0,53.44527859,22.77570643,0,7.790777026,0,0,262.2119547,1.963433637,145.9142318,456.1071633,41.84293872,2.529767231,19.40334176,0,59.83588051,180.1024557,96.25464616,119.3697831,0,6.496735658,0,170.0412098,0,0,0,0,0,0,169.7989029,0,0,0,0,0,0,274.3645293,0,0,2437.794655,298.8462852,0,2640.54813,0,108.3256307,640.1365306,0,9.567921563,0,0,113.9403238,0,0,80.57691304,0,0,0,0,0,0,0,12.94494249,19.06301551,25.41250163,272.705691,0,2.468282777,924.709986,23.46882884,24.55230877,1469.103443,0,231.927854,119.9090036,59.73608647,0,311.8324623,12.0304618,0,0,0,118.8039063,27.90709843,0,156.2635376,0,472.9881099,0,8.844651855,0,0,0,18.57455953,0,0,26.14328791,46.77885518,174.0026989,0,8.611099643,0,9.20271297,0,0,125.3554792,18.45279342,0,0,0,46.28922326,0,0,0,0,436.3880044,0,46.41505658,0,0,0,0,3325.495315,0,341.3051572,116.1971517,12.30490686,0,0,153.9423332,0,0,0,14.56848959,224.4886849,1189.82797,0,87.49129979,0,1234.055205,38.33346296,18827.8062,0,0,0,5.120887341,0,812.81146,12.74681719,8.881535373,7.936538577,0,0,1301.417047,0,0,0,74.4105354,63.94145337,0,52.25462111,179.2379886,26.31533068,0,0,501.0514892,0,0,292.2328479,0,1.743012443,0,0,177.2967435,0,66384.56901,0,0,0,1486.984958,305.6229132,0,0,0,0,0,767.7502015,0,779.3686846,0,588.2992181,0,0,576.0418159,0,0,0,37.95110884,4.273514604,0,0,0,111.2529781,37.81839176,405.7769648,125.5990562,0,56.84466685,0,172.3951402,0,0,0,921.0352988,12865.46597,287.999054,0,0,873.3129607,0,0,0,0,0,0,0,0,6.455240969,0,4.150666709,5.022126753,22.15054736,0,0,0,6.689669669,0,1.123633929,0,435.2201477,0,0,0,0,0,0,0,18.08731916,0,0,0,517.9761082,0,39.11290408,142.4524069,0,25.91016669,0,0,0,0,0,0,0,0,0,2717.078706,0,204.9654329,9.112589706,0,135.3357495,0,0,0,0,630.9638142,0,0,0,1349.214497,11.59053563,253.6245941,0,125.0862385,417.3650174,0,26.9773334,0,0,56.25012965,698.4218912,0,0,0,0,0,0,23.76301496,0,0,29227.71237,0,0,1185.172131,0,117.4705891,0,0,0,75.39045689,11.72815981,76.65114913,0,0,0,0,0,0,44.45037028
"24","10158",53.55701938,0,12.17374565,50.90501785,0,0,204.4372789,18.55282562,81.91313906,0,0,51.37144068,0,4007.052518,361.5328073,0,0,0,36.47026752,0,0,0,205.2281379,0,0,1206.297726,0,20.91964344,374.3624797,6995.452272,0,59.22941325,0,0,0,132.2958066,0,0,121.0097993,206.4625514,0,0,0,52758.36062,3233.980197,0,0,100.4073488,10.54534806,0,0,0,0,1252.111569,595.0352738,0,0,0,0,549.6151909,47.2716896,0,976.9040091,268.1412002,0,0,0,0,0,0,0,0,0,0,11.65879442,0,0,1732.601864,0,0,0,0,79.50484544,0,0,41357.90284,30.3646357,103.6097692,0,0,0,35.20805801,0,0,0,377.4340931,0,114.4549031,42.59458415,0,0,0,90.09794143,45.99380503,0,1261.502561,0,14.66273793,0,1201.86543,22782.55945,0,0,0,0,144.6276905,0,2443.051571,36.65910623,0,6958.014512,0,538.3116397,164.7823446,635.4675221,0,14.53304679,64.7093915,0,0,0,0,0,0,9.333852883,26.79825964,0,0,598.4953372,0,0,977.0624298,219.9807651,0,0,0,33.22381209,0,40.96751931,67.77995369,0,14.92920212,0,1026.074709,21.49666737,50.63815535,0,0,0,0,199.5755767,0,0,0,35.34270574,0,0,33.34170221,0,0,2228.218553,3543.135053,0,4968.365896,0,130.4613831,0,0,0,0,0,344.8668119,2.137892567,0,235.1380001,151.5215788,0,0,0,0,0,0,16.55686968,11.37229686,8.788837165,94.27806364,0,0,18.74891494,0,20.6042436,1459.066534,84.81811215,159.6986592,138.5936967,114.3371962,0,477.7866694,0,0,0,0,98.38981878,26.32577242,0,43.95001073,0,609.7908762,0,4.333542788,0,0,0,21.98997826,0,0,30.85125828,61.23296946,0,0,4.729941119,0,9.523576091,0,0,24.78917704,8.150122967,0,0,0,0,0,0,0,0,868.2760657,0,42.05180016,0,59.16285104,0,0,5256.979668,68.49917494,1627.371842,0,0,0,0,0,0,0,168.1894152,0,0,0,194.1603478,145.2229451,0,1589.2267,87.51504531,112872.1804,0,0,0,0,0,562.3104893,0,4.912254587,10.53734903,0,0,112.2760929,0,0,0,0,0,0,30.111202,690.0516125,5.852757067,0,11.43994217,754.4464561,0,0,0,0,0,0,0,256.8186049,0,2740.425515,0,0,0,1292.700768,80.31509461,0,0,0,0,0,923.8621741,0,473.3389519,0,160.6073585,0,0,1044.969776,0,0,0,12.90252022,5.18033034,0,0,0,168.5150093,0,936.0626761,25.0806952,60.94828676,0,0,79.31653661,98.31632456,0,0,185.2788341,1796.567495,0,0,0,4370.333266,0,0,0,0,0,0,0,0,0,0,0,25.73450903,3.752773143,0,0,0,64.61428649,0,87.27617705,0,627.5137262,0,0,0,0,0,0,0,0,0,0,0,335.4319335,0,0,0,0,0,0,0,0,0,0,0,0,0,0,0,0,32.43195241,13.13648289,0,66.51015922,0,0,0,0,927.4945969,0,0,0,5859.418772,0,54.18830353,125.1962851,0,367.904536,0,29.10168719,0,0,0,1478.613893,0,0,0,0,0,0,16.55546976,0,10.21344529,6263.448417,0,153.7158029,15.83434546,0,0,0,0,0,0,12.75577788,178.8937364,0,0,0,0,0,0,57.39587844
"25","10200",75.60748706,0,15.98865904,36.7425168,0,0,77.72827129,16.8546897,32.56216042,0,0,28.75457755,0,3837.289604,703.1712537,0,2036.280517,0,60.77568148,0,10.38787862,0,106.3211387,0,0,2697.397307,0,0,542.8952896,5487.764174,0,52.16306286,153.0595536,0,0,354.5421106,34.94607681,0,20.1461895,177.5547293,0,0,2.295411563,70284.00479,3601.810799,0,0,12.6255399,1.236903811,0,0,0,0,896.7653262,199.6680531,0,0,0,11.62648251,476.4224768,31.2174832,0,32.76207347,49.36968,0,4.546626667,0,0,0,0,0,0,0,2.391905683,19.47253385,8.939971396,0,8564.173434,0,0,0,114.5906473,126.8250462,0,0,106.5924349,125.6188838,47.28950257,0,14.82507158,0,50.25337831,0,0,0,0,0,0,0,0,0,0,0,139.6063723,0,262.3013697,0,8.351501028,0,1458.511415,21908.23508,0,0,12.40432508,0,0,0,2575.442423,0,0,1330.682902,0,110.3218965,0,104.9360475,0,0,98.17233583,0,0,0,0,0,0,16.66301926,25.03006411,0,456.8398758,4876.490124,0,0,635.4010495,14.89889599,0,0,0,72.63003202,0,53.3333162,0,0,11.07642867,0,593.9073248,0,0,0,0,238.2883592,0,206.0658038,0,1.665675115,24.83212536,37.15437562,0,0,82.26030262,0,0,528.96888,1712.377662,0,8053.039689,0,30.6100001,0,0,0,0,0,197.3126937,0,0,56.67585387,0,0,0,0,0,0,0,11.18431186,24.13854755,46.70025281,740.6748991,0,0,15.11717953,0,73.52052371,766.4212732,0,152.668243,61.02926786,54.3077621,0,409.8582226,9.803053218,0,0,0,69.37007068,82.44216386,0,121.1056025,21.41763699,519.7977363,0,0,0,0,0,56.11426387,0,0,63.3151758,46.19989868,110.4658207,0,15.92598495,0,13.42782368,0,8.251250586,315.5875616,2.703449588,5.824131508,0,0,0,0,0,0,6.671004475,1074.161469,0,0,21.5413266,31.75395092,0,0,8424.570756,0,657.1546278,0,4.828279256,0,0,0,0,0,49.26120208,27.33338584,0,1059.792861,60.26093454,153.2442503,0,1440.136391,74.11819134,43965.6565,0,0,0,0,6.329199067,351.385175,0,11.08737196,14.426135,0,0,0,0,0,0,0,13.58008159,2.973685597,101.4530327,56.14888892,0,14.13934828,0,597.4753906,0,0,0,0,0,0,0,227.0851709,0,365.3105627,0,0,0,650.7869032,30.65898917,0,0,0,19.78115223,0,1532.730392,0,0,181.6535254,187.3480403,0,0,549.9281703,0,0,0,0,1.144718102,0,0,0,154.9170064,0,784.9179987,46.51981206,0,0,0,96.81115066,102.6697822,0,0,0,909.5010436,361.4866609,14.40992613,0,1824.425605,126.6569244,0,0,0,0,11.35633311,0,0,0,242.866234,2.052824818,8.901511437,3.275524936,0,0,0,41.14528443,0,0,0,267.5415503,0,0,0,5.344440957,0,5.415123508,0,0,0,0,0,171.0696769,0,0,0,0,0,0,0,0,0,0,0,0,0,0,600.6219154,0,16.14134118,6.198984432,0,0,0,157.5967522,0,0,0,0,0,0,4475.220722,0,28.22834111,0,0,2948.297019,0,24.41146191,0,0,0,0,4.616583628,0,0,0,0,0,23.82678639,0,25.21109143,1677.731709,0,143.524705,9.653819136,0,0,24.71763968,5.404766171,0,0,19.01829668,61.2567613,0,866.0813181,0,0,0,0,1.643184854
"26","10212",164.9810255,8.320794432,20.44325844,24.70233618,0,0,146.6818113,25.81817731,177.7655846,0,0,19.72069018,0,3977.812914,642.7203687,0,1281.745745,0,93.25792741,6.191287773,37.08626811,0,124.1846362,0,0,670.7016412,0,28.2966652,351.3536427,5216.062903,0,147.9900369,520.3927532,0,0,806.8973363,26.93098401,0,41.12491184,414.4687612,6.183471005,0,0,53775.44249,4873.087704,0,0,71.57202417,17.48404148,6.188255317,25.33417182,0,0,837.9327182,265.1731142,0,0,0,173.6324299,196.1347434,37.54245153,0,31.64484903,2430.317074,0,5.57860012,0,0,0,30.50059045,0,0,0,0,0,0,0,1398.572926,0,0,0,124.5001269,125.8597986,0,0,479.87554,27.6809601,0,0,0,0,0,0,0,0,0,0,55.77697803,0,0,71.17914825,0,277.3457503,323.8604091,166.5001395,3443.045595,24.66183561,0,0,762.7004833,7473.688731,0,36.85138085,12.86515787,0,0,0,1602.496903,0,0,1254.740241,0,252.5076652,117.3779972,56.16962016,0,19.88726423,51.64635836,0,0,0,0,0,9.877926194,19.89177106,24.60058056,0,0,338.9936065,0,0,338.3375195,989.7699314,0,0,0,97.04528862,0,68.74871039,0,0,5.827421875,0,157.0519247,19.30353956,0,0,0,754.5587949,0,19.09553884,151.4300128,0,23.28557241,55.30739985,44.99916089,0,389.8372842,0,5.63404896,706.1090529,681.753131,0,2745.164359,0,0,0,0,0,0,0,97.51311822,14611.73665,0,64.47419935,0,0,0,0,0,0,0,0,20.6808267,103.6951816,555.0169458,0,0,483.317513,0,65.9901028,811.5891874,0,189.9145982,100.3553097,243.702789,0,177.7612131,12.63528135,6.428919012,0,77.88621869,0,109.4810066,0,316.7327924,35.17010992,499.6531239,0,12.6505458,0,0,0,26.79282979,0,0,63.99481022,39.49235759,0,0,10.01222302,0,14.53778729,0,0,0,16.70979643,39.42369781,0,455.6328418,0,0,0,0,0,546.5462753,0,19.69106243,0,0,0,0,2134.970292,139.3726561,102.8190253,0,0,0,0,0,0,0,55.15396684,0,0,647.7654488,27.89405646,124.5604602,0,810.7756039,137.5366777,36852.65075,0,0,0,0,15.92503096,2613.015447,59.25877196,0,2.416274564,9.917099688,0,703.9569843,0,0,125.8293449,0,32.20562936,1.530806972,94.21624587,286.5935804,44.2418499,21.69868353,0,433.1685418,0,0,0,0,3.11904133,2.461425751,38.98556945,122.3102957,0,236.5304009,6.658966267,0,0,6706.993237,351.6357315,88.95302693,0,0,0,141.432645,1448.835501,0,151.2374886,261.8097308,0,0,0,204.7700784,0,0,3.80887727,16.22530823,0,0,0.679861078,0,50.44015412,0,76.72300004,48.64401312,69.2381922,92.23230678,0,208.4823924,121.1739678,0,0,0,459.0768066,124.5000067,16.45037242,0,1279.304332,0,0,0,0,0,0,0,0,15.23391964,897.0314716,14.80752367,115.3775785,16.20242678,0,0,0,8.441339905,0,0,97.96327349,630.9318501,0,323.3094352,0,0,0,0,0,0,0,0,0,87.58635489,0,0,239.8778168,0,28.02943335,0,0,0,0,7.151045257,0,0,0,0,365.0374027,0,171.7090963,14.92049604,0,93.06555218,0,0,0,0,0,0,17.30153549,0,657.4512437,24.81267354,35.68692789,0,0,1250.540769,0,118.817876,0,0,0,0,0,0,0,0,0,0,15.35535318,0,47.21813573,14474.98978,0,123.3531772,55.9877986,0,0,9.291718764,0,0,0,16.03970438,68.18332199,14.2185568,0,0,0,32.87039471,0,62.70275619
"27","10223",83.98633321,1.993959762,58.63372877,69.70533662,0,0,163.7776792,35.99626305,50.25225746,0,0,0,0,10230.18962,917.2095895,0,1791.268188,0,59.75337126,0,16.53899058,0,146.699673,131.4131551,0,2629.370133,0,15.33356453,374.950151,8266.190982,0,33.27145817,771.0398153,0,0,726.979453,0,78.570766,105.6235012,261.4377493,2.230340538,0,0,31454.5768,5530.39232,0,0,102.4149376,3.76381959,36.33914701,0,0,0,1457.930578,1093.094926,0,8.456491544,0,139.764048,348.4110833,65.70618104,0,1008.01449,164.7643093,0,4.674064305,0,0,0,50.49654804,0,0,3.277993068,7.185724043,44.89546899,699.072691,0,7.303199529,0,0,0,112.1060025,104.8518996,0,0,734.3278979,0,0,8.838740564,0,0,99.6587662,0,0,0,0,0,22.09582808,0,0,0,0,120.7807215,439.1597984,0,1445.294722,143.5918961,0,0,1199.273193,16749.04413,0,12.79418119,86.11570636,0,0,7.890398054,1351.796201,0,6.268030032,6931.28812,0,258.0383959,110.8362668,267.4616639,0,26.88882703,149.2010641,0,0,0,0,32.09921067,11.73506433,68.74525824,97.89108208,5.19073849,0,391.536914,0,0,423.3219173,38.1072508,7.596520799,0,0,50.87219765,0,183.882349,0,0,47.28351071,0,1495.791631,12.857629,0,0,106.2855911,0,0,52.00486108,253.1010525,0,37.686991,7.055913591,0,0,44.06398677,0,0,1678.96711,3883.12378,0,5010.854897,0,81.76398313,842.181883,0,83.20983076,5.862801989,38.95819176,399.6239317,0,0,82.43290095,0,0,0,0,0,0,0,12.69972506,69.04470678,189.6422966,1187.734414,0,14.58176529,331.9178557,0,106.7429015,1833.173061,0,302.9395769,83.51484324,99.76231488,0,437.3255944,17.10374658,0,0,0,284.2587172,122.4494051,0,509.6368055,23.7396566,262.8349547,0,0,0,0,0,36.39463429,0,0,120.6078504,14.71583955,0,0,13.24453692,0,9.706624573,0,8.118310732,207.0387077,25.4020158,12.13693975,0,0,0,0,0,0,10.21562353,449.4506196,0,67.30862617,0,36.13845448,53.30627041,0,1299.218594,0,2066.269567,0,12.15179089,0,29.58233991,0,0,0,73.05474432,8.265149254,0,0,33.32511674,560.3052437,0,2480.959999,115.0415892,33449.6776,0,0,0,0,18.01981455,1974.998124,0,10.97902128,24.98501612,9.717823718,0,888.701577,0,0,0,0,68.03128024,0,50.69522638,102.713765,17.16517107,0,43.01574223,838.7925722,0,22.81228228,0,0,0,0,0,322.2952779,0,1749.381748,4.725637296,83.04269114,0,2963.503077,142.8921475,121.9602116,0,0,138.0165441,0,1402.953627,0,591.9321437,232.2871702,1750.196712,0,0,424.0359961,0,0,0,10.18173585,3.808836285,0,0,0,255.6754879,0,786.227451,4.659682663,54.1705986,54.89114507,0,115.588996,166.6194041,0,0,0,445.0669339,389.9855057,10.32278705,0,3986.007207,0,0,10.01992765,0,0,13.32714577,0,0,26.28930856,2091.963204,7.739350106,0,0,0,0,0,6.647339762,0,0,0,1057.719893,0,0,0,2.999315071,0,0,0,22.08287389,0,462.2809756,344.2016821,1197.01465,0,47.38723211,1464.509641,0,13.73124904,0,0,0,0,0,0,0,0,0,1095.801163,0,240.2842085,20.55135179,0,0,0,1779.48723,0,0,0,0,0,0,3200.711311,11.82837018,108.878857,0,0,0,0,93.52770962,0,0,253.9098363,0,0,0,0.753509082,0,0,0,13.66027966,0,50.8407003,7716.444486,2.026087896,351.9767116,153.27094,0,0,11.49704406,0,5.488006593,22.65942114,12.70104684,113.4717267,25.18708354,0,23.26671571,0,15.67539396,0,43.32659935
"28","10250",24.54433609,1.918605461,76.66341296,159.3178126,0,0,417.2010611,53.35313295,0,0,0,61.9276138,0,4610.471782,186.162874,0,0,0,129.5124834,0,0,0,127.2209084,167.3570817,0,1408.9571,0,0,295.4077312,7397.197777,0,164.6340218,0,0,0,230.4563009,0,0,94.52711505,0,0,0,0,55088.16616,4564.81907,0,0,282.1881525,13.77614445,0,0,0,0,21156.06267,2042.860876,0,8.123113165,1076.086959,246.4459345,724.8383411,43.77039878,0,591.7132497,601.8328322,0,0,0,0,0,0,0,0,0,13.60226446,108.5067924,0,0,6452.371372,0,0,0,0,108.8273067,0,0,49203.66466,93.92323759,269.2234238,0,0,0,65.40889685,0,10.35792646,0,0,0,81.72358238,0,0,59.21422406,0,324.8507666,769.5311997,274.6805215,1810.775575,0,92.39598006,0,2058.93526,22827.82548,0,0,0,0,0,0,1528.332596,0,0,16455.15454,3225.553918,865.0799384,131.4870092,3687.997893,0,0,210.7384571,0,0,0,0,67.65499738,21.15608007,102.8489702,72.52215256,0,0,278.5816569,0,0,614.6642175,128.3188284,0,41.372509,0,58.17553737,16037.41801,58.98512452,119.1171363,0,43.73622335,0,847.3557649,39.96588677,0,1678.340073,293.8107379,0,0,761.4000805,0,0,0,0,0,0,31.77059828,0,0,5707.804299,2359.727353,6.414108757,4536.127537,5.037891003,369.8619727,125.8524244,0,34.90774297,0,0,911.3875825,0,0,159.0597243,237.3922117,0,0,0,578.8246068,0,0,23.18149912,64.66384178,92.92826252,149.8630264,19.26001607,5.787125805,407.8449283,0,13.12786109,1203.405793,0,317.2884749,147.5806447,103.8254552,0,388.4559662,62.6296908,17.08985037,0,0,151.5991293,94.21067202,0,3815.007628,16.73940888,76.98564256,0,0,0,0,0,30.95419277,90.34606485,0,44.01243654,0,370.3744362,0,19.95009521,0,18.45660574,0,0,86.30273295,18.41903548,0,0,861.0625738,78.86446424,0,0,47.9502289,0,918.4386232,0,258.1187479,0,43.06423285,0,184.9216959,6488.459924,0,1346.463274,0,0,0,0,0,0,0,697.6474252,127.3231918,0,1825.619369,86.53127293,466.4335333,0,1592.566482,71.6589963,47112.4998,0,0,0,0,17.07177037,8721.686215,0,8.878018784,0,34.48726527,0,0,221.6833464,0,108.4469101,0,0,0,52.63525453,181.0442082,129.8721125,24.18563689,0,1540.579342,0,0,217.3011468,92.73228772,0,0,122.5335155,704.7773739,2.374646562,2096.612073,0,0,0,3477.815632,2696.997274,0,34.67199389,0,9779.112609,214.1993681,1569.754101,0,13414.92396,0,225.6078168,0,0,573.3759993,0,0,0,440.1160894,7.525041242,0,0,0,238.7162552,13.09382549,636.6807096,27.73610355,21.36612614,0,0,74.31781251,122.9959195,0,118.7071025,0,5538.594321,655.8499676,14.06274022,0,2119.583318,0,0,0,0,0,127.850312,0,0,0,0,0,27.23194029,7.223366775,0,0,41.51997574,0,0,9791.700684,296.1587076,228.7086092,0,0,0,25.1202158,0,0,0,84.54032763,0,0,0,1777.826028,72.21738535,506.6857088,0,0,11.01635765,0,0,0,0,0,0,0,0,0,13320.34572,0,260.0669795,30.67101599,0,0,0,301.3637843,0,0,0,0,0,0,2536.066234,0,116.479579,114.2691347,0,830.6997485,0,169.0515706,0,0,0,1194.748135,0,0,3.943413303,0,0,0,192.2153107,0,111.9933692,7999.639884,0,374.1164039,1329.759465,0,0,8.934425921,23.65720226,0,30.08402887,49.41789275,155.7250052,150.0922338,0,0,0,0,0,93.04758596
"29","10262",0,2.189790801,11.23142806,43.42232143,0,0,125.3160363,58.136555,74.70896853,0,47.67425002,62.19703671,0,2805.547637,484.5717407,0,0,0,63.63291549,0,10.41777405,0,89.29681219,368.3084742,0,1386.44913,0,12.43460674,264.9312453,4446.708068,56.25124183,0,0,0,0,4030.328815,0,0,50.0036588,0,0,0,0,23106.92828,14785.53023,0,0,102.3002197,103.0346977,0,0,0,0,14676.31275,340.9723891,0,0,0,98.21569345,172.0078604,0,0,626.7671724,361.9356692,0,0,0,0,0,0,0,513.762989,0,0,0,25.46613785,0,144.8273495,0,0,0,0,66.66816809,0,0,38691.6758,0,0,0,5.30221535,0,0,0,0,0,14.17637611,0,93.68503493,0,0,0,0,0,2300.677644,0,943.4902841,0,20.35558385,0,486.5031792,15326.50302,0,0,0,0,0,0,1877.744886,0,0,6559.684822,0,209.6366502,0,0,0,0,76.54401169,0,0,0,0,42.2094855,19.07580059,0,0,0,0,0,0,0,259.1808837,44.29319065,1.406472253,91.04990069,0,37.62746797,709.4214252,337.2260252,77.82864464,105.4026911,4.504486898,0,198.9734734,0,0,0,0,0,0,39.94876149,161.5116866,0,0,22.30097459,60.48467358,0,416.8038596,0,0,1574.428684,529.5056234,0,4269.207362,0,78.57670174,966.9989655,0,194.3909052,0,0,154.368985,0,0,38.54291723,0,0,0,0,0,0,0,15.39689801,68.27189595,109.8409882,491.8768512,29.05038221,9.887662606,361.7604991,0,37.22714326,931.9303769,147.1033086,140.3326112,53.48032378,62.23573459,0,324.0705573,40.82261836,49.02099414,0,0,0,134.9732449,43.34269264,1645.818631,55.28734179,314.8896904,93.21695113,10.77647729,0,0,0,32.1423388,0,0,98.13782296,23.70147266,0,0,17.83387931,0,17.9863672,0,0,16.73845637,5.776131187,0,0,644.7071348,2246.510709,0,0,0,0,480.423107,827.3218604,232.9937822,0,138.0353225,0,0,1936.433888,0,422.6812379,0,20.10136937,0,0,0,20.83470999,0,74.72969769,15.26097104,0,1957.416075,117.2654287,512.0425321,0,1334.053966,102.8263283,0,0,0,0,0,0,4799.622364,0,14.71853533,28.8385792,7.563023388,0,1943.366161,95.62729002,0,0,0,34.16968339,0,55.19167836,82.65367858,58.20918733,0,0,314.6166777,0,0,0,0,0,4.063614831,0,306.0611258,3.485042354,1325.140762,17.63336634,0,0,3461.406781,0,0,0,0,11.7343106,0,383.379081,0,0,280.5549788,386.8032716,0,0,0,0,0,0,16.16253832,0,0,0,0,91.63328533,39.72501668,386.8214822,469.9744217,0,0,0,77.00318893,79.53275864,0,0,0,817.7747716,0,0,0,876.0782273,0,0,0,0,0,11.63135575,0,0,5.05822135,0,0,6.484963269,3.632313642,0,0,0,0,0,85.8274326,0,405.7609039,0,0,0,0,0,0,0,0,0,0,0,171.5861646,0,33.03810966,595.5999938,0,26.43566453,0,0,0,0,0,0,0,0,0,715.4232182,0,431.2768109,42.25732882,0,141.7211718,0,0,0,0,3537.075963,0,0,0,0,0,169.5380294,0,0,0,0,40.49569344,0,0,0,692.3906749,0,0,0,0,0,0,29.34043819,0,32.84292299,15011.53871,0,0,130.0920708,0,0,0,0,0,12.02238536,12.76125006,60.10364006,0,0,18.67899607,0,0,0,90.41610467
"30","10302",46.96865761,0.709732945,0,17.13837804,0,0,182.9261532,17.98819634,0,0,0,24.38019081,0,1589.900063,144.4406165,0,1027.881311,0,36.35581707,0,10.51235022,0,109.2401047,0,0,612.0498426,0,12.98628494,190.0307596,2977.309677,0,132.7958322,119.8232778,0,0,113.918928,0,0,50.33098533,273.3238885,0,0,1.073307806,37250.18774,3618.747867,0,100.6632815,27.88480445,7.056032373,2.891928201,0,0,0,2022.693432,194.1164459,0,0,22.04389625,196.9160031,250.7641288,32.44683907,0,602.9743586,220.4846005,0,0,0,0,0,0,0,0,0,0,7.08860431,0,0,28.27898488,0,0,0,0,100.3888895,0,0,0,90.8450587,89.08901824,0,0,0,44.85174011,0,0,0,13.73691611,0,53.47584847,0,0,21.17537685,0,0,68.52382872,0,344.8935145,7.434504448,8.848452405,0,965.8045763,11344.79248,0,0,17.4553995,0,0,12.7133964,3269.009055,0,0,1266.598054,0,280.0558625,75.15082939,29.5855588,0,0,52.24782687,0,0,0,0,0,11.09572267,6.010809651,7.172864966,5.162820856,0,0,3.110443056,0,176.2528482,61.99883499,1.275435317,0,0,152.5438753,0,30.54252812,0,0,5.772792038,0,185.7851175,8.660584812,0,0,0,0,0,44.95966799,373.0450432,0,0,17.73928473,0,0,66.18204032,0,0,1337.723559,488.0825606,0,1876.113324,0,218.6282798,140.8081117,0,0,0,29.36742714,80.09465792,0,0,65.28045767,0,0,0,0,0,0,0,11.07739078,1.773737952,5.318136813,96.00560165,0,0,12.67002012,0,13.52282941,3507.723631,0,93.43622029,136.5283981,223.05558,0,569.7527775,5.751245448,0,0,0,0,40.82135208,0,102.6262383,0,499.5137623,0,0,0,0,0,16.86665363,0,0,0,32.89585899,0,0,16.74285744,0,8.919794715,0,6.944301455,319.8848906,0,0,0,0,19.20134255,0,0,41.62983266,0,221.4506966,0,0,6.871714636,23.04070034,0,0,3025.154973,0,217.5015776,0,0,0,132.3896742,0,0,0,65.54299316,15.46478146,0,0,46.51862753,210.1951125,0,665.0102898,6.322076198,56304.31979,0,0,0,0,0,678.850907,0,0,9.741866423,7.201752827,0,0,0,0,0,0,33.45373511,0,53.93439681,114.8296941,0,21.75910583,0,572.8215166,0,0,0,0,0,0,0,502.8001875,0,1763.396227,0,0,0,1401.540547,179.9591371,0,0,0,623.3538827,44.79068649,736.9735896,0,0,0,132.5515164,0,0,265.3585283,0,0,0,13.54622734,0,0,0,0,77.30225175,0,137.2350779,160.0108793,29.94192698,45.44842126,0,106.6317248,97.38609845,0,0,0,548.2323495,0,0,0,757.8643604,0,0,0,0,0,0,0,0,0,204.399793,0.822657792,8.67170471,0,0,0,0,12.48779156,0,0,120.4605393,153.4238966,0,0,0,0,0,0,0,0,0,0,0,1459.380131,0,0,0,0,76.87231317,0,0,0,0,0,0,0,0,0,547.2474025,0,18.97860139,7.90455414,0,0,202.3460752,0,0,0,111.8619678,0,0,0,1732.774536,11.53590932,71.48494706,137.6449774,0,500.9653362,0,116.6348474,0,0,0,648.5433108,0,0,0,0,0,0,58.04950282,0,7.612159158,5908.354131,0,124.7056275,17.83215522,0,0,5.965639459,2.098569301,0,13.4030361,6.892715524,74.4184974,6.356102331,0,0,0,0,0,6.169608906
"31","10325",246.1137169,0,17.81206794,15.34935828,0,0,2186.734678,50.5035319,170.679794,0,18.71547977,25.31025005,0,4163.215952,941.6078951,0,1616.432985,0,72.71421425,0,21.66459973,0,217.4336159,0,0,1212.236064,0,12.93676082,706.7912791,7308.246918,0,58.40134733,126.0273257,0,0,324.8410564,0,0,34.21132891,0,0,0,0,43770.24959,2917.316488,0,0,32.59094842,10.02790844,0,0,0,0,210.7561588,131.8761866,0,0,16.17947701,119.0974325,195.9464107,44.74446102,0,68.81956754,457.6568137,0,5.463558691,0,0,0,0,0,0,4.321819366,3.709641355,17.00394863,7.054318582,0,2333.991097,0,0,0,0,258.8086469,0,0,150.2203538,28.57219488,58.98533132,4.982722878,8.50764003,25.16142547,35.44829041,0,0,0,0,0,60.10981401,63.50820697,0,0,0,279.5749058,213.9217865,0,575.4794695,14.75424624,13.76370517,0,1085.242155,16488.25153,0,0,12.16706839,0,0,0,2463.429831,5.814720159,0,1677.278639,0,171.6982306,94.2636023,41.98237289,0,0,32.96350347,0,0,0,0,0,13.3359859,15.83697275,12.67684168,0,0,0,0,0,380.3406522,592.4414439,3.342843745,0,0,143.3395637,0,66.72143738,0,0,8.097921069,0,208.8926673,12.07328297,0,0,146.2535474,750.5553591,0,106.9592325,0,0,0,178.6897159,0,0,139.6779136,0,0,3734.3395,535.0187925,0,3995.867718,0,142.7651008,138.3261269,0,0,0,0,103.4774084,0,0,104.6704598,0,0,0,0,206.7851617,0,0,8.298202756,51.71680658,98.07269994,336.222596,48.26020037,3.549605766,16.25827856,4.139950508,24.47353428,591.7440598,0,77.26480571,41.64697423,70.95395285,0,419.4829446,7.636320071,0,0,0,96.49956678,48.5716948,0,1697.618541,17.72352181,988.7455324,131.786118,0,0,0,0,11.29710299,0,0,0,72.05077604,75.9346647,0,7.230616435,0,12.42760648,4.425306616,0,0,10.12486529,32.4394136,0,0,15.02108644,0,0,63.45899319,0,224.9668357,0,0,11.63878106,61.4575259,0,0,3852.091224,0,229.9886138,0,0,0,97.62317794,0,0,0,69.95506762,8.132154958,0,0,0,201.179012,0,1366.758531,52.67227436,32809.14396,0,0,0,0,8.91372981,2905.965264,0,3.437805345,22.34161695,8.997507177,0,165.2627237,11.55011667,0,83.78997161,0,47.03466845,2.443185203,132.0529557,226.661237,0,0,60.79092809,610.2101277,0,0,0,0,0,0,63.62876191,233.1317585,0,1487.486105,0,0,0,1554.407865,25.36844261,0,0,0,40.06570529,29.99385243,1031.925183,0,12051.38096,186.3717641,0,0,0,444.8870493,9.324101757,68.88952466,0,34.98030089,0,0,0,0,129.8814346,0,194.5883898,129.2054606,110.4569251,81.06459078,0,73.83685658,177.2498491,0,0,0,1277.862501,230.8820193,0,0,1166.288271,0,0,0,0,0,12.64498965,0,0,0,86.52679176,1.63054681,62.59847969,4.439872806,0,0,0,12.38841168,0,0,0,577.2989191,0,0,0,10.58612934,0,0,0,0,0,95.36761617,0,1029.298699,0,0,427.1202858,0,45.27272399,0,0,0,0,0,0,0,0,0,0,0,21.2134993,9.809593428,0,0,0,0,0,0,831.2459414,0,0,0,1512.99546,28.49239145,20.32525031,91.64130933,0,1027.050426,0,206.5584004,0,15.03779697,0,1234.562189,0,0,0,0,0,0,0,0,7.728939008,22368.00939,0,96.03968473,22.11998569,0,0,6.626247669,6.923766568,0,0,17.54501544,119.0334916,68.7228936,0,4.483923244,0,13.59562566,0,19.12287613
"32","10350",0,0,0,33.58078012,0,0,335.7995521,17.60699975,20.85810904,0,0,33.27776374,0,1952.810013,181.9176582,0,1599.839278,0,21.49112111,0,5.21357123,0,118.3941188,0,0,566.1006348,0,27.27380655,275.9092087,4380.496961,0,81.30016091,240.955387,0,0,66.37979865,30.96206256,0,62.82725926,488.6901864,5.582860257,0,0,38870.16781,954.8283045,0,0,111.3445579,4.656630445,12.52416928,0,0,0,0,308.0800496,0,0,0,26.46141072,515.3836842,23.09057311,0,1674.245572,318.9623158,0,4.76492301,0,0,0,0,0,0,2.758770638,7.295449829,9.37442018,2.470910286,0,2149.414275,0,0,0,0,40.49827138,0,0,170.710899,48.59894682,55.78902479,0,0,0,0,0,0,0,17.22446758,0,0,0,0,0,0,180.0476513,86.47851784,0,397.4120748,0,0,0,853.8142067,12704.72024,0,0,15.58376786,0,0,0,425.0918788,10.66477482,0,1812.40934,2228.269334,216.0543158,84.59289192,44.40925928,0,0,42.56526077,0,0,0,0,0,6.61508845,11.01774995,12.72610144,0,0,263.1958951,0,0,217.0623594,26.40316702,1.261941657,0,0,24.98318537,0,7.807749784,0,0,0,0,376.7155048,0,0,0,0,82.82821813,0,94.13492335,0,0,0,0,0,0,27.18696086,0,0,1592.535551,1369.380356,0,1965.849972,0,181.8811592,376.8802743,0,0,0,24.93706544,149.5252162,0,0,94.28265566,0,0,0,0,628.5969933,0,0,13.48887467,1.944590253,6.326435458,75.96692036,0,2.873619874,7.755424424,0,8.41197419,618.984609,0,226.6162558,120.8705397,269.3406633,0,344.5595107,5.919107621,0,0,0,0,20.01431046,0,198.4464362,0,0,0,177.074681,0,0,0,17.20125867,0,0,0,37.79635086,0,0,7.409720106,0,7.413747861,0,0,0,3.599045161,0,0,0,0,0,0,68.21998553,0,578.3871623,0,0,0,0,0,0,5783.532399,0,797.8646795,0,0,0,0,0,0,0,51.57343679,10.49297757,0,0,35.48749411,161.4446192,0,982.823484,74.99937176,48661.92618,0,0,0,0,9.694754757,930.4196962,6.034097521,5.107155954,7.830295131,0,0,0,0,0,86.50719849,0,21.16229119,0,30.42303299,137.3959371,11.34222555,16.58703215,0,564.2157245,0,0,0,0,3.509480244,0,0,476.8381297,0,6600.236257,0,0,0,206.5927761,27.13398495,0,0,0,255.7490885,19.52873657,713.8368736,0,27850.05825,131.5827026,0,0,0,279.9744217,2.753770171,0,0,4.346525272,0,0,0,0,89.25763572,0,255.2214664,3.548791233,67.64423951,0,0,44.98577779,84.295228,0,0,0,601.9746752,237.5309702,16.17899063,0,1353.111087,0,0,0,0,0,0,0,0,0,310.3068788,6.71095907,2.6751884,6.58245414,0,0,0,17.46993604,0,0,0,259.2110894,0,0,0,0,0,0,0,0,0,0,0,385.9370669,0,0,0,0,0,0,0,0,0,0,0,0,0,0,0,0,13.87875616,3.78777349,0,0,0,0,0,0,190.3175485,0,0,0,4793.437975,73.96509742,30.92165148,112.0183655,0,463.4751629,0,11.97508408,0,0,0,0,0,0,0,0,0,0,0,0,22.12504535,12252.6114,1.944689656,100.2310934,15.26375459,0,0,5.115935582,6.926166921,0,62.08687194,8.336270486,61.80704696,8.986008467,0,0,0,0,0,54.66247122
"33","10353",0,1.337147676,142.1804312,157.9101164,0,0,0,0,0,0,0,0,0,8092.535357,725.2189543,0,1856.319624,0,76.8219211,0,65.9642829,0,31.86856409,151.0904573,0,1376.171387,0,0,49.21165814,6581.540045,0,34.75357282,1052.333154,0,0,1563.199566,44.47868476,167.6257071,35.90248803,0,0,0,0,26990.58607,3194.754591,0,0,47.13298214,45.80276929,2.235748025,0,0,0,878.7815369,218.7715681,0,0,33.77881766,217.5185256,318.5973384,22.26253208,0,241.1382271,96.07591285,0,0,0,0,0,0,0,0,0,0,79.92346871,355.4464066,0,1244.367018,27.11059686,0,0,0,118.4079139,0,0,993.4616981,20.53864895,112.2978912,0,0,0,49.24163994,0,0,0,0,0,0,0,0,0,0,0,5628.187399,34.08434659,2471.641572,119.6100707,27.88185204,0,539.2935363,15741.2151,0,0,0,0,250.9758895,0,2793.090758,0,0,944.7635029,3162.264864,0,133.5569312,13.54853663,0,0,133.3626501,0,0,0,0,0,12.2953297,19.54338103,10.57367532,0,286.5327925,3530.740451,0,0,250.5297923,55.07337947,5.722035178,0,0,52.6843136,1378.647731,161.4474476,0,18.18166848,25.40203353,0,202.0647296,0,0,0,128.9735728,65.19685779,0,19.46914867,128.5511625,0,0,0,0,0,146.2220055,0,0,1461.294242,525.0458386,1.341190023,5657.824465,0,125.7927039,503.3335338,0,81.62010559,0,0,41.98209369,0,0,85.61103765,0,28.12307959,0,0,300.5777112,0,0,8.502396241,29.34579118,34.60192334,251.8588899,0,0,431.8443648,20.48042695,27.65943862,2001.167451,0,257.3932958,0,0,0,518.4246586,17.81356223,0,0,31.70772132,0,73.04389896,0,1506.682925,20.17171217,233.690112,0,12.08275949,0,0,0,108.9554166,0,0,39.81938929,34.94775434,0,0,5.247685649,0,11.97508201,0,15.77292288,864.6785153,9.522637864,0,0,2154.859401,0,0,0,0,35.13792386,404.5735368,0,39.53830736,0,0,0,0,6362.101639,0,1984.683815,0,71.82533399,0,2018.200218,0,0,0,0,0,0,0,0,231.4227111,0,1243.12749,80.0870994,24221.70527,0,0,0,0,0,6361.408858,18.36246986,24.07360382,0,10.89667905,0,4740.629911,84.12711535,0,0,0,30.85331877,0,34.65495055,89.40673731,18.62441175,0,0,297.7678994,0,0,0,0,0,0,0,122.6031062,0,1766.048716,0,0,0,6449.227318,60.81297195,0,0,0,29.93582456,0,497.8187653,0,18252.18598,404.8119053,934.3090924,0,0,395.9151733,0,0,30.12295133,25.19708244,0,0,0.801315545,0,2668.217573,0,229.1797296,2371.937371,0,0,0,153.6211911,71.5050006,0,0,0,668.4411757,776.8820355,0,0,666.7867655,0,0,4.563431801,0,0,9.671983323,0,0,34.27218694,2474.627454,4.193170285,0,0,0,0,0,0,540.6375669,0,0,465.3698005,0,0,0,10.14511657,0,0,0,0,0,97.57855931,0,2269.867273,0,257.6605828,669.6075265,0,0,58.94259149,0,0,0,0,0,0,0,0,6434.227227,0,156.0842151,54.12382599,0,0,0,4771.977949,0,0,2809.849372,0,0,0,1670.400014,19.19447691,115.4052441,0,0,0,0,86.28470827,0,0,0,248.9631776,6.05330763,0,0,0,0,0,0,0,13.66014026,22586.14601,16.6647178,417.14692,1001.923775,0,470.1171111,7.062700684,22.06155071,18.24675062,0,7.826388225,132.1013707,50.79562157,0,0,0,0,0,63.25224715
"34","10362",100.0555043,0.732827645,20.58990867,27.45450069,26.07105071,0,605.5325306,25.06917479,43.61227568,0,0,51.36139672,30.66283333,2720.038744,605.5102986,0,0,0,43.86035353,0,9.325841812,0,254.1366639,0,0,2363.009275,0,14.57984873,779.5679731,8015.536127,0,74.4351818,0,0,0,175.2749165,21.69357507,0,44.74455149,83.43575697,0,28.19759827,0,72348.22416,228.3529732,0,0,21.63666317,6.935012358,0,0,0,0,45.97929514,306.5061396,55.36429443,0,15.90528824,0,422.4202077,79.21455502,0,379.3103273,18.05763812,0,0,0,0,0,31.70060149,0,0,0,0,12.50211239,0,0,142.6893955,0,0,0,0,31.41603281,0,0,58674.71884,142.3162885,834.2336162,0,0,0,134.5109539,0,0,0,80.05939788,0,0,0,0,0,0,0,36.92078439,0,214.8026947,0,14.42024627,0,1006.456156,30066.28958,0,0,16.24435396,0,0,11.9310638,5965.914011,9.517457373,0,1351.512976,0,208.8173498,39.68636132,15.17407336,0,13.92908865,0,0,0,0,0,0,15.22178947,50.63195299,14.19431837,0,0,193.0439697,0,0,534.6722447,6.223430149,6.150031043,0,0,52.19806551,516.2121714,46.18911308,0,0,36.49500975,0,228.571136,7.235668585,0,608.3432912,199.8957058,116.6595088,0,105.695493,0,0,0,6565.286096,776.9836033,0,23.94942281,0,0,0,372.9301192,0,4479.65498,0,190.2134246,72.38856972,113.0692749,7.784798685,0,0,192.3644868,0,0,72.3882112,0,0,0,0,0,0,0,17.07248766,10.38421539,18.83507139,349.2860386,0,6.25562228,21.11417921,15.77072627,20.55005992,971.1309943,0,115.7932941,84.76633992,61.0914801,0,1017.603332,14.58850185,13.69314292,33.39423299,87.03309398,103.136883,42.00245148,0,10.04157966,0,628.3428817,135.9113631,26.9362843,0,0,0,37.00661366,0,12.11971152,14.5184667,85.15008265,88.8980566,0,39.62382556,0,14.64273785,0,7.969713612,21.90275424,0,0,0,0,0,0,0,15.55635029,0,272.5599168,0,0,0,47.30291383,0,49.52438708,11052.76915,0,193.2016909,19.86268429,0,0,0,0,0,0,209.0086093,111.4390899,0,1668.28819,313.4019943,398.3181573,2032.127066,1449.664441,37.67431013,71891.02175,0,0,0,0,0,94.53578999,14.31049078,10.07968581,41.11078519,81.70873809,0,28.05877889,9.529318655,0,0,0,18.05429921,0,69.52565544,133.2857186,14.50785185,16.5920992,0,536.5041415,0,0,104.2129363,219.9745764,0,0,0,172.1625554,0,1509.256789,0,109.0321983,0,365.916455,0,0,18.3501093,0,5926.675739,53.03194094,783.3363569,0,1621.064115,0,84.32915942,0,0,557.8280269,0,0,0,0,7.571579749,18.33920283,0,0,140.6804775,0,300.6511045,29.44648608,32.86140765,0,0,78.26124427,148.2554642,0,0,107.5583833,0,428.9437898,14.22752218,0,631.4205363,0,0,0,25.6702154,0,0,11.61971469,0,0,0,0,4.890379901,0,0,0,0,20.06259306,0,0,172.2760075,83.17808123,0,0,0,0,39.76248753,0,0,0,0,16.58623898,0,0,33.30111143,0,83.135562,4625.053138,0,0,0,0,0,0,0,0,0,0,511.0746862,0,0.3783237,0,0,0,0,81.67047546,0,0,4313.103365,10.45928331,0,0,0,0,16.2942643,0,0,1237.529626,0,0,0,0,27.05155037,0,0,0,0,0,0,43.60673298,454.3770914,0,40.57222266,2144.49477,0,419.512024,31.65613488,0,119.6082132,0,0,0,0,19.72162565,148.800418,330.3095501,196.672956,0,0,0,0,0
"35","10519",78.39199688,26.78611904,0,153.1958367,0,0,3848.914254,51.58283883,25.54253262,0,0,47.5106491,0,1834.913053,244.0273979,0,1437.344281,0,38.91470042,0,845.2779084,0,78.52116847,0,0,1429.888101,0,18.56218067,384.0839974,5242.897631,0,98.55012849,13.73587355,0,0,105.6391856,16.20277777,0,35.63376535,5758.391758,0,0,1.198965007,78443.3173,94.09825435,0,0,20.47011434,4.129341001,13.23720445,0,0,0,569.2028924,325.820536,0,51.9661677,15.02686693,56.0663998,353.5056218,37.64234984,0,520.7214387,75.30348649,0,3.918425629,0,0,0,29.10507317,0,0,0,0,25.72697098,4.864948368,0,795.0270678,36.61826081,0,0,0,68.7846506,0,0,0,52.396577,927.5724146,0,0,0,72.44372244,0,0,0,0,0,0,0,0,0,0,0,250.2924758,0,861.7289409,0,13.54171476,0,1464.155519,19027.73904,0,0,21.98090804,0,0,5.381593499,6221.328301,0,1.756934418,1571.63464,0,0,256.8581486,22.19056861,0,0,59.10499919,0,0,0,0,0,18.36438487,0,13.35864456,0,0,523.763806,0,0,312.128923,128.4427569,18.4373489,14.21453317,0,48.52648304,0,52.39485435,0,0,12.44516315,0,217.4430566,95.54297373,0,0,154.3538593,152.7894159,0,169.5350368,0,0,0,27.93188718,0,0,46.64523147,0,0,1258.462092,389.6028431,0,2812.05634,0,169.4661265,0,0,29.37661862,0,0,167.4313965,0,0,81.21366883,176.7128697,0,0,0,42.02553289,0,0,10.73534754,1.574515452,15.66813198,192.006074,0,0,28.16666903,11.71380666,19.74351651,3238.875367,58.62323251,244.2331012,57.84156413,55.33325446,0,677.086467,20.81387912,13.66141652,0,57.44615147,83.90001279,38.76160737,12.79611271,32.42144934,20.45430387,552.1010507,0,0,0,0,0,17.13108171,0,0,40.88131448,56.63232159,55.45342528,0,14.9643573,0,30.59270497,0,0,0,0,0,0,0,22.87413565,28.60770139,0,0,0,230.3166569,0,0,30.84324197,23.82365657,0,0,10257.25356,0,207.1897449,0,0,0,0,0,0,0,0,47.32700196,0,890.2412755,427.6579293,703.8320581,956.9153421,949.0764394,7.782613362,112336.1095,0,0,0,0,11.57086739,377.7860926,0,30.72365802,10.48511324,2.38850772,0,92.3755537,0,0,0,0,20.15799681,0,48.04718735,211.395714,0,15.8219842,33.38944181,612.2783574,0,0,0,370.33397,8.117886129,0,0,303.467719,0,2199.395268,0,0,0,0,0,0,0,0,26.54281207,0,962.7575811,0,46.02933969,0,497.6569432,0,0,0,7.322826116,0,0,15.05771925,0,0,0,0,147.766726,0,162.6096519,9.486241147,62.11342208,0,0,164.0530915,151.8360512,0,0,0,432.557771,414.3198635,0,0,598.9591052,0,0,0,0,0,0,0,0,0,0,3.835701772,12.41531217,0,0,0,101.7378947,0,0,0,92.51471223,120.3885667,0,0,0,26.27387865,0,0,0,0,0,0,0,973.9826657,0,0,151.4363822,0,27.83994427,0,0,0,0,0,0,0,174.5448431,0,5443.764504,0,12.98093847,9.802953314,0,53.26526231,0,0,0,0,163.2234723,0,0,0,3530.760477,0,21.411069,0,0,5432.162026,0,155.836182,0,6.151953861,0,0,0,0,0,0,0,0,29.15109053,0,5.828570207,1079.444683,8.552137417,622.3469207,18.20143263,0,0,10.07200544,13.2370877,0,78.27344713,11.30871021,136.9194648,0,0,0,0,0,0,75.70191581
"36","10537",72.8555317,2.768989579,0,94.86073498,0,0,381.0052935,54.97213862,30.91493221,0,0,13.1004144,0,2643.502083,230.871373,0,3180.153332,0,41.15892263,0,987.3743782,0,57.76186062,0,0,1289.935108,0,75.77226939,1151.08667,3640.568715,0,39.68420948,777.7693162,0,0,1075.867063,88.77837452,308.9106951,638.8304168,0,6.348274321,0,0,20126.74276,10624.68358,0,0,447.0617552,51.85733666,0,0,0,0,786.3501766,2441.170741,0,12.07138185,0,82.18628083,213.0469854,22.13727428,0,578.1331018,486.6160652,0,5.344123678,0,0,0,229.835373,0,0,8.346194261,0,22.30582255,0,0,444.4588443,0,0,0,0,73.13554088,0,0,747.2473363,0,38.74421651,15.24281555,0,0,0,0,0,0,0,0,0,0,160.0967564,0,0,0,3054.041393,0,650.4976105,46.39922794,7.738696323,0,949.0885639,7883.941773,532.7267994,12.4589588,0,0,0,7.962078092,315.4014764,15.63685941,0,4116.415322,0,471.9412559,471.3663899,19.88470457,0,26.36874669,71.77932376,0,0,0,0,17.43033669,10.03980681,84.17533199,138.063596,0,0,0,0,0,464.0073847,109.0184855,2.012461304,0,0,22.52861901,2477.529937,132.4579659,0,33.85026016,8.4182431,0,325.1702759,31.82947467,0,0,0,0,0,26.47296508,522.7532624,0,17.50304695,10.13115659,0,0,101.7121812,0,0,857.3759489,782.0795712,0,9456.258596,0,465.1443042,0,0,210.4199562,0,0,161.2738361,0,0,56.46995124,0,0,263.5288995,0,49.45692191,0,0,0,21.36304401,97.53002635,610.0529941,0,0,1500.745548,0,100.309477,338.6885023,92.57679529,121.3327306,48.78846897,88.74969563,0,172.6621782,35.36351583,11.89149664,35.6231432,0,0,77.04964903,10.34426678,2135.248295,24.06369133,280.6012541,0,2.348651083,0,0,0,50.42410382,0,23.26220562,31.27152315,22.39668124,150.0566181,0,0,0,248.7043012,0,0,0,21.58242699,5.940416385,0,0,530.9268134,183.2284544,0,0,79.88958404,336.2049245,0,0,0,23.75832684,0,0,497.9998147,166.1711757,571.1862724,0,32.38070801,0,0,0,0,0,0,5.673852016,120.7545415,5999.415475,46.75868707,76.26595898,0,1510.450004,12.02877631,15850.86318,0,0,0,0,9.179204816,11312.3013,0,6.554846181,11.57348877,3.475154161,0,54.13375199,0,0,0,0,33.8331415,4.263188904,62.36821147,988.9288366,36.34774017,0,0,540.6426594,0,36.27587826,183.3276139,313.6145699,0,4.542603444,0,66.14763474,0,1728.828138,0,0,0,2346.837825,0,0,0,0,337.9025891,0,1124.603114,0,462.9791559,284.5980106,2553.336528,0,0,0,1.743303806,0,0,2.518269982,2.986376487,0,0,0,425.3564928,196.6632201,195.2068544,75.23517424,0,62.07761162,0,97.94979366,61.75687817,0,0,0,398.2683607,334.8645266,149.9931631,0,610.0314842,0,0,11.15939792,23.38556278,0,44.64555423,0,0,0,2084.306182,5.290411309,14.81622026,8.096492708,0,0,0,0,0,0,93.87949722,234.1453639,0,263.8561821,0,0,0,0,0,0,0,27.91250776,76.24363512,731.3809152,32.62283366,41.53277391,97.50177589,0,27.8883539,0,0,0,0,0,0,0,0,0,706.0425986,0,209.3817042,39.98940044,0,54.95726779,0,743.9538624,21.09647746,0,0,0,0,0,1437.203087,41.61806317,46.19886414,0,0,351.9316177,0,47.77751885,0,0,187.2469482,804.1652893,0,0,0,0,0,0,12.66144393,0,9.045332067,14106.94638,0,177.6994142,956.3042184,0,0,56.86466172,7.261356474,3.459472383,0,11.15593311,154.6287109,68.62218706,0,0,0,17.82996444,0,31.3049861
"37","10592",68.29410456,10.38741835,8.347616111,100.9928599,0,0,125.6049245,37.84150736,48.74109824,0,0,76.61581173,0,10652.95962,182.6485408,0,0,0,20.57111364,0,18.44197745,0,269.7803144,0,0,3044.781099,0,32.48445705,40.70502279,5044.413872,0,68.69448767,0,0,0,275.5586617,157.6105557,0,240.2541018,0,0,0,1.324750994,106261.6083,4678.451291,0,96.24654521,111.351519,5.694681622,0,0,0,0,2425.28283,1157.223246,0,0,33.82817791,9.535424365,1116.577653,40.6073701,0,4934.003782,751.4795727,0,0,0,0,0,0,61.6636516,0,11.47578173,7.862191416,9.076724902,0,0,9.258826618,0,0,0,0,28.70861351,0,0,36853.41222,88.94211573,63.28392535,0,0,0,67.79964015,0,0,0,489.4941396,0,0,0,150.1539652,0,0,0,400.535868,0,509.4725189,0,21.56683365,0,1841.955828,13478.2908,0,0,18.30699021,0,256.2330277,21.22463759,565.3483737,38.0763773,0,12159.05179,0,615.8402493,176.14276,226.0776129,0,51.4071296,188.938327,0,0,0,0,50.015972,11.3170221,25.63393572,49.84044574,0,0,240.4199828,0,64.97302978,2457.708037,413.7899717,2.850314587,0,0,53.24051927,0,41.08650335,0,0,18.62366556,0,1868.662529,42.79945404,0,494.713921,0,50.35890654,0,261.6392438,0,0,0,27.28505877,0,0,63.76043918,0,0,3390.410381,4353.874509,0,12985.37522,0,212.6184465,0,0,0,0,0,981.6624372,0,0,493.9016696,172.5759128,0,0,0,0,0,0,26.15264659,8.057768928,31.04268416,229.3237543,14.43746583,9.048565738,83.621415,35.3376387,62.879034,680.0990684,70.32543663,232.4289268,122.8107882,227.1068927,0,278.8327791,35.33901469,19.60988962,0,0,174.2982709,65.99668501,0,292.042955,19.30999998,478.4971049,0,0,0,0,0,28.8367727,0,0,48.94927171,135.2181401,107.5875789,0,0,0,0,0,0,0,15.08411167,0,0,0,0,0,0,38.9753282,51.88303151,2586.955002,0,0,13.61032642,24.38361369,0,0,11593.13417,0,2880.878043,64.6205711,0,0,61.92193887,0,0,0,197.3974303,11.73401153,212.3054461,3578.449663,0,99.46153919,1054.727761,10050.68976,25.30695619,88751.91158,0,0,0,0,12.51538548,2202.290606,0,3.888482784,0,0,0,1246.127385,0,0,97.37831393,0,52.61553347,5.808798966,42.138112,179.7342496,29.15682013,19.37400337,0,605.9652422,0,0,108.6608795,46.07604351,0,0,0,206.8139337,3.388860256,51068.47956,0,0,0,3944.328077,692.755409,0,0,0,0,0,997.0052984,0,272.9686797,202.6983277,312.5945599,0,0,0,0,0,27.98538128,10.36311611,10.66010816,11.04739955,0,0,127.4822575,0,1961.521356,44.67570826,0,81.11557816,0,140.8169479,132.2544589,0,0,8595.488927,584.9157467,256.5561189,15.50930615,0,4912.486254,221.7676603,0,0,0,0,25.91334837,0,0,0,0,3.667155974,64.54560428,13.87802604,0,0,0,0,0,26.84133786,198.9161303,1506.939619,0,0,0,0,0,0,0,0,0,143.205675,518.5576217,608.9807298,0,0,430.8424745,0,0,0,0,0,0,0,0,0,0,0,8589.267479,0,58.31973333,0,0,13.90541345,0,250.8219624,0,0,1123.94915,0,0,0,7035.366195,0,48.18104051,0,63.96722335,0,0,334.180689,0,0,0,433.1798908,0,0,0,0,0,0,26.74657136,0,10.94225034,8633.336496,0,154.4654923,30.86719434,0,143.7508158,0,0,0,0,15.81474134,0,0,0,0,0,0,0,97.40899643
"38","10632",15.44070027,1.590006443,8.186382895,46.1970943,0,0,412.41404,19.43346903,30.08984398,0,0,29.86098799,0,1330.566603,209.3879602,0,0,0,26.20887487,0,9.173429177,0,111.5603089,0,0,1019.294813,0,0,260.6237458,3582.46693,0,85.52174256,0,0,0,61.68177665,25.64398482,0,27.63520042,210.8655754,0,0,0,35613.29056,819.3845008,0,23.48181538,31.10764971,4.188018395,5.102834639,0,0,0,717.4023495,206.8199009,0,0,0,18.08368979,208.6104721,40.86115384,0,10.96359011,11.66947694,0,0,0,0,0,0,0,0,0,0,11.35947679,0,0,2692.951586,0,0,0,0,39.81506084,0,0,31846.30599,59.42175486,0,0,0,0,57.11349216,0,0,0,0,0,0,0,0,0,0,0,181.2629201,0,302.8004062,0,9.725540726,0,428.3475681,14687.97359,0,0,3.478341263,0,0,0,2380.127309,0,0,1066.299777,0,0,173.5602724,1635.521837,0,0,67.16545642,0,0,0,0,0,0,25.72514148,11.6310637,0,0,493.6605842,0,0,217.5753254,2.01928424,0,0,0,28.56508302,0,36.07906931,0,0,0,0,201.321585,0,0,579.2311792,104.5457118,47.8625954,0,68.42727354,0,0,0,9.494553773,0,0,156.712268,0,0,520.6932994,215.5592171,0,2874.693177,0,238.4168678,0,0,0,0,0,129.2201917,0,0,44.94769474,0,0,0,0,141.8497686,0,0,16.1406879,3.86718681,8.83971676,44.1771048,0,0,3.528858249,16.76938111,22.79882691,1089.447323,0,43.32376101,51.14217674,0,0,523.2985106,9.745084782,0,0,98.61338073,0,36.75933577,0,6.383620163,85.20744786,264.7703757,0,7.82767442,0,0,0,27.46614563,0,0,0,26.55729426,93.25577667,0,33.67215923,0,27.82618984,0,0,150.2115352,0,0,0,0,0,0,0,0,0,190.3374293,0,0,9.297294747,0,0,98.59472461,5450.98546,0,155.8805477,0,0,0,11.61480093,0,0,0,0,9.034055089,0,0,217.9472344,433.9768931,0,931.8678782,17.21517526,34935.44938,0,0,0,0,0,90.32927533,0,9.564643038,0,0,0,82.64947842,42.18353543,0,0,0,6.459836226,0,18.03340793,39.55384182,0,0,0,259.4754856,0,0,68.23785353,0,0,0,0,163.2615664,0,606.2317857,0,0,0,96.30840671,293.3211661,0,18.71632986,0,214.9298285,0,449.8351277,0,3056.006495,221.2946184,584.8661361,0,0,0,0,0,111.7818675,31.97501647,0,29.42030326,0,0,142.2849079,0,184.0891664,8.379896804,0,0,0,60.93057148,69.29892619,0,0,0,304.6431086,155.3499453,10.2293526,0,456.9205971,0,0,0,0,0,11.93229754,0,0,0,0,0,5.878404807,0,0,0,0,23.49888712,0,234.3385681,73.02344723,82.91295618,0,0,0,0,0,0,0,0,0,0,0,237.5425693,0,0,0,0,0,0,0,0,0,0,0,0,0,0,130.0471083,0,4.35574863,0,0,0,0,0,0,0,2516.489625,0,0,0,2799.315244,0,33.95015571,0,0,1103.419958,0,0,0,0,0,0,0,0,0,0,0,0,28.98844122,0,20.3438425,513.749646,0,146.6788382,17.64049316,0,78.48179752,0,0,0,0,7.420160741,485.6334094,0,245.7106997,0,0,0,0,22.9519701
"39","10639",25.22498627,0.454285157,10.54562588,35.7264875,0,0,101.0832328,15.39604742,0,0,0,49.72277029,0,4038.260977,882.7964922,0,0,0,42.8553874,0,23.19763561,0,46.69906496,0,0,901.3116134,0,12.37237296,79.83182799,1906.899783,0,80.66887007,0,0,0,1270.691345,43.24955866,0,0,0,0,0,0,39040.84231,7211.299409,0,0,40.27958147,40.1346396,0,0,0,0,13328.23393,95.24671955,0,0,0,18.43794413,147.4788986,0,0,1289.247726,2554.114276,0,3.966356515,0,0,0,0,0,0,0,0,7.910943224,25.91375977,0,2140.084432,0,0,0,0,67.96940252,0,0,48919.56328,0,183.1163781,0,0,0,0,0,0,0,0,0,0,0,0,0,0,0,117.6395905,0,3876.915671,0,0,0,480.5340793,7942.565949,0,0,19.72648549,0,0,4.567536237,2466.477586,0,0,688.6041957,0,0,0,740.1336152,0,0,41.56076968,0,0,0,0,0,0,7.271365235,5.394381122,0,0,327.8423311,0,0,181.0027049,20.63458159,3.054297665,0,0,62.25597318,0,3616.893685,0,0,0,0,148.2254958,23.55726435,0,586.7169479,0,57.20356201,0,31.73435166,0,0,0,0,0,0,26.50189205,0,0,778.2266744,241.953689,0,3006.701207,0,40.53690613,0,0,0,0,0,103.3957216,0,0,88.94344177,0,0,0,0,0,0,0,12.52743487,18.22338065,52.82145943,618.2686564,0,0,22.17399835,23.29507154,146.4772692,27.65560191,50.23235095,141.9700478,59.77381016,51.26621055,0,74.89740289,11.38128126,0,0,0,0,194.9330354,0,105.7609251,0,653.2166898,0,0,0,0,0,16.5626693,0,0,0,55.51948106,0,0,53.97704034,0,0,0,0,182.5981915,5.167331642,0,0,0,0,0,0,0,0,242.0567662,0,0,0,0,0,0,12552.77894,0,101.7528025,0,0,0,19.03932664,0,0,0,0,0,0,1400.61182,151.6233791,470.7555455,150.4876661,27213.20358,10.99456882,62952.14098,0,0,0,0,0,623.3663525,0,21.85528734,0,24.17885767,0,125.94459,72.06434283,0,0,0,112.6874639,0,51.61264886,21.49000172,15.68337549,0,446.4393469,643.2710789,0,0,0,226.9070887,0,0,0,242.5073424,0,1587.937828,0,0,0,177.224177,35.33681539,0,0,1.036549017,0,0,413.7646119,0,76.61610753,389.1284436,169.9437048,0,0,0,0,0,18.78570446,0,0,32.83239613,0,0,226.6698344,0,155.5419628,13.73657573,0,0,0,108.9695392,88.37860704,0,0,0,421.7652642,0,0,0,516.8956333,0,0,0,0,0,36.15610469,0,0,45.00414174,0,0,9.391715443,15.62314255,0,0,0,0,0,128.3780621,50.43313791,474.8371263,0,0,0,0,0,0,0,0,0,78.923415,0,178.5283351,0,925.7169486,214.3911264,0,7.421007881,0,0,0,0,0,0,0,0,0,6247.860697,0,373.6025584,21.51558729,0,50.48840774,0,172.5497393,0,0,235.7154031,0,0,0,3875.963457,7.571654131,115.7607877,0,54.55493963,0,0,68.20451517,0,0,58.58067976,0,0,0,3.436605232,0,0,0,28.38024446,0,18.11590138,1815.224489,0,333.0689264,20.81552225,0,93.6203059,0,0,0,0,10.88338597,0,0,0,43.04274079,0,0,0,100.0659412
"40","10647",54.85035736,0.436672352,9.288998404,155.389685,0,0,0,20.88658775,40.75764579,0,0,61.31778617,49.55883777,6861.955367,814.0445979,0,0,0,26.02299588,0,0,0,79.53916179,0,0,1005.790326,0,38.5335396,508.7816604,4656.26874,0,83.14701864,0,0,0,130.3136162,40.09560744,0,94.69570971,155.8380136,0,0,0,101716.6441,4141.627412,0,89.54325297,88.84618557,23.90340711,0,0,0,0,1264.564162,205.1484979,0,85.96498424,0,0,589.3208647,0,0,1161.369961,280.122097,0,0,0,0,0,0,0,0,0,0,34.79151831,0,0,867.4390021,143.6134877,0,0,0,77.23602965,0,0,87451.37898,117.0452987,294.8004981,0,0,0,80.22799587,0,0,0,0,0,0,0,0,0,0,0,225.24222,0,300.5511426,8.270427013,13.98481224,0,719.9272071,13656.90167,0,0,44.45598452,0,439.5942115,7.117825276,3827.037367,0,0,2963.322788,0,0,0,652.8071119,0,0,71.79448993,0,0,0,0,14.44550929,7.900605064,0,20.7854129,0,0,489.4254123,0,0,537.7838556,83.8043674,0,0,0,52.80270868,0,82.19992749,0,0,0,0,1270.122741,23.78961448,0,775.1962646,0,364.9387359,0,142.2673394,0,0,0,29.7022121,0,0,47.13263127,0,0,2778.506986,2221.94619,0,4261.164028,0,82.51019736,0,0,0,0,0,308.9567255,0,0,62.60015451,0,0,0,0,0,0,0,0,26.00176568,10.7168415,132.5335103,0,11.2336331,89.12282389,0,34.66563859,861.3873611,64.62831577,331.5897807,84.75077771,75.70022883,0,331.4742057,13.17710359,0,0,0,269.6106904,78.59406372,0,89.57230818,0,507.0240649,0,23.93493291,0,0,0,23.18937971,0,0,16.25603509,25.36365227,0,0,9.220851073,0,20.47411274,0,0,340.0336194,6.819876569,0,0,0,0,0,0,0,24.80245064,1009.029032,0,74.22402647,0,0,0,0,11094.92717,0,1029.434995,0,10.60576493,0,40.15323023,0,0,0,0,16.37467585,0,1371.345294,196.1286869,138.1145069,3217.820471,2009.421876,50.21700761,94227.62253,0,0,0,0,0,2315.376133,0,19.30007377,0,0,0,100.654127,0,0,0,0,16.04906298,0,50.38993667,196.3103591,27.98852211,18.97024989,0,685.2515132,0,0,0,979.3100572,0,4.546971239,0,749.2759064,6.445134779,6080.885216,0,0,0,1121.125431,661.9851404,0,0,0,28.63476972,0,704.7255334,0,3567.452172,196.1793083,0,0,0,0,0,0,18.7410878,31.0075847,0,186.9008137,0,0,234.2758498,0,673.6467823,28.9699262,0,0,0,0,81.58223239,0,0,2194.937923,425.4846844,450.9519899,15.72956103,0,2971.566146,0,0,0,0,0,19.13715473,0,0,0,153.076268,0,7.425807496,18.90246735,0,0,0,0,0,1225.620061,118.5834378,535.1957981,0,0,0,0,0,0,0,7.210859769,0,0,0,246.776131,0,0,0,0,0,0,0,0,0,0,0,0,0,0,1890.902289,0,13.10097484,0,0,18.54953837,0,0,0,0,653.829823,0,0,0,10955.01784,0,64.07619591,0,0,2155.705728,0,52.71872245,0,10.21414839,0,139.1658043,0,0,0,0,0,0,25.71647634,0,51.12485818,2463.373733,0,0,202.2860458,0,96.65510891,0,0,0,0,8.567705972,0,0,0,16.15973707,0,0,0,77.83610212
"41","10661",26.9986576,0,15.70174081,18.84742361,0,0,517.0628302,5.66563838,22.53611182,0,0,6.683141854,41.6416856,958.3759245,186.6532105,0,0,0,51.37060059,0,16.49179932,0,92.74973825,0,0,603.4525653,0,12.71957227,198.330312,3842.85953,0,171.5258829,0,0,0,73.53119692,0,0,0,0,0,0,0,25695.95554,15.0716244,0,0,16.97157768,9.216513247,10.495285,0,0,0,0,13.21222957,0,0,0,40.93627192,170.7434501,50.96375631,0,8.861104448,104.0406669,0,4.035840821,0,0,0,0,0,0,0,0,9.440566967,0,0,918.5391322,0,0,0,0,67.28933277,0,0,41618.72449,65.62216919,65.77682149,0,0,0,73.77022389,0,0,0,0,0,0,0,0,0,0,0,36.43172522,0,342.2591187,0,12.6564618,0,393.8656349,15272.47891,0,0,0,0,0,0,843.1040807,0,0,500.3741553,0,0,0,0,0,0,43.73294122,0,0,0,0,0,7.313098973,34.95428963,5.590062656,0,88.25425579,631.5226589,0,0,168.300027,5.295399644,0,0,0,41.75206602,0,31.87406176,0,0,0,0,98.28045344,0,0,592.9063252,159.9862591,0,0,35.949133,0,0,0,9.106191494,0,0,12.29603236,0,0,788.925305,133.3987168,0,2168.393828,0,31.75925204,0,0,0,0,0,30.58918422,0,0,84.70660804,0,0,0,0,0,0,0,0,0,3.871603741,32.17071778,0,0,22.30229888,34.07194882,9.190408423,1096.654097,0,80.95203197,53.79512384,28.61195137,0,511.931245,4.711829404,0,0,0,0,36.75712246,16.03321654,8.277421115,87.96544988,334.2846989,0,0,0,0,0,23.95040602,0,0,11.09545046,45.26456063,0,0,16.94878218,0,20.1300025,0,8.744648764,0,0,0,0,0,0,0,0,0,0,121.8964242,0,0,9.465507016,0,0,0,2967.903134,0,79.65556373,0,0,0,35.38770995,0,0,0,0,11.95756815,0,0,375.6605389,832.1288136,0,952.2812347,15.64798707,23790.33006,0,0,0,0,0,31.27374718,15.8043452,5.672373625,13.67236281,15.1831236,0,87.60226706,112.2830842,0,0,0,54.88203261,0,22.82532492,52.67315472,0,33.88636579,0,289.1772737,0,0,0,106.6609444,0,0,0,19.27822131,0,704.6900839,4.393864423,0,0,261.9380484,0,0,0,1.028679283,22.21298726,0,328.4397775,0,0,309.9973595,0,0,0,0,0,0,0,0,0,0,0,0,53.11063244,0,109.3403972,25.53167802,0,0,0,70.19182135,0,0,0,0,366.3569553,0,0,0,288.7802565,0,0,0,0,0,0,0,0,0,0,0,0,0,0,0,0,10.17302918,0,36.84553102,0,133.8125725,0,0,0,0,0,0,0,0,0,0,0,385.8220163,0,0,0,0,0,0,0,0,0,0,0,0,0,0,0,0,0,0,0,12.57697367,0,0,0,0,91.58095175,0,0,0,1722.125981,0,74.45284179,0,0,653.1703492,0,0,0,0,0,0,0,0,0,0,0,0,10.00442256,0,5.245078878,529.4234887,0,170.2756575,13.07552293,0,70.69192337,0,0,0,0,8.87702283,0,6.54570125,351.6000157,0,0,0,0,0
"42","10684",0,0.622760931,11.22725677,64.5094274,0,0,398.7996264,11.60790911,0,0,0,51.67350655,0,2820.352939,384.7958653,0,0,0,47.51351418,0,15.59399432,0,119.4757898,0,0,1726.852117,0,0,450.99474,4138.867565,0,212.0616097,0,0,0,166.0080558,28.98618312,0,0,0,0,0,1.77085765,56189.52913,21.86839693,0,0,24.47945753,2.273300683,3.637033839,0,0,0,2906.224015,133.0930579,0,0,12.05395039,0,323.9412373,39.81060937,0,17.01440208,5.20675599,0,0,0,0,0,0,0,0,0,0,18.47635108,0,0,2176.759726,0,0,0,0,29.29267947,0,0,35559.19073,285.4986815,54.82157649,0,0,0,75.29004892,0,0,0,0,0,0,0,0,0,0,0,57.75371059,0,173.2403243,0,44.60785331,0,905.0001914,24779.37288,0,0,12.19685946,0,0,9.629746769,3737.592556,0,0,2425.846375,0,0,0,1393.203113,0,0,80.45361681,0,0,0,0,0,19.13569701,26.70281452,21.1101601,0,403.9011079,3465.697915,0,0,517.2180365,4.347548655,0,0,0,43.45492593,0,64.68126569,0,0,12.10965246,0,307.6799447,0,0,511.9508143,176.0835555,115.8035441,0,253.7536811,29.94001415,0,0,5.144133746,0,0,19.20591081,0,0,475.5169469,371.1076312,0.9359123,3387.967073,0,30.14876355,0,0,0,0,0,181.9651782,0,0,95.80572927,0,0,0,0,0,0,0,0,0,6.948383133,78.66919555,0,0,29.33570969,0,24.38232308,734.9485699,0,124.663072,50.67941992,0,0,945.863282,17.95485684,0,21.99924065,21.97683127,0,49.65789776,0,31.62157449,0,402.789023,0,62.49365968,0.284841731,0,0,41.41438673,0,0,6.52985269,89.73943128,158.9083213,0,20.88379995,0,38.30335081,0,0,92.63658182,0,0,0,40.46978028,63.7351386,0,0,0,0,211.2990691,0,0,25.27221932,33.07734624,0,82.13267389,7476.988085,0,166.132063,0,0,0,21.11294955,0,0,0,0,14.09011377,0,0,431.4179911,182.1805282,598.042274,1636.633986,114.7234567,58155.01695,0,0,0,0,0,594.9104885,0,9.382384807,0,9.336675523,0,69.8917052,41.46154687,0,0,0,18.20679918,0,32.49291914,66.48524951,0,40.8739109,0,467.9206985,0,0,0,82.47629485,0,0,0,215.7405018,0,1597.714456,0,0,0,1798.346792,636.4127063,0,0,0.75381786,0,0,887.3355242,0,619.4188279,379.3726881,0,0,0,0,0,0,3.286514017,0,0,48.71300553,0,0,237.0211137,0,415.7525518,15.46694149,0,0,0,72.81876849,71.78969879,0,0,61.56105045,0,343.0516858,12.36671567,0,797.05318,0,0,0,0,0,0,0,0,0,0,0,13.47963377,0,0,0,0,27.43670456,0,852.0865807,116.8458353,224.0079288,0,0,0,0,0,0,0,0,0,0,0,300.0580631,0,0,47.78985583,0,0,0,0,0,0,0,0,41.96675944,0,0,0,0,0,0,0,38.30194874,0,0,0,0,0,0,0,0,3866.883432,0,32.14553494,0,0,1662.404401,0,0,0,0,0,0,0,0,0,0,0,0,41.70698221,0,31.62110571,964.8247842,0,78.57371043,31.18201704,0,71.5018967,0,0,0,0,18.29946124,0,201.908581,650.0311579,0,0,0,0,0
"43","10698",44.90822661,2.330962498,23.48137246,50.54589931,0,0,0,22.22302457,34.08901448,0,0,58.28991754,129.788761,4517.324581,678.8420497,0,0,0,25.51558997,0,22.09152318,0,164.7562739,0,0,893.3901367,0,25.19297535,21.76359467,6544.709791,0,39.2765343,0,0,0,227.6458121,36.71506244,0,244.8185203,0,0,0,0,87305.24859,4164.409032,0,0,69.27066526,0,0,0,0,0,374.7278967,338.3795244,0,0,0,58.02965508,659.2847662,58.84595209,0,206.7423067,455.8194439,0,3.347955665,0,0,0,0,0,0,0,0,9.462145825,0,0,7.425935989,0,0,0,114.8159508,65.28120806,0,0,43227.90961,26.45092803,0,0,0,0,86.00266938,0,0,0,0,0,0,0,0,0,0,0,598.940797,0,2885.012558,0,20.68115655,0,1123.404874,15039.79236,0,0,18.49921772,0,55.22296755,4.489358432,2954.882921,16.99953057,0,2367.209013,0,91.15919151,0,143.8893238,0,0,59.554161,0,0,0,0,0,20.48993821,10.49688398,16.05939167,0,0,675.1210412,0,0,344.5248112,12.10604481,0,0,0,280.7507603,0,110.7564887,0,0,16.9659368,0,1219.870962,0,0,634.1931154,0,894.5874747,0,123.5734985,0,0,0,32.40494039,0,0,49.95209279,0,0,1021.357834,7809.160367,0,3801.325322,0,140.3403705,71.19746668,0,19.63635861,0,0,129.4483572,0,0,148.440071,0,0,0,0,0,0,0,44.21132305,4.964262546,33.14540177,145.6485503,0,0,47.96876171,0,26.67366057,799.0436389,0,112.3771487,80.38507345,83.69052611,0,405.0979294,7.936389718,44.35717157,0,54.04416593,105.42561,72.12751242,0,463.1037111,30.15258198,617.1910671,0,0,0,0,0,23.58394486,0,0,29.90286533,126.1767079,0,0,8.939143615,0,0,0,0,64.0950926,5.10134829,0,0,1540.074319,0,0,0,0,7.943687914,571.0369519,0,0,0,64.63165397,0,56.70123865,9424.2656,0,164.726847,73.37442135,0,0,15.26087253,0,0,0,96.02116731,10.45758592,0,5565.945003,0,54.59815671,0,1563.363511,44.76093152,102567.7595,0,0,0,0,0,5360.983208,18.03331477,13.44031739,0,25.23321811,0,1645.661588,76.45609661,0,0,0,11.1449949,0,47.19171432,285.1368858,20.33729435,0,0,675.4098954,0,0,0,0,0,0,0,189.1702879,0,1159.146862,0,204.8672102,0,770.4897419,28.69676554,0,0,0,8273.50412,58.58323411,1079.166747,0,0,247.7777348,190.0742578,0,0,362.1192009,0,0,0,0,0,15.42874263,0,0,137.4234975,0,266.4279992,11.01048031,28.73831422,28.94532541,0,122.0559371,146.7766661,0,0,124.5694301,382.3270338,378.8826466,14.74321026,0,12257.44608,0,0,0,0,0,51.07258219,0,0,0,2469.617505,0,3.165886214,0,0,0,0,9.157676375,0,168.4885749,119.7687464,2427.668935,0,0,0,0,0,0,0,0,0,85.12915492,0,605.248023,0,194.4210012,226.7938449,0,6.736641492,0,0,0,0,0,0,0,0,0,0,0,47.75016696,13.79571398,0,0,0,196.6493686,0,0,0,0,0,0,13148.36027,0,22.10261928,0,83.27475776,4923.040298,0,6.712045822,0,0,0,0,0,0,3.329183191,0,0,0,263.088956,0,6.92671647,20840.66563,0,134.9925938,24.93973569,0,100.6791216,0,0,0,0,16.74687304,0,7.894283041,0,0,0,0,0,0
"44","10701",17.70529671,0.341524045,16.93372956,45.37507164,0,0,9745.288974,14.40869209,44.46210872,0,40.9840827,14.44482208,55.21152109,2102.836438,315.2623714,0,0,0,95.4834494,0,12.44502638,0,74.81750599,0,0,1312.1593,0,0,89.73522072,5932.76944,0,101.8168737,0,0,0,76.43302317,24.54695088,0,0,306.9888841,0,52.27190246,0,41205.41187,8686.930283,0,0,9.209835724,16.11669259,0,0,0,0,364.1840898,179.4009784,0,0,0,26.77408929,146.4551491,0,0,8.195739053,6.903666462,0,4.31798425,0,0,0,22.63162918,0,0,0,0,0,0,0,27.58304366,0,0,0,121.9654001,49.62047907,0,0,35928.36932,53.76509111,57.90893733,0,0,0,25.93198175,0,0,0,0,0,0,0,0,0,0,0,24.07803777,0,1048.19583,35.35903283,10.68723729,0,535.5804796,25678.7091,0,0,0,0,0,10.32094621,1141.568264,0,0,769.5731516,0,140.3378824,0,13.02654541,0,0,80.79080848,0,0,0,0,0,6.443815959,48.77086018,14.01513549,0,0,477.5073803,0,0,456.6577804,315.9541279,0,0,0,42.94532315,0,59.78519194,0,0,18.31159795,0,189.8748789,40.36263836,0,599.1019806,0,50.78203756,0,255.772074,0,0,0,15.99282203,0,0,27.12412185,0,0,964.2469349,534.1682262,0,4171.952799,0,56.21767192,42.90003814,0,0,0,0,171.7692336,0,0,53.86228679,0,0,0,0,0,0,0,0,8.719260649,4.268936026,50.67819782,0,0,22.27777296,14.2591418,16.12216152,63.08609401,0,91.3880623,56.22383298,25.24095861,0,468.1328081,13.32050398,37.56966891,22.76947149,0,0,49.04332935,0,9.433877521,16.3708773,364.0050458,0,0,0,0,0,31.73124676,0,0,0,26.12920507,802.7477774,0,19.25917774,0,0,0,0,0,5.84492923,0,0,0,0,0,0,0,3.557204011,205.5332194,0,0,0,0,0,55.53683402,9067.390236,0,120.0990456,92.99555965,0,0,66.41162309,0,0,0,0,16.64366544,0,566.2906096,49.64352011,527.8161913,0,1559.278451,53.07332403,41699.51048,0,0,0,0,0,142.5731222,0,23.42835996,18.5007539,0,0,1905.038087,79.7407077,72.35412333,70.49683591,0,12.0063893,0,33.65778818,42.86044375,5.234838719,12.71246922,0,391.7435523,0,0,99.8925183,0,0,0,0,112.4391767,0,1748.425112,0,0,0,76.99269444,0,0,33.77269104,0,28.32594742,0,371.8623295,0,1839.399358,335.7201635,114.0232446,0,0,768.3690703,0,0,8.176711746,33.3324883,0,21.1259049,0,0,144.7567051,0,224.4601105,47.91494504,33.2904712,0,0,0,38.9716931,0,0,94.1668609,347.5971491,323.4636175,0,0,695.3861537,0,0,0,0,0,0,0,0,0,0,0,127.4316188,23.50838034,0,0,0,0,0,431.4315566,0,445.1125697,0,0,0,0,0,0,0,0,0,0,0,252.0220177,197.5704858,0,0,0,0,0,0,0,0,0,0,0,0,0,0,0,0,42.83029483,0,0,0,184.1655709,0,0,0,0,0,0,7106.68472,0,69.3463283,0,0,0,0,83.57813856,0,0,0,0,0,0,0,0,0,0,23.22225437,0,33.70190032,487.0138676,0,152.8455742,18.98119254,0,98.44810229,0,0,0,0,8.400958163,0,0,195.4704961,121.7041057,0,0,0,78.15596625
"45","10716",41.32467415,1.076136131,15.8743459,63.49952277,0,0,345.0782713,18.82252125,38.16360704,0,0,32.6278119,0,2000.678701,561.7871385,0,0,0,124.5552416,0,11.20656638,0,81.78413283,59.46363308,0,1898.080712,0,30.75950818,598.051339,5329.791852,0,152.4930387,0,0,0,228.8212395,25.53902771,0,0,0,0,0,0,61565.94049,4465.816102,0,0,69.61988094,20.45490766,0,0,0,0,264.5246602,292.5862998,0,13.98869684,23.2692659,94.92477603,523.524102,32.62864163,0,35.48096891,798.8691104,0,3.081239049,0,0,0,0,0,0,0,0,9.889103289,0,0,11.31676562,0,0,0,101.7356919,51.22499311,13.57078303,0,41103.74886,44.30625338,82.16122178,0,0,0,67.39097184,0,0,0,0,0,0,0,0,0,0,29.71166238,127.5805504,0,760.8254838,0,46.98324487,0,634.9588537,24389.98594,0,0,0,0,0,0,2367.880189,0,0,1139.9071,0,115.602965,0,23.21913811,0,0,109.0101662,0,0,0,0,39.17869909,0,16.57132972,15.5426801,0,0,636.8171411,0,96.38390815,446.8353132,64.71460454,5.243445861,36.01909153,0,37.55251291,0,169.4199637,0,0,0,0,314.26327,21.33660908,0,646.4438894,0,101.1412316,0,203.1776403,0,0,0,14.452928,0,0,27.80524113,0,0,1291.493956,535.1662079,3.908672534,6270.428358,0,125.7907999,86.94847063,0,0,0,0,131.6136445,0,0,172.1508103,0,0,0,0,0,0,0,26.64318025,5.526156587,11.78623231,123.6719421,0,0,19.17617011,15.18291722,29.14845762,684.7918659,0,98.63727973,66.9304315,52.47568705,0,551.7793704,20.79139828,31.99041599,0,97.01136107,26.82904363,97.41112442,14.62718192,43.91069196,93.81053223,481.71902,0,13.97468223,0,0,0,38.02170189,0,0,6.641586273,53.37849884,117.1208554,0,12.14303955,0,44.39445755,0,6.353492549,73.07424923,3.656094141,0,0,0,0,0,0,25.17828314,0,460.0242403,0,0,0,39.68270025,0,0,9935.165626,0,416.0963304,0,0,0,92.43422068,0,0,0,41.23783719,27.13390141,0,825.7409603,70.97875691,1021.239075,0,1973.499611,59.09388715,72715.68409,0,0,0,0,0,170.3933072,0,11.79751027,0,10.50978028,0,410.15273,90.95902206,0,0,0,11.29298977,0,52.75981358,202.1500124,72.40166567,18.21097082,0,421.8921518,0,0,215.789001,0,0,10.0639198,0,377.4704812,0,1915.798803,0,0,0,146.2418152,13.64350198,0,20.62337782,0,0,0,475.8399589,0,1480.323381,439.7688058,234.5115227,0,0,608.258423,0,0,0,25.97138735,11.07495095,142.8270174,0,0,239.1167726,0,530.9189948,66.6898413,0,0,0,27.04296781,58.00005554,0,0,368.1381747,714.6170777,452.3367594,0,0,708.4978063,0,0,0,0,0,9.828206035,0,0,0,0,0,12.76801302,28.82027071,0,0,0,0,0,603.6245443,83.36500007,110.1952942,0,0,0,0,0,0,0,0,0,0,0,713.5492165,33.78061599,1506.069385,0,0,10.39700102,0,0,0,0,0,0,0,0,0,612.4940767,0,24.00096353,0,0,0,0,0,0,0,0,0,0,0,7137.148053,0,551.4992733,0,0,1774.929903,0,75.86888102,0,7.700901348,0,0,0,0,0,0,0,0,39.07866163,0,47.36258796,1025.936478,0,541.2500459,81.75992139,0,84.02749242,0,0,0,0,9.70560694,0,0,121.5611819,0,0,0,0,117.0824189
"46","10733",22.62194924,0.924980224,8.070683417,75.16389418,0,0,0,17.73810375,56.0936259,0,0,12.58328802,0,1471.95478,197.2160307,0,0,0,26.44799175,0,13.13454303,0,165.6304641,0,0,403.4180828,0,20.99847928,428.3478244,5922.272364,0,40.84696133,0,0,0,91.38330147,44.62783856,0,45.84966423,0,0,0,0,41376.17068,98.50257216,0,0,152.9232137,0,0,0,0,0,10894.99342,193.4701135,0,10.97001491,69.51164009,40.70874589,300.6812239,53.53315286,0,1937.018649,692.6685631,0,0,0,0,0,0,0,0,0,19.43063015,6.556875882,0,0,1114.144776,0,0,0,105.4687243,46.60351172,0,0,46824.48841,15.23183389,183.9712357,0,0,0,56.86452036,0,0,0,0,0,45.62966063,0,113.1305007,58.09648834,0,275.5717088,278.2877032,0,626.3074742,0,11.5428573,0,677.1275508,17906.95688,0,0,0,0,342.3707293,5.863899641,284.043028,0,0,880.3355348,0,280.8667457,27.60247701,88.47857511,0,0,106.9985327,0,0,0,0,63.75212229,32.93546569,17.32858178,7.694911773,0,36.64145915,258.5199437,0,0,180.5193832,0,2.198890441,0,0,49.86217624,0,45.18083535,0,0,0,0,143.7993006,0,0,245.8328627,0,13.2941747,0,82.86499461,45.40298908,0,0,15.3809751,0,0,24.63036059,0,0,1770.985025,261.057797,0,7796.387663,0,273.4393552,188.0079098,0,0,0,0,112.7386132,0,0,41.5388755,0,0,0,0,0,0,0,20.49843329,0,4.252271435,18.95682892,0,0,29.95595979,52.69972456,5.887562568,1599.933444,0,117.4988969,230.7503044,332.7764005,0,439.7514774,0,0,0,0,72.37895929,56.63106243,0,259.798153,0,448.797404,0,0,0,0,0,11.96157942,0,0,9.464764563,122.0221794,0,0,0,0,0,0,0,44.61377575,21.73218397,0,0,0,0,0,0,150.1274688,0,144.9432237,0,0,0,26.71569131,0,0,1617.749047,0,4324.308837,0,0,0,0,0,0,0,65.23492323,0,0,0,0,78.47496864,0,1992.244585,147.2220688,36004.07773,0,0,0,0,0,1581.233435,0,0,12.8943264,0,0,39.7208771,0,0,100.474706,0,24.17901593,0,26.64091674,212.6265443,10.55992649,10.40443437,0,643.3241576,0,0,161.0937897,0,0,0,0,379.5390022,0,84783.56427,0,0,0,691.8346515,415.5353218,0,0,1.447910469,0,0,451.0251608,0,234.6720293,144.7061495,0,0,0,489.1587364,0,0,0,0,0,0,0,0,133.3771063,0,192.8602717,0,30.85357748,29.82114514,12.78420541,122.4963966,139.42146,0,0,0,390.5550133,0,0,0,829.2540585,0,0,0,0,0,0,0,0,0,948.0085708,0,0,6.200665038,0,0,0,0,0,502.8357823,0,123.7589566,0,0,0,0,0,0,0,0,0,0,0,214.7150124,0,0,147.2979584,0,35.03761114,0,0,0,0,0,0,0,0,0,0,0,84.25528372,9.167446809,0,36.54066592,0,801.1565271,0,0,0,0,0,0,2953.66923,12.89733038,45.27122164,0,0,0,0,5.989585458,0,0,22.43138138,0,0,0,0,0,0,0,10.9419082,0,22.2394538,20938.16009,0,59.44315517,14.70763767,0,52.23214455,0,0,0,0,15.28969458,0,0,0,0,0,0,0,63.78190232
"47","10776",0,1.752362704,38.46580552,122.1975909,0,0,155.6749442,24.08159176,0,0,0,17.77933133,0,22679.75291,329.8890817,93.90526685,1509.818316,0,33.75274642,0,25.30525615,0,124.824881,0,0,569.3256171,0,25.73698755,0,4508.844716,0,70.8747638,886.136748,0,0,573.817645,97.94544193,79.92341357,754.3604561,0,0,0,0,64336.76391,8856.546479,0,0,112.5309839,39.92513086,2.513493842,0,0,0,22658.96989,761.2479588,0,0,0,0,1189.690439,37.84878065,0,3714.946243,1343.399792,0,0,0,0,0,111.4083929,200.5979174,114.3730272,0,17.93465879,18.16495741,0,0,16666.53518,0,0,0,123.4402366,114.7553202,0,0,870.31238,15.79957139,244.7448724,0,0,0,51.38689407,0,0,0,0,0,0,0,49.44382751,53.05197584,0,198.3824364,202.7485041,0,646.2986384,21.45140579,28.77802992,0,2773.992955,16485.46148,0,0,44.86945982,0,954.1158505,49.01748603,503.257041,0,0,29787.22431,0,275.9156082,11.62526526,4122.332779,0,137.3770659,264.64659,0,0,0,0,75.69301908,14.42116028,0,19.91287649,0,0,291.9500876,0,67.02150303,3242.903332,1321.854823,0,0,0,113.7134479,0,130.5854931,0,0,98.20948984,0,5073.086531,47.51853487,0,0,0,29.56208364,0,234.178092,70.28543227,0,0,0,168.0229418,0,248.6957853,0,0,3619.688092,17368.47254,0,7726.081701,0,0,316.5304091,0,0,0,16.33759317,193.9983852,0,0,1118.666082,108.7827395,0,0,0,0,0,0,0,31.55575177,49.50586972,167.8803325,0,0,456.8962208,0,15.64807813,3463.517456,0,212.205209,79.69400781,69.86949151,0,408.627874,14.70537727,63.7231597,0,0,0,139.4064563,0,1284.07744,41.53870851,75.51805529,0,6.047326128,0,0,0,41.74699617,0,0,116.5489822,111.4119651,171.9795932,0,9.286536008,0,0,0,0,0,20.83819241,0,0,686.2070705,94.80127497,0,0,35.84021062,0,2261.348256,88.03286991,55.46669936,10.13104455,67.08976975,0,0,2386.291061,150.6992832,8091.143686,0,5.441335869,0,35.96327764,0,0,0,0,8.199029376,0,1015.302697,0,57.72639217,0,1803.032975,82.21095314,108978.1942,0,0,0,0,0,5154.680559,0,5.493880221,0,0,0,219.9354206,0,0,0,0,88.1735491,0,14.88837919,4262.624629,21.68647024,0,0,787.5351385,0,0,87.48472174,0,0,0,0,87.81987082,0,24582.84561,0,0,0,3310.691822,3828.808726,612.0751076,0,0,0,0,833.2344792,0,565.9774279,0,372.3835035,0,0,356.1377271,0,0,0,14.69510349,0,0,0,0,1266.280447,0,1788.199004,24.60370529,0,31.29186117,0,94.85460985,134.4288657,0,0,0,3050.878494,511.3176701,0,0,13733.21121,0,0,0,0,0,0,0,0,10.12874302,3046.665702,5.464562371,68.9900459,7.759600447,0,0,0,0,0,0,0,2699.863868,0,0,0,7.840763706,0,0,0,0,2.901926849,216.0530384,424.1812696,53.34972964,0,0,544.6068222,0,0,0,0,0,0,0,0,0,0,0,801.813784,0,76.21575244,27.42631836,0,7.604558689,0,493.3026664,0,0,0,0,0,0,6819.60785,22.33010719,84.50824399,0,0,0,0,970.0831201,0,0,0,0,0,0,0,0,0,0,18.15109596,0,3.948696837,31616.9377,0,122.740237,48.26234636,0,72.97453947,0,0,3.126604481,23.39127952,14.86116373,165.5471372,42.128444,0,0,0,0,0,72.5177034
"48","10784",157.534861,2.649617616,11.00038114,123.524961,0,0,0,57.35722602,109.2676096,0,0,40.64669993,0,17974.23694,1337.721707,0,0,0,37.72626945,0,17.57640416,0,72.60386412,0,0,2179.642212,0,34.16203584,761.0915088,9198.528639,35.80927567,54.852208,0,0,0,1220.580309,32.49982017,0,145.242025,150.3254709,0,0,0,15244.77618,2241.47578,0,47.58206279,2069.946283,47.4782815,6.994668231,0,0,0,3572.126831,985.2119395,0,864.1269169,17.61639377,371.7871727,243.6108149,19.34289168,0,4262.698796,2270.02669,0,0,0,0,0,0,0,0,0,10.67451791,23.82887892,0,0,1122.332591,0,0,0,102.21425,66.53964727,0,0,0,0,104.9191317,0,0,0,34.16567526,0,0,0,0,33.53954963,50.64962082,0,0,45.4747821,0,166.3803104,319.0641573,0,820.0337015,0,9.10122651,0,985.9706023,11192.74498,457.8261592,0,28.85875493,0,166.7875069,14.3288024,259.8231124,0,4.483489757,11165.85213,0,143.7224475,105.8519949,326.637327,0,0,56.13273704,0,0,0,0,66.66467104,13.4897371,44.62167148,19.32371733,62.48245588,0,146.1016194,0,0,2298.446399,34.43584092,0,0,0,236.4273041,0,412.6169695,0,0,0,0,1501.969686,9.737367019,0,0,0,0,0,37.27644151,60.63267467,0,0,46.90903212,397.4421645,0,563.7189704,0,0,1839.650843,3318.429365,3.944646615,8032.944935,0,624.2590258,812.6656049,0,0,0,0,481.0648772,0,0,253.1493198,0,0,0,0,0,0,0,7.914325348,17.0756791,32.8700316,621.8266806,4.477165543,9.272131493,445.3384674,7.242197449,53.30397736,581.9339652,0,191.032227,71.89274165,51.25492541,0,374.9680472,57.18944008,66.02972468,35.46046829,50.49551434,223.7774695,84.15934191,0,149.3054055,54.41235347,386.5660079,0,0,0,0,0,33.05917204,0,0,78.86249761,31.94453183,0,0,6.24175921,0,0,0,0,0,120.6602506,0,0,0,9.760368192,0,0,0,289.3217305,708.8233836,0,0,0,10.25156448,0,0,991.9157622,0,1772.208957,0,57.81933027,0,0,0,7.518096195,0,25.59837286,9.380838942,0,0,0,60.244654,0,1292.01439,8.993526802,10541.96812,0,0,0,0,0,1646.942916,6.940011886,9.783353029,11.92776878,4.312697967,0,71.06518118,0,50.6020726,97.07907646,0,127.4387017,0,177.2281299,327.7030964,20.3453298,0,0,454.1431078,0,0,0,0,0,0,37.88969179,189.5300682,0,44784.46631,0,0,129.7852419,4723.26034,105.7850022,0,0,0,0,0,6318.276314,0,268.1215492,236.7515434,334.6403418,0,0,244.3186784,0,0,0,0,0,0,0,0,1103.729856,186.8621422,942.4276169,130.4495228,56.14470152,50.74763982,0,125.8044487,68.33662566,0,0,275.6311051,1519.971079,35.75474622,0,0,5838.050646,0,0,0,0,0,0,0,0,43.91377798,0,0,7.693130107,16.00417412,0,0,0,0,0,0,0,3030.244659,0,0,0,0,0,0,0,0,0,160.2623027,115.6708631,351.9320115,0,82.76926376,378.2403465,0,30.92580956,0,0,0,0,0,0,0,0,0,0,0,159.9046399,12.72360371,0,0,0,1281.111078,0,0,0,0,0,0,970.5993702,0,61.44249185,108.2265212,476.0771602,0,0,13.298944,0,0,101.8705419,0,0,0,0,0,0,0,0,0,37.14216051,33566.13127,0,89.89562221,330.1137775,0,0,0,0,0,0,17.82588973,0,0,0,0,0,19.56859401,0,47.5881742
"49","10850",11.4211438,1.999970433,0,34.67032184,0,0,0,61.86655069,26.04086857,0,0,43.41431238,0,6449.420147,396.2545668,0,0,0,34.58670111,0,38.76684163,0,77.36186455,69.18046839,0,1765.430496,0,18.98710847,0,2001.466258,0,61.71514624,0,0,0,274.6903475,37.96999615,0,297.4443359,0,0,0,0,20421.42165,8071.984594,0,0,80.55196104,54.25843348,0,0,0,0,22998.17792,319.7911659,0,0,12.33958957,104.8106445,997.6256535,0,0,4890.607887,1197.344906,0,0,0,0,0,0,0,0,2.776857481,51.09750254,0,0,0,2448.408013,0,0,0,122.6469713,37.40034896,103.9844359,0,0,23.52237081,155.7815918,0,0,0,20.76473398,0,0,0,25.66655096,0,0,0,0,60.90624061,0,0,72.97927775,0,710.2164545,0,8.036777815,0,1476.953433,10564.65821,0,17.40076435,21.8854907,0,0,39.30528571,176.6203224,0,0,9873.640769,0,182.0085649,7.881804962,5074.328762,0,0,24.00326981,0,0,0,0,45.09102991,5.644215766,0,25.14757564,2.269846334,0,117.805478,0,0,3047.909798,1485.710656,0,28.76813611,0,155.8748761,0,625.921255,0,0,0,0,5679.88742,7.099731286,0,0,0,42.96728365,0,104.659779,0,2.161150289,0,0,143.8721308,0,255.3312897,0,0,25187.56072,12354.70846,6.161976415,4916.017833,0,159.1382163,477.9221876,0,0,0,0,1497.268009,0,0,446.0133698,251.4051015,0,0,0,0,0,0,0,4.000532687,8.4488494,60.82964991,0,2.122013379,355.7786487,4.277508661,8.11166248,251.5136284,0,53.97278938,63.59610193,61.80450106,0,74.78374769,21.57684645,23.45374848,0,0,0,31.73892099,0,79.0629139,15.12655432,149.4946721,0,8.300797314,0,0,0,11.70059513,0,0,0,13.5955662,62.63754849,0,0,0,0,0,0,0,16.08662011,10.9756958,0,0,6.737039392,0,0,0,93.08235809,351.2490311,0,0,0,0,0,0,850.0066021,44.48173733,5311.491663,0,258.9278566,0,0,0,0,0,32.03271123,0,0,0,0,68.39153128,0,4553.605601,34.18932218,43805.96389,0,0,0,0,11.34949681,1793.845634,0,0,0,0,0,47.28287373,6.87676529,55.1551461,34.5108574,0,50.07598318,0,17.08423663,64.49894869,16.53367384,0,0,419.47232,0,0,0,0,0,0,0,87.6602526,2.336718229,54324.27134,4.882830423,0,0,3550.199332,2571.703409,120.4894388,0,0,4.048143118,0,1628.217783,0,294.4880139,174.0594786,431.5370248,0,0,298.6211346,0,0,0,0,0,0,0,0,1632.42644,349.7224811,1837.931516,1637.748463,24.86470879,32.985936,0,57.09567588,76.7732191,0,0,2951.684121,951.3589201,263.3086073,0,0,11459.78777,0,0,0,0,0,0,0,0,0,0,10.76861398,21.27452392,0,0,0,0,0,0,0,0,928.0995504,0,0,0,0,0,8.242949025,0,0,0,228.3203705,1155.845092,40.16288775,0,0,574.1113409,0,0,0,0,0,0,0,0,0,0,191.7983006,0,0,56.51415622,6.772151808,0,39.20332458,0,328.7328061,0,0,0,0,0,0,1313.395073,0,39.4581123,0,0,0,0,66.13937764,0,0,26.32808234,0,0,0,0,0,0,0,10.89223896,0,7.898484606,28612.35214,0,0,368.6611269,0,0,0,0,0,0,4.743486784,706.9231276,0,0,0,0,24.61666474,0,43.31882681
"50","10188",0,1.09987457,11.66958172,172.9550571,0,0,0,96.8584734,0,0,0,0,0,17880.57718,2313.208658,0,1609.773363,0,58.21900688,0,1740.592028,0,0,0,0,2346.069984,0,86.73435357,505.6676404,4461.898543,0,45.56496541,127.8344656,0,0,2241.611603,93.25120647,759.8854188,196.512612,0,0,0,0,27332.31383,903.4585115,0,0,740.8885308,2.54299168,5.542092501,0,0,0,4896.52839,263.9444252,0,0,12.95041994,172.3266965,3682.676284,23.03728186,0,4446.495483,3710.038788,0,3.787744899,0,0,0,0,0,0,0,34.20025633,39.53064137,239.9669307,0,5817.17247,197.5382941,0,0,105.8323465,103.3009763,0,0,100.9172837,30.62111481,1038.770354,10.78833353,0,0,23.2659633,0,0,7.869736552,0,0,0,0,0,0,0,0,221.1032656,0,1612.425417,67.02315567,0,0,1147.243709,7367.694387,0,3.424582838,93.37692576,0,422.0722311,0,675.2375126,0,0,2563.817866,0,0,0,79.84686098,0,0,81.05687526,0,0,0,0,0,61.53940825,29.73791735,26.48095792,0,0,543.0749529,0,100.0107961,2867.129461,11.550721,2.763765318,0,0,153.8409995,0,39.71177064,0,0,29.92223664,0,1188.020202,39.61557756,0,0,0,81.56969628,0,111.3293205,76.43655907,0,46.62444393,0,0,0,516.3642964,0,0,702.4311204,3466.696892,0,24724.79593,0,0,201.90206,0,275.3101448,0,0,321.0160938,0,0,366.0341365,0,0,0,0,0,0,0,18.86424493,36.23306665,119.4873817,566.2188204,0,17.28449484,29.45554329,69.49719172,51.57401195,238.1730044,0,356.7844856,0,0,0,137.6219979,71.83366254,0,0,0,0,173.05777,16.0532803,935.3715615,58.51676669,405.5599451,0,0,0,0,0,39.61933421,0,0,49.53716633,42.96138669,0,0,17.90580276,0,6346.930683,0,0,1346.194045,237.4602475,0,0,526.2487974,146.648222,0,0,0,0,1697.345918,0,0,6.15124657,136.6387276,0,0,1422.155458,0,2158.28473,45.38501211,7.098851749,0,0,0,0,0,0,0,0,2972.291807,0,278.0871789,0,691.1080865,13.57072796,20888.9284,0,0,0,0,8.062006187,5747.904835,12.151706,18.22946229,0,5.141964831,0,716.5695322,79.73853609,0,0,0,19.54762994,0,111.9470687,71.36417736,29.00832806,8.879983487,0,717.6501504,0,0,0,0,0,2.817104168,0,424.4397528,0,73218.90164,0,269.897721,0,6453.213338,124.6895526,110.0701534,0,0,68.79877369,0,1982.505581,0,393.6823021,227.0459194,0,0,0,156.8281044,0,0,0,21.81952628,32.00256318,0,0,0,352.8970866,0,1322.316106,20.01011982,0,51.77555249,0,163.2443168,37.14793896,0,0,516.6341797,17733.82052,574.362168,18.00822615,0,4415.610449,112.2534725,0,5.902485987,0,0,17.69978038,0,0,12.24168373,167.1654076,13.59919532,2.764743394,43.51660683,0,0,0,0,0,0,0,2907.032043,0,0,0,5.901205424,0,0,0,0,0,116.6040153,158.8786709,342.2418585,0,0,1246.762417,0,41.79654502,0,0,0,0,0,0,0,0,0,584.7585499,0,193.3020506,33.46207578,0,19.57096696,0,535.7177609,0,0,0,0,0,5.191319592,1142.152043,16.16267167,80.78218143,0,0,0,0,12.99856734,0,0,144.2854805,0,0,0,0,0,0,0,0,0,10.95723391,37407.92308,0,344.4359302,39.5114535,0,0,0,0,8.523209939,0,17.99955091,85.50387042,34.98695297,0,66.18103399,0,56.52533675,0,95.56501545
"51","10207",109.094709,0.605580678,9.357118205,39.19763713,0,0,0,12.39052203,0,0,0,20.7341494,0,3277.83184,157.614113,0,0,0,58.13669242,0,40.15087216,0,117.7180027,26.51770032,0,537.1041047,0,14.43648511,310.8672256,3002.335502,0,70.56767879,0,0,0,162.1618376,0,0,34.56270809,990.46938,0,0,0,53213.43394,7063.499326,0,0,55.80054683,5.299375407,0,0,0,0,5622.044556,1015.74842,0,69.46619204,0,169.2309771,370.2773326,0,0,711.748811,281.9916059,0,0,0,0,0,0,0,0,0,0,17.16694457,3.168948544,0,2890.816909,0,0,0,0,89.12108708,0,0,31378.73884,48.68349379,0,0,0,0,0,0,0,0,0,0,0,0,0,0,0,289.9186264,71.97160582,0,784.2019272,0,8.803935596,0,881.121401,11605.25363,0,0,0,0,0,19.64258613,1636.394817,8.297171617,0,1506.029608,0,290.6103872,214.9366563,853.1945149,0,19.9714528,35.06141288,0,0,0,0,36.32218245,6.290536709,97.10056543,89.36459368,9.050425757,266.3725225,1422.577227,0,0,240.8853535,19.73207485,0,0,0,82.73259287,387.8886868,94.3205836,71.31252463,0,10.33175459,0,275.0943141,0,0,0,0,0,0,114.1601881,0,0,0,20.81747479,0,0,145.4464122,0,0,2039.106101,929.7930834,0,2233.703925,0,578.0721522,430.7527577,0,0,0,0,90.70142295,0,0,122.475811,0,0,0,0,0,0,0,16.42611111,10.794355,17.97357415,226.1213725,0,0,122.0556023,0,15.01662471,450.5808808,0,177.3383063,158.8457715,335.1261466,0,281.420579,10.76386228,0,0,0,0,29.51026157,0,101.4747333,0,488.6720592,0,31.34457415,0,0,0,13.82678508,0,0,160.9641672,39.8094038,0,0,16.41634407,0,15.90570436,0,0,44.86450777,2.227890248,0,0,0,0,0,0,0,0,281.8468189,0,32.65654357,10.60490955,0,0,0,11377.64666,0,598.1786837,0,0,0,0,0,11.35127486,0,115.6228715,22.62730271,0,0,235.0182206,177.4183345,0,713.1397832,187.2153057,0,0,0,0,0,4.511096703,713.3558531,17.6078166,4.544747915,11.97521663,6.210437548,0,372.4778872,66.56062069,0,0,0,19.85507417,0,49.36713738,145.9541637,22.23961217,32.92135752,0,647.1076816,0,31.41855693,0,417.004851,0,0,94.11618916,143.1736493,0,1965.403016,0,0,0,3546.904537,944.3138014,0,0,0,87.79182298,59.90563379,819.9284708,0,0,178.9160434,673.0714838,0,0,0,0,0,0,2.659838181,2.460364913,0,0,0,150.9771317,0,189.5810093,204.0550614,0,0,0,107.8519168,0,0,0,269.1484879,757.8651877,227.4549298,0,0,2342.308618,0,0,0,0,0,16.64798509,0,0,0,0,0,13.52407236,0,0,0,0,5.99309991,0,10.02139868,0,742.3260755,0,0,3.782500778,0,207.5200181,0,0,0,0,0,0,290.085712,0,0,0,0,47.35869327,0,0,0,0,0,0,0,0,0,1367.410793,0,17.96551176,8.434958897,0,0,0,0,0,0,398.2662484,0,0,0,2738.574739,0,18.94652892,0,0,1910.37307,0,10.80462601,0,0,0,535.5128559,4.822818896,0,0,0,0,0,31.37630129,0,11.56274567,5131.452465,0,201.7334196,93.78388761,0,228.3432051,0,0,0,157.2774132,13.51288778,112.4701437,56.50616263,0,0,0,0,0,0
"52","10221",24.84856162,0,10.01206563,36.33730464,0,0,887.22048,0,16.72238643,0,0,14.97974416,0,1833.005475,134.2409251,0,1667.380333,0,28.38107268,0,371.3668818,0,91.3165961,0,0,1284.90012,0,9.009221973,190.2043781,2196.608769,0,398.9406022,25.12616824,0,0,66.13251185,19.70778357,0,0,5507.299444,0,0,0,23034.56566,779.0315006,0,0,47.6676977,0,13.50363266,0,0,0,225.4022663,560.9621082,0,0,12.39215681,55.13398479,322.3240267,35.4055454,0,39.12347293,21.0600029,0,2.622648842,0,0,0,0,0,0,0,0,8.974593445,4.502199195,0,3633.527553,0,0,0,103.1509904,51.05545886,0,0,0,223.551667,43.3023137,0,0,0,45.97660309,0,0,0,0,0,0,0,0,0,0,0,259.8523501,0,312.5080944,0,10.9400729,0,755.4079953,17907.932,0,0,9.646346669,0,0,7.903898056,1237.765809,0,0,1016.815745,0,0,152.8524017,14.52558583,0,0,68.81913558,0,0,0,0,0,0,194.2069181,99.27305293,0,124.8872853,513.389974,0,0,349.4060512,28.39734596,0,0,0,18.44556143,0,20.40790334,0,0,21.26411735,0,268.4740985,0,0,0,0,91.73149992,0,75.11204482,0,0,16.62315927,11.19652086,0,0,11.27697223,0,0,384.5134729,710.1808542,0,2736.123828,0,49.55119632,61.67624363,0,0,0,0,134.8574156,0,0,99.23288299,0,19.04067654,0,0,0,0,0,13.9821667,0.727170077,7.064669567,49.6730231,0,0,31.34177654,0,19.08924206,1535.74248,0,96.08432215,41.62288619,0,0,716.4163701,16.27274616,12.47242976,0,0,0,53.33970362,0,8.520466764,0,199.28149,0,0,0,0,0,32.37883315,0,0,0,26.82828204,0,0,6.934287652,0,37.68791742,0,0,0,0,0,0,0,55.66587167,0,0,0,0,216.8514525,0,0,40.38888247,0,0,79.24652617,4781.982015,0,216.7085328,0,3.357291799,0,0,0,7.166098505,0,72.23499091,17.94517448,0,0,821.9676151,1033.368393,0,2016.284452,52.13931019,16400.59775,0,0,0,0,12.97870467,101.0342053,0,5.132347664,23.10385141,18.37340407,0,0,0,0,0,0,82.88045861,4.611027448,17.95136302,33.67154259,0,77.38485805,0,585.3374035,0,0,122.6053967,0,0,6.260415564,0,136.2637521,0,1122.542364,4.925803019,0,0,143.6639748,0,0,22.01370581,0,851.488809,28.76602155,433.3139057,0,0,303.5326854,416.5888277,0,0,389.0756588,1.443061932,0,0,15.98508885,0,0,0,0,122.3623956,0,215.6980604,11.17106457,13.62522799,0,0,25.20823901,50.52482517,0,0,0,300.587433,785.935004,18.23854319,0,676.4438207,0,0,0,0,0,7.869537232,0,0,0,33.51618371,1.734057513,4.991200867,0,0,0,0,33.94188359,0,0,0,99.62764044,0,0,3.445792823,0,0,0,0,0,0,0,0,183.6589696,0,0,0,0,13.51367397,0,0,0,0,0,0,0,0,0,0,0,0,8.467130385,0,0,0,0,0,0,0,0,0,0,5908.59535,4.590800631,19.7013649,0,0,1053.84414,0,9.456136507,37.12644595,0,0,0,0,0,0,0,0,0,0,0,15.41271222,834.3181279,3.529565572,117.225754,12.73416999,0,40.42300603,38.82567045,0,0,0,5.10857829,176.2534176,0,844.6875713,0,0,0,0,0
"53","10246",0,3.383699763,12.33854811,188.3956153,0,0,0,74.11338177,0,0,0,0,0,3338.712105,943.7258991,0,1800.301626,0,48.79159122,0,6.511155602,0,0,0,0,3066.052953,0,16.36760781,101.4167413,7294.06583,0,39.72235534,1054.697759,0,0,747.7394083,0,0,140.9973979,184.929401,0,0,0,26166.34752,12723.03657,0,0,230.8857482,16.43427265,0,0,0,0,9296.979113,371.1551168,0,0,21.96974152,324.1011224,628.3829654,0,0,1139.070828,307.5150525,0,3.636658652,0,0,0,48.5831419,0,0,2.806006871,0,84.41117787,94.10523603,0,479.3818903,71.25324994,0,0,118.2453415,98.69625459,0,0,1028.745485,0,267.6018291,0,0,0,0,0,0,0,0,0,0,0,0,0,0,0,1699.987501,0,1312.82282,14.05017886,26.22677755,0,562.7431854,31953.97516,0,11.3248914,30.05761758,0,0,0,2551.682033,0,3.775189819,3021.129674,0,0,64.33868767,2604.427605,0,0,49.10426117,0,0,1.21300035,0,0,8.540758889,0,27.05433849,0,0,196.6736073,0,0,211.5588965,6.768823451,0,0,0,54.77941051,0,264.9304466,0,0,5.811374944,0,227.1565941,0,0,0,85.11170219,31.35773909,0,76.47030852,0,0,116.4865612,0,0,0,190.276778,0,0,1522.013096,829.2565026,0,5548.560264,0,95.10203523,65.19484438,0,214.2265589,0,9.518565249,55.89626626,0,0,77.96359926,0,0,0,0,0,0,0,29.15992602,4.397237642,12.53491605,66.24343597,0,1.991370926,30.92807548,14.54357308,22.40491525,79.52976867,40.53549319,171.9279178,0,0,0,160.9505175,8.400547394,0,0,0,0,73.91991186,0,683.7709313,0,449.657462,0,12.26237325,0,0,0,33.1050823,0,0,137.8228687,70.70100481,70.6356789,0,7.058808714,0,377.2268828,3.03473312,0,794.975408,17.11362216,0,0,2227.121375,0,0,0,0,10.47806401,1186.76443,0,99.17280264,0,110.3997693,0,0,1271.039739,0,735.8091702,128.7435689,35.4287103,0,151.0095065,0,0,0,0,9.387480462,0,2421.960207,0,842.2269688,0,1250.42351,4.810853793,55425.07479,0,0,0,0,0,6522.3284,15.59241032,25.13189563,0,12.04879238,0,1764.585946,0,0,0,0,106.0939475,2.835855709,59.35029518,1209.831044,19.80416346,0,0,440.1892924,0,0,0,0,0,0,0,810.0480688,0,3865.792171,0,0,0,297.6297289,379.8371292,0,0,0,44.42622276,0,568.4652352,0,1097.640334,245.4739681,1340.97102,0,0,795.2745567,1.902859966,0,0,30.82197187,0,0,0,0,117.3980072,120.5620555,612.349681,181.0702237,0,0,0,87.85790457,43.78504495,0,0,0,1130.144411,25.92621841,0,0,1031.167256,0,0,0,0,0,34.72546753,0,0,0,2867.649203,2.267426429,0,17.75998961,0,0,0,0,0,0,0,477.0013484,0,0,0,6.787936024,0,0,0,0,0,36.55793179,356.988488,3687.189094,0,0,464.1633887,0,62.05672454,0,0,0,0,0,0,0,0,194.8148404,359.2432448,0,131.4266189,33.41361372,0,82.52292066,0,0,0,0,0,0,0,0,3555.155313,90.9083234,118.454678,0,0,0,0,14.97300313,0,0,0,0,0,108.8587003,0,0,0,0,11.11105302,0,21.52572404,53066.35022,0,74.20224538,916.5881818,0,0,5.958039187,0,4.63137353,0,14.55148374,4690.425922,25.65024309,0,0,0,37.75929955,0,67.49633309
"54","10271",55.09516009,3.049422448,13.08383265,199.7633956,0,0,0,40.67284899,24.56304446,0,38.05093562,60.44552692,0,2094.880908,336.8235869,0,885.4310776,0,52.82734514,0,5.877752678,0,71.46772205,0,0,1222.140383,0,27.13945228,634.7705272,3879.394458,0,74.11069521,146.0778912,0,0,1623.289854,37.40617243,0,34.93495255,0,0,0,0,54949.99479,3846.498652,0,0,658.4587918,30.6238195,0,0,0,0,63.95144436,226.8183894,0,0,0,52.84530228,247.1330363,30.07904275,0,192.3902395,282.5589367,0,2.333471989,0,0,0,0,0,0,0,7.847476679,30.40453041,4.198692745,0,0,0,0,0,125.8088029,72.78386738,0,0,121.8870602,312.3967364,0,6.586710721,0,0,57.51418869,0,0,0,0,0,0,0,50.27407992,0,0,0,1037.593616,0,956.3979843,0,0,0,939.3194039,9346.316768,0,0,29.68557909,0,0,0,1364.356477,0,4.951906502,1516.068551,0,0,170.7874949,21.7325833,0,0,69.26754832,0,0,0,0,0,32.77188767,96.69956251,43.08725786,0,0,116.5788826,0,0,379.3762921,91.09885919,15.67092432,0,0,51.64415511,0,135.4532889,0,0,6.696874094,0,229.2827972,19.84628662,0,0,102.1667793,0,0,62.7336745,0,0,14.81951853,21.58618388,0,0,53.20440595,0,0,879.9337751,555.5165766,0,3857.596972,0,407.3588727,238.137723,0,62.74966927,0,0,154.9631428,0,0,87.16024297,0,0,0,0,0,9.228390228,0,9.993440708,108.0794365,166.7931399,829.7107089,0,0,46.75440938,25.62472239,100.7869059,326.8882918,0,147.3905501,43.96557051,0,0,211.2320438,6.676982076,0,0,0,0,73.60080111,0,2270.732037,27.49942536,411.1668467,0,0,0,0,0,21.63420811,0,0,0,62.32443877,0,0,11.10760014,0,13.67551142,0,12.95559263,213.90708,7.010884965,21.28065507,0,0,28.81970128,0,0,0,0,467.5502142,0,121.3120258,0,0,0,0,3398.262851,0,219.9208021,0,0,0,0,0,0,0,39.3960005,13.00626592,124.3901881,0,43.62292701,268.9283082,0,667.6142521,108.2645895,41834.67028,0,0,0,0,3.764965638,7409.560142,0,7.913841496,9.866500954,9.28388733,0,579.2450336,0,0,0,0,19.04234301,0,91.19097172,81.18708082,31.90603123,11.95587737,0,476.0522632,0,12.94029765,0,0,0,0,0,343.3152325,0,28354.67239,0,77.6091998,0,386.0038611,0,102.6015302,17.78577338,0,30.43056379,0,1337.005924,0,78.95492749,0,1775.00384,0,0,254.201362,0,0,0,16.16912776,5.714275285,0,0,0,168.554752,0,223.1993149,12.30081479,0,0,0,104.3054747,103.919577,0,0,243.7402346,994.2236435,400.9280783,11.59455122,0,603.3640976,0,0,0,0,0,39.25871978,0,0,3.908293385,288.5004948,3.451145949,6.535779281,8.17590751,0,0,0,0,0,0,69.43286494,150.1918333,0,0,0,4.51969884,0,100.7510501,0,16.84567519,0,0,0,446.0305549,135.6544503,111.140357,126.7641576,0,145.3777736,0,0,0,0,0,0,0,0,0,1912.202455,0,333.5731105,32.30018846,0,0,0,7160.094828,0,0,0,0,0,0,1901.241122,10.31784081,105.1513268,0,0,0,0,57.8338549,0,0,0,0,0,0,0,0,0,0,23.5579586,0,19.89603218,3399.212773,7.702912822,1006.313006,1246.718242,0,0,37.62945488,21.57432616,2.442286994,26.78028008,26.60408033,191.6359845,81.03787667,0,28.16679172,0,0,0,111.5284288
"55","10304",46.18541977,1.467891681,0,17.41624106,0,0,131.27582,35.71607042,0,0,0,44.29772032,0,12721.06571,606.1765432,0,1216.439079,0,68.70016949,0,40.51510487,0,42.18298628,0,0,824.2795193,0,0,233.3180246,3339.380898,0,0,123.6994208,0,0,640.0017256,39.92611903,0,267.6091317,0,0,0,0,23596.04733,3592.92894,0,0,1315.260377,371.2521521,0,0,0,0,6629.911794,222.710125,0,0,9.019590314,213.0262955,202.9797127,0,0,4078.597928,3568.07072,0,6.004136634,0,0,0,0,0,0,0,0,9.646478123,8.780164916,0,1422.240461,0,0,0,0,81.37350678,0,0,98.26147882,7.97210163,0,0,0,0,0,0,0,0,0,0,0,0,0,52.33353183,0,118.4129586,141.6780221,0,1792.542294,0,0,0,598.0612383,6479.537186,0,47.55530767,0,0,197.7730717,162.4686998,1080.047979,0,0,17182.63089,0,163.8467455,105.3758218,1767.414177,0,0,48.66244787,0,0,0,0,87.71933582,15.74607395,0,15.90195786,0,0,0,0,0,333.0338945,70.09782328,17.4468673,0,0,195.1940653,0,104.6137214,0,0,0,0,448.8564707,0,0,0,200.0952103,0,0,0,0,0,0,8.126366214,0,0,534.6292804,0,0,4538.988928,1093.43701,0,6022.66236,0,0,369.0226287,0,476.0362998,0,0,117.8804842,0,0,54.67938803,0,0,0,0,0,0,0,0,26.57125311,76.19956458,408.4791188,0,0,190.7892217,337.9560947,25.63365625,0,0,189.1222762,35.24782043,106.4242417,0,0,16.44236243,0,24.28089187,28.49658989,113.681752,40.82929227,0,233.5529493,29.24004726,0,0,0,0,0,0,22.4549957,0,0,0,33.91670186,0,0,0,0,2462.644826,0,2.907203467,183.5342785,529.9345417,26.10757847,0,679.7671337,23.75202743,0,0,0,51.34524994,463.8232788,0,231.1269919,0,0,0,0,444.8140574,0,357.855697,0,30.05306103,0,69.05353725,0,0,0,45.26150998,13.4341233,0,0,68.96334564,154.5254336,0,1377.832154,12.75893278,13921.88116,0,0,0,0,12.97346018,1014.702188,0,0,0,9.952668753,0,1731.682127,0,0,48.66499102,62.32710256,786.8022114,0,55.42053132,354.7387271,20.70390994,8.323421522,0,412.9708192,0,0,0,0,5.024346232,0,0,70.92565902,0,320.0424551,6.580420829,88.46604486,0,4360.190851,285.8419694,0,27.11761067,0,0,0,4591.18722,0,1320.166162,0,0,0,0,135.5915458,0,0,0,28.62685335,0,0,1.191464664,0,925.1017003,96.04141929,159.9324665,0,0,80.09830247,0,77.8139949,73.99733977,0,0,391.6181638,545.1566083,234.4460723,0,0,2465.48136,0,0,0,0,0,0,0,0,0,213.9068104,3.183670678,6.748581815,3.402527044,0,0,0,0,0,0,193.0464268,975.14978,0,0,0,10.06561743,0,9.409401974,0,0,0,52.03028456,92.6208983,0,0,0,0,0,21.60753951,34.3563911,0,0,0,0,0,0,0,0,1172.240687,0,106.7290375,19.7145008,0,179.7600186,0,1468.051218,0,3903.900904,551.6455725,0,0,0,774.0691061,16.55581016,76.96392464,0,0,0,0,0,0,14.03318362,0,0,0,0,0,0,0,0,27.13865173,0,39.00716111,20676.85195,8.809639461,315.7775444,897.0175402,0,0,10.43385821,16.69727592,3.394701599,43.74310875,17.12178702,59.85409709,14.84259856,0,0,0,26.81073513,0,57.66513768
"56","10315",0,0,0,88.84996717,0,0,0,46.3698364,0,0,0,15.94514546,0,20309.90952,74.79294399,177.4918795,799.69405,0,13.84486723,0,571.4022986,0,0,0,0,176.8284445,0,6.921222094,0,930.8542388,0,0,204.4289107,0,0,27.02935476,0,0,770.4738365,0,0,0,0,5727.823343,11241.56997,0,111.4094566,738.8044066,0,2.375704297,0,0,0,3363.368199,3418.524606,0,331.4233521,20.95418666,67.47334747,1054.139201,0,0,8657.483851,178.4504716,0,0,0,0,0,0,0,0,13.93477883,49.21066699,18.10345685,0,0,1625.262413,0,0,0,0,13.09954634,0,0,91.7156041,0,29.44986922,0,0,0,0,0,0,0,0,0,0,0,0,0,0,0,0,0,0,0,0,0,493.0306942,9226.692249,0,0,38.9375025,0,3268.44091,26.49113665,211.6988879,10.58837659,1.894716273,30244.54073,2814.498929,0,133.7457368,12938.65336,0,0,164.1919872,0,0,0,0,65.14411138,27.295975,0,13.00529062,0,0,0,2.718626302,0,6699.706784,2.68581471,0,0,7.097989559,53.29947362,0,0,0,0,0,0,5585.094049,5.510215296,0,0,0,25.33730778,0,29.29306499,86.88338094,0,0,0,0,0,0,479.1188762,2.928496181,58360.41501,15790.19294,0,7594.412343,0,98.35922185,0,0,0,0,0,3372.403781,0,0,340.40985,0,0,0,0,0,0,0,16.99061893,0,4.074578611,42.25476441,0,0,57.37765848,0,27.6814753,625.7800994,0,1442.517435,0,0,0,0,8.227494718,0,68.81309705,0,2231.336106,66.22594228,0,305.1204282,0,0,0,0,0,0,0,19.3158051,0,0,0,23.4323979,0,0,0,0,0,0,0,0,34.1980254,0,0,0,0,0,0,0,0,1443.136763,0,0,0,0,0,90.51692897,229.5701515,0,8349.129916,0,0,0,33.98105181,0,0,0,0,0,0,0,0,8.607863606,0,461.0523619,9.868113041,19713.43877,0,0,0,0,0,6464.081693,0,0,0,0,0,0,0,0,0,30.80130572,14.22331166,0,21.31092462,370.2535287,43.7444671,0,0,273.9387702,0,0,0,0,0,0,0,160.9645229,45.5770826,0,0,0,0,813.5453344,4794.678673,0,0,0.860938844,0,0,639.0678418,0,435.3334002,0,1373.836169,0,0,0,0,0,0,0,0,618.1317967,0,0,257.1173964,13.29952002,4511.024582,0,0,0,0,60.23097073,32.12121884,0,0,5415.466689,39694.3283,198.5935118,0,0,12730.3966,0,0,12.43619608,0,0,0,0,0,0,182.502153,0.862020784,0,0,0,0,0,0,0,0,0,2299.766571,0,0,0,4.129550587,0,0,0,0,0,776.0786263,1005.471762,1639.391946,0,0,158.4327961,0,0,0,0,0,0,0,132.9815198,0,0,0,0,0,63.04450838,9.306299637,0,0,24.15262576,568.08615,0,0,0,0,0,0,232.1002971,32.37705822,39.43089825,0,0,0,0,2.654613312,0,0,0,570.6110889,0,221.2021218,0,0,0,0,40.46970155,0,36.21830261,27557.23861,0,8.733343436,0,0,0,3.560492414,0,0,0,4.049037773,250.9909046,20.32250395,0,0,0,6.330647688,0,27.05677758
"57","10169",11.27070792,0,19.44025668,96.49438222,0,0,385.3107068,8.870001926,10.28513031,0,0,28.49059461,0,1863.908545,276.9767556,0,1231.422547,0,36.73679733,0,7.494569946,0,83.96632668,0,3.103931981,1575.441815,0,35.72496561,137.4456642,3183.808182,0,79.78527076,0,0,0,203.8704141,18.0541347,0,26.19371479,0,0,0,0,69017.19873,9.448138505,0,0,22.3998416,2.98789419,0,0,0,0,2932.157141,63.72957191,0,0,0,32.35596862,231.2332552,34.7454941,0,3.958928428,6.220926383,0,0,0,0,0,24.26629114,0,0,0,0,27.58364306,0,0,2712.790385,274.9005838,0,0,0,38.40504411,0,0,43130.31409,145.8101019,1245.451435,0,0,0,50.37471724,0,0,0,0,0,0,0,0,0,0,52.23573885,192.3847554,0,1592.639742,0,19.97005469,0,616.0505809,22229.20484,0,0,17.93784547,0,0,0,2651.645089,0,0,696.0056633,0,0,0,49.11037057,0,26.82604885,0,0,0,0,0,0,21.38621856,0,8.037632815,0,0,327.6692413,0,0,382.3757771,227.856044,0,0,0,21.96134747,0,20.89854335,0,0,8.266060814,0,154.1857664,51.82668129,0,619.4194799,186.3577649,251.5867953,0,94.23077235,0,0,0,4.696179066,0,0,17.34957751,0,0,407.1172171,275.1337482,0,4862.775929,0,72.19618744,356.2863594,0,7.775844825,0,0,169.1891839,0,0,86.90389704,0,0,0,0,0,0,0,11.24067491,40.11432454,249.2302069,223.1355477,0,6.369395987,10.55523325,0,31.20647781,1349.724027,81.48644375,111.3817709,30.16380295,0,0,628.2639981,15.87550118,0,0,0,0,48.49400022,0,10.13276348,24.76363479,319.2832259,0,0,0,0,0,34.84892152,0,0,0,65.70904403,40.04365952,0,35.54825612,0,23.48478229,0,11.81597825,144.3076123,5.941966868,0,0,206.6952275,23.46775784,0,0,0,0,320.0652423,0,0,0,26.09347052,0,53.26758506,24421.06413,0,112.2467313,104.3539782,0,0,0,0,0,0,24.23651454,23.15138932,0,802.6442026,48.57093857,482.349884,0,1459.131812,9.783972647,170141.0221,0,0,0,0,19.38608103,106.5803529,14.9182817,33.36808292,23.7067034,45.8314965,0,1954.419553,127.0256811,0,0,0,25.77142238,0,24.91663762,13.2819953,0,10.52786043,0,385.3131939,0,0,0,0,0,0,0,141.1735619,0,1538.74115,0,0,0,201.9062705,0,0,0,0,4889.147682,29.44382078,277.5172827,0,4192.395814,410.6293895,161.2140223,0,0,545.230118,14.48979253,0,0,1.183983103,0,0,0,0,218.4572133,0,288.0408294,49.72836472,0,0,0,25.76406576,49.59993059,0,0,0,0,470.6110126,18.45911576,0,517.9805747,0,0,0,0,0,0,0,0,0,0,0,4.486374564,0,0,0,0,11.13721416,0,0,157.6077848,119.8971148,0,0,0,0,0,0,0,0,0,0,0,298.3269163,0,145.0622712,0,0,17.4139535,0,0,0,0,0,0,0,0,0,5931.716297,0,397.8579571,0,0,0,0,0,0,0,2021.871602,0,7.220251437,0,11202.42339,0,11.1595978,0,0,0,0,51.4281222,0,0,0,0,0,0,11.11319751,0,0,0,140.2493016,0,52.13046361,303.7474743,0,644.2658277,16.82087398,0,159.3093329,0,0,5.123258166,0,10.66711122,116.5748608,0,91.09070603,0,0,0,0,25.37718909
"58","10320",72.97753857,2.704908549,6.659020279,23.36917843,0,0,54.19042566,27.58463928,83.2057098,0,0,44.94829952,29.63467598,3478.140182,351.3577921,0,275.0512462,0,38.27022192,0,9.959726585,0,96.02975134,41.07696456,0,302.7004451,0,31.60276614,430.9147407,2748.783179,0,33.61566414,0,0,0,534.3121066,29.53110798,133.2038508,159.5859792,0,71.86894461,0,0,17624.38294,1536.150752,0,0,81.23581563,144.3979426,0,0,0,0,3118.368895,537.2593806,13.82578666,0,14.62992238,193.3108908,152.9387562,0,0,1351.604247,542.5496625,0,0,0,0,0,0,0,0,0,12.09275285,12.46560232,0,0,217.8871343,0,0,35.47301071,0,82.11136267,17.26454108,0,69060.6946,11.71509317,2301.985061,0,0,0,0,0,0,0,0,42.11957314,0,0,146.3231062,0,0,0,464.7757842,295.4900483,1195.41915,0,19.36295992,25.81276939,1029.978738,7640.201956,579.7543298,14.7893272,39.92560527,95.33872629,388.1275986,0,1762.847641,0,0,8572.879834,0,234.6591143,0,129.7204345,0,19.36295992,0,0,0,0,0,56.66100146,7.994223077,0,24.16055165,0,0,91.47234135,0,0,1171.586257,464.2635142,0,0,0,36.01576994,5280.472074,275.5507128,0,45.16757646,0,0,60.32108861,36.38511709,0,1204.563947,283.5675406,103.64162,55.79489536,33.00495642,0,0,0,952.5526905,210.6516465,0,82.1179597,0,0,0,117.9694057,0,1505.949946,0,0,1267.868654,136.7134589,16.72553269,0,57.39779561,53.18140057,0,268.7291932,0,0,0,0,0,34.30706578,0,0,0,10.07339413,60.46919498,289.292411,0,5.157025589,453.9305037,22.43522235,20.75672373,1936.298469,37.37124095,164.3657008,54.24763943,130.9304214,0,445.6453172,25.52983152,23.13842126,37.56317028,0,0,41.89094799,0,475.7289362,40.71905801,26.45091927,206.0992242,0,0,0,0,15.97078048,0,24.28835013,171.0774491,42.15597903,71.49216641,0,0,0,0,0,0,32.78201786,0,11.27639288,0,751.7077913,0,47.49866905,0,31.62782739,82.62558912,244.2361439,0,0,0,0,0,0,681.9471086,45.03331401,86.73067754,0,0,0,0,0,0,0,0,16.58544646,111.9645521,1896.306697,65.21204956,40.47059503,297.6525454,1023.880494,10.74080568,14341.62117,0,33.14255623,0,0,0,1982.450819,0,0,11.19236635,0,0,139.32871,99.93716727,75.52687638,75.8713814,0,82.77754814,0,54.32951725,438.6262031,18.99401088,14.70875629,0,231.5569769,0,9.163365396,0,0,12.92380868,0,0,18.78786915,0,54774.68408,0,117.1645413,0,6060.318605,46.21239145,0,23.39075166,0,0,0,801.1876043,0,993.9125679,207.232736,186.7765459,0,0,132.7204731,10.8991258,0,0,0,7.302839258,0,0,0,505.7256508,8.517258316,77.01594383,20.15822533,28.97987874,51.35017472,0,108.3559079,70.10213651,0,0,0,0,422.9617314,25.962615,0,219.1427441,0,0,0,0,0,0,0,0,26.90476637,0,0,26.48586384,12.73353302,0,0,0,0,0,0,168.6080032,117.0847021,0,0,4.200593898,0,79.28580598,0,0,0,0,67.20631282,0,0,0,88.22768774,92.48942926,12762.37617,140.3587024,0,0,0,0,0,0,0,0,668.2416815,2499.584304,0,36.87465192,0,0,378.7584676,0,1237.486267,0,2820.561704,889.8427889,44.82522152,0,0,0,0,22.52594716,0,384.5556465,430.2299865,0,83.70918723,0,0,68.32179224,0,0,0,0,0,0,38.26238219,21.31986685,0,16.28889789,15220.25037,0,529.6763286,144.621655,0,265.851493,0,0,0,0,10.40954452,267.5810869,0,0,0,0,44.10652319,0,59.44052006
"59","10335",0,2.280392415,5.180200552,303.8092703,0,22.02085688,42.25811876,32.15061187,82.64545571,0,0,40.26451321,24.33239297,19805.52816,284.1433042,0,2244.648091,0,43.72997743,0,58.30473066,0,29.50074769,28.90667851,0,571.4804935,0,24.45848987,38.16740645,3125.938695,0,19.90393698,0,0,0,649.2928609,33.14526087,16.70030579,350.0389442,0,0,0,0,41641.99338,9797.792097,0,194.7337246,153.3269794,7.321671363,0,0,0,0,11217.59456,1461.043216,0,2286.387361,27.13163884,50.30198898,676.3546466,0,0,2818.17314,8162.712438,0,0,0,0,0,0,36.73625329,0,7.832412775,10.38949943,79.70629265,0,0,1064.132719,0,0,0,0,58.2371901,29.61121222,0,72791.93694,0,14260.82029,0,0,0,0,0,0,0,0,0,0,0,0,0,0,0,136.8137556,0,974.2731183,10.22080076,0,0,587.2424549,7760.401009,0,0,113.3550344,0,970.437236,44.72842038,304.7616257,20.50561183,0,3990.712168,2458.619251,0,99.68633719,5457.060534,0,0,0,0,0,0,0,26.61761077,47.69614172,0,93.43115752,0,0,263.8417556,0,89.64293393,567.5327915,32.01881999,0,0,0,100.5717756,39.28495294,34.02016998,0,0,0,0,2042.304258,12.90033735,0,702.5449322,148.223866,393.8170269,0,186.6570948,0,0,0,297.3574857,830.6350109,0,148.8449162,0,0,0,4625.583969,0,2562.663087,0,0,330.6852311,439.8640774,24.72854029,0,0,136.4291124,0,126.8127457,0,78.62198417,0,0,137.1033704,0,0,0,19.96727307,27.46011679,12.25954476,187.2845978,9.899159138,52.60879987,38.31459559,0,6.367731998,971.7845583,26.32502066,511.015047,0,0,0,444.5610137,16.5973723,22.81403638,16.30452914,58.85271078,153.760188,53.77712716,0,416.3525842,26.82868811,177.818461,0,0,0,0,116.124774,68.85879044,0,0,0,27.50206591,0,0,0,0,0,0,0,120.1240867,7.731587108,0,0,83.47635468,29.58756599,0,0,0,63.66996783,69.42636953,0,0,0,0,0,37.11209006,4145.475524,0,1473.791505,0,0,0,0,0,0,0,0,14.68822639,162.2568296,1019.705985,13.49219721,58.43666445,0,438.0320696,31.0065412,40519.93547,0,0,0,0,0,6982.14717,8.616739523,7.843459944,0,1.868544269,0,0,55.23438702,0,0,0,15.43474681,0,44.88457845,1154.974872,18.73189297,0,0,535.335354,0,0,103.7256012,0,84.6502128,0,0,1365.889168,18.98015457,33831.91209,0,20.33987923,0,2426.730687,252.4496462,0,0,0,43.99387053,0,512.5181695,0,1513.058555,196.6279464,551.0117852,0,3045.591026,177.1679089,10.15801818,0,0,0,75.35856636,727.9033121,0,0,563.7039908,32.21440209,419.0133399,38.16375746,0,0,0,82.7044754,49.40680887,0,0,5671.707405,59409.14259,339.749901,29.09617057,0,7284.514457,0,0,21.61115346,26.07421656,0,40.16791417,0,0,0,0,2.26898505,14.52907017,17.27759681,0,0,0,0,0,0,61.84845618,3001.602187,0,0,0,9.449917135,0,0,0,0,0,236.4646667,435.0067733,0,26.26720579,18.75076586,375.5604944,79063.04703,39.61230691,50.50757961,0,0,0,0,0,0,0,0,1027.120152,0,140.0464937,20.13028331,0,0,0,103.2465812,0,0,5697.135079,13.41391289,0,0,21.55545516,0,243.5325871,0,0,202.497743,0,16.66066984,0,0,12.3435563,0,0,0,0,0,0,116.0953205,48.36930943,0,6.35715085,13583.08691,0,110.345156,167.2270647,0,107.8880814,0,0,0,0,0,122.8650815,0,0,0,0,0,0,99.09006912
"60","10340",0,0,24.38849472,278.4403263,0,0,297.7162339,5.281802922,38.8611845,0,0,37.49163076,0,3687.710432,264.5211324,0,272.9288096,0,26.04139353,0,18.53433508,0,122.5012522,0,0,937.9692031,0,24.59022623,580.4131879,6532.88227,0,29.69509756,0,0,0,232.1893256,42.74611408,0,167.0041507,0,0,36.75115887,0,20306.16328,153.7392701,0,56.32935872,155.2289739,7.858657343,0,0,0,0,109.0781117,1271.62057,0,152.9465498,40.39643391,50.42812172,472.7241411,33.56097518,0,2681.887577,149.370929,0,0,0,0,0,0,0,0,9.364460105,0,28.450133,0,0,1213.274936,0,0,0,0,126.9903942,0,0,52326.7681,93.40115624,69.07699479,0,0,0,34.51995637,0,0,0,309.1998873,0,0,0,0,0,0,39.70020719,96.76608481,0,371.435953,18.20927462,34.21334926,0,852.103429,13509.7344,0,4.090959882,22.02798277,0,0,0,1033.487032,32.70157297,0,1989.664944,0,321.8538669,267.0733787,32.26906092,0,35.24730108,0,0,0,0,0,36.72534611,14.7896337,11.9384742,79.98672724,0,0,0,5.910023473,0,358.359426,16.2926377,0,0,0,31.82131415,637.3655122,41.28524872,0,0,37.44575141,0,1301.16047,13.18543544,19.79175206,626.3063775,208.2427043,48.30714477,287.6441726,215.2482742,328.2719155,0,0,4.728080821,78.37377639,0,43.56290666,0,0,953.798006,3199.170949,0,6164.06234,0,226.6237895,133.593924,0,0,0,0,208.5293498,0,0,238.6596297,0,0,0,0,0,0,0,0,2.054268113,3.348294502,53.88278774,0,9.19429597,13.05105164,12.21830507,0,1285.025424,103.8528018,297.8725047,42.93029664,26.21682135,0,292.2034566,8.03584433,10.31483815,0,27.6518331,66.5783341,47.18881295,0,329.2260846,0,292.5095389,0,0,0,0,0,20.72937019,50.28606914,0,0,105.6437946,200.4427521,0,16.98508683,0,18.7894768,0,0,53.6615958,9.259321585,0,0,48.03703934,56.31740919,0,0,0,51.57600356,152.3798111,0,0,0,30.77718207,0,51.70370003,4355.808236,0,1562.777165,0,0,0,0,0,0,0,299.7034776,0,0,0,0,319.6630938,0,1145.612803,84.29454565,74682.35728,0,0,0,0,0,1299.380255,13.93343759,0,0,6.698762684,0,242.8049222,78.11752279,0,0,0,17.04508571,15.07400336,41.45296742,711.1429851,14.75547578,0,0,811.3150223,0,10.49345139,76.48010626,0,0,0,0,398.2042539,0,6232.291944,0,0,0,7618.158208,81.26785964,0,0,0,0,0,1097.726471,0,439.8470729,385.1265941,235.634936,0,0,313.9873084,0,0,0,75.19548398,7.051060681,35.79895569,0,0,108.027745,0,657.0992439,0,0,0,0,56.69539859,91.42785402,0,0,222.3231027,630.8147358,542.2072837,14.36415568,0,3909.544688,0,0,21.71337621,0,0,0,0,0,0,0,0,0,0,0,0,0,0,0,0,0,768.2662272,0,0,0,5.384281809,0,15.32306101,0,0,0,0,0,1009.197816,0,127.753466,0,0,10.35018324,0,0,0,0,0,0,0,0,0,7503.492909,0,51.71444122,0,0,0,0,0,0,0,0,0,0,3.491015848,1716.019316,0,120.4977582,0,0,101.1728297,0,20.7983945,0,0,0,0,0,0,0,0,0,0,15.04074864,0,13.03462333,5187.411059,0,1157.261269,144.5844875,0,194.367184,0,10.74188674,0,0,11.93330353,125.6835271,0,0,25.20675828,0,0,0,72.5280858
"61","10356",0,0,14.75004819,122.6055557,26.872832,0,356.6510091,7.185761375,26.30587938,0,0,34.49651255,40.24819179,2204.981262,261.8046211,0,747.6343982,0,12.10012965,0,7.150588793,0,170.2235199,20.10862776,0,944.2410193,0,20.71404046,365.4001376,4331.858575,0,54.55704134,0,0,0,96.28329203,31.23649321,0,84.54068644,0,0,0,0,69109.65832,19.59123317,0,58.44189116,21.38774401,2.15694177,0,0,0,0,469.3924423,110.269042,7.071432735,0,19.18281588,49.76427411,218.192189,57.95343644,0,203.8333317,80.91011277,0,0,0,0,0,0,0,0,0,0,33.26155091,0,0,966.5909383,59.42113193,0,0,0,65.44000856,0,0,44688.26124,426.4932814,1513.560561,0,0,0,70.0393629,0,0,0,0,0,0,0,38.38992454,0,0,0,59.56760979,0,196.2993155,0,22.69858361,0,791.2885459,17080.85868,0,0,12.9742503,0,0,0,2612.589707,0,0,1398.434283,0,138.1222403,0,178.4270913,0,30.94924447,0,0,0,0,0,0,9.384554303,0,43.34685092,0,0,433.5111334,0,0,252.4522568,177.1061818,0,0,0,48.6884987,201.4934565,60.41554637,0,0,0,0,234.1783816,0,0,817.0593693,237.3493405,194.5326901,0,154.6073988,0,0,0,429.0696907,472.2423124,0,34.52480891,0,0,0,336.1350187,0,2188.05106,0,447.6785071,251.5286295,136.4617008,0,0,0,202.5750493,0,0,43.92915068,256.0023138,0,0,0,0,0,0,8.707919442,4.004402115,8.062684692,78.56584185,0,6.417757809,5.475366202,0,2.368408018,693.6313589,0,261.9011076,84.7002784,63.29025484,0,664.6137174,10.57569098,0,0,39.02475162,108.4862199,25.697545,11.92159805,11.84647794,13.30375422,378.5536321,0,0,0,0,0,26.21610825,0,0,5.278316325,70.96153082,118.1579768,0,9.380671628,0,32.97655535,0,8.968936551,105.9283937,0,0,0,0,10.96979675,0,0,0,0,131.2617341,0,0,0,73.40586805,0,0,5625.429953,0,166.9350882,0,0,0,0,0,0,0,77.85059545,21.84539817,99.67411941,351.2798621,350.0871006,278.4269799,0,879.323282,12.79524244,90280.61376,0,0,0,0,14.50504105,133.4576144,10.88089876,4.295065239,12.9520304,0,0,60.97583386,42.5998445,0,0,0,17.01812088,0,33.92455014,246.1134477,3.760684332,11.31019695,0,494.0466115,0,0,23.89894815,0,0,3.958320735,0,424.6149254,0,4989.141505,0,45.78519453,0,912.5996255,64.14998113,0,28.35888913,0,9.586742925,0,668.0568949,0,100.0560882,0,107.2635743,0,0,308.2386501,0,0,0,0,4.69967047,33.77486952,0,0,149.1730272,0,199.4491399,0,0,0,0,69.21946589,89.35087795,8.336072941,86.30896261,209.3907305,662.3117241,263.9024169,0,0,581.9656361,0,0,0,0,0,0,0,0,0,0,0,20.37195405,0,0,0,0,0,0,0,219.9609801,85.09573837,0,0,0,0,78.64131711,0,0,0,0,21.8195783,0,0,57.49422496,0,169.3975511,8391.292185,0,0,0,0,0,0,0,0,0,0,1594.955152,0,12.07193048,0,0,76.00125134,0,0,0,0,2722.640857,39.14333014,0,0,0,0,55.7426398,0,0,1206.228238,0,129.4653036,0,0,66.80504389,0,0,0,0,0,0,168.5222519,43.09327747,0,49.23133153,1146.108391,0,768.6834744,59.85045352,0,192.384372,0,0,0,0,11.31527095,130.2385658,8.751534127,0,0,0,0,0,3.729179465
"62","10463",97.71053807,0,21.72750047,51.75461919,0,0,272.7210179,75.96917719,77.46879411,0,24.90755023,27.54015206,52.98367318,3170.578529,222.850406,0,0,0,60.98767742,0,8.281226841,0,131.5392396,0,0,953.6620858,0,24.65693372,127.7580139,6800.368998,0,71.40096838,0,0,0,362.5518043,18.61188382,65.99156019,249.0477436,0,0,41.56134457,0,28161.13826,739.7884811,0,53.19194332,538.7547497,34.2980905,0,0,0,0,4174.983439,257.86399,0,270.3876767,0,100.2939721,181.1686766,0,0,361.1746624,10069.11343,0,4.808265556,0,0,0,0,0,0,0,5.415283126,20.52836986,0,0,861.2321395,0,0,0,0,94.63880009,0,0,60909.44569,81.61335586,0,0,7.374317405,0,32.7922742,0,7.33847762,0,0,0,0,0,37.79665217,0,0,0,346.9711151,0,1798.689053,0,21.11661467,0,1187.724137,16283.73573,0,0,19.59246605,0,109.5441254,0,3917.058025,0,0,3459.595818,0,147.3327897,0,641.265996,0,18.77381826,0,0,0,0,0,422.4247352,105.3360283,23.1949842,20.97686453,0,0,114.4717867,0,1582.261309,463.6718942,124.8645001,0,0,0,47.12438811,0,239.8493344,0,0,25.82968088,0,139.0024668,49.11107253,0,514.6430769,244.5733489,139.9168783,0,137.4000367,235.0448565,0,36.60291018,59.51391042,0,0,95.28898915,0,0,1827.07976,144.9021704,0,3567.059586,0,124.3910362,0,0,37.56841451,0,0,109.7685987,0,0,82.95921565,113.5836828,0,395.7141673,9400.572983,120.2728338,0,0,90.94946361,6.893563386,25.33838937,120.3395969,0,5.019909534,74.63414578,14.48404492,15.99824031,1078.362789,59.37830056,194.3874451,132.8029827,142.622573,0,557.628906,37.93857368,0,0,76.28792512,0,62.92428382,0,978.9453361,22.42216191,367.1213946,0,9.855282947,0,0,0,68.16194645,0,0,0,25.09079804,106.5313353,0,9.476613802,0,18.81318577,0,0,68.31729534,318.8421237,19.54029444,0,0,30.42078291,0,11.90790523,38.23996161,68.43880867,143.3392783,0,0,11.42569311,28.76198063,0,0,1910.171687,0,98.98200268,24.85023984,13.66624459,0,0,0,0,0,28.16781896,12.29592805,162.0430925,1242.352661,266.6971841,466.7759656,2128.066825,1085.816181,521.591775,15315.19658,0,0,0,0,11.53254666,2257.463948,13.73268799,8.808343154,14.01892585,5.11234389,0,316.6524371,93.63059403,0,66.02530415,0,0,0,40.22849354,231.2805576,109.1646468,14.4428149,0,454.2035439,0,0,107.8414614,0,0,0,66.75481277,120.8259392,0,10410.88073,0,0,0,2316.307755,155.9971558,0,0,0,5179.692687,39.76674567,621.3583996,0,7219.688186,299.2931423,101.2312575,0,0,0,13.41649023,0,0,45.07331277,167.185266,18.57302599,0,0,78.19032678,52.04624618,136.4257394,78.40335162,36.30160021,50.04136778,0,120.5754281,65.40747044,0,0,2734.315288,107020.6343,677.9111872,61.74385478,0,714.4022068,262.0701259,0,0,0,0,11.35751218,0,0,0,0,11.72449232,18.3919128,153.7510293,0,0,49.38473402,10.86407346,0,0,77.83639229,281.6763743,0,0,0,0,0,0,0,0,0,0,114.7291199,491.9570389,95.42174771,0,411.8672546,0,82.35785233,0,0,0,0,0,0,0,0,35.86200969,4774.836387,0,1065.351634,0,0,60.71089533,0,175.2579343,0,0,851.1284825,138.4806252,0,0,966.5445452,0,733.5285247,0,33.22059333,0,0,56.36873667,0,4.853115292,101.9334021,268.2374345,0,0,0,0,0,0,128.9512609,0,15.2231912,6943.471617,0,332.8000158,136.4262337,0,709.2401002,0,0,0,0,10.48155931,159.2704021,4.654214507,0,77.47633663,0,0,0,105.3311058
"63","10486",0,0,13.61446126,35.002406,0,0,0,0,0,0,0,8.175589468,0,1559.141945,271.928146,0,1862.76571,0,67.64363659,0,11.79508625,0,36.80169653,0,0,1608.677941,0,11.14590462,607.2856208,2830.467366,0,90.06500568,38.34064174,0,0,70.57116441,0,0,0,0,0,29.18458882,0,30258.61553,272.5593308,0,0,74.92892564,1.325105461,0,0,0,0,297.1700939,55.30323976,0,0,10.68724145,28.37780958,211.6988359,0,0,15.32811987,10.38394617,0,2.165184165,0,0,0,0,0,0,0,0,11.06315595,5.402404784,0,10.29707123,0,0,0,0,20.79186106,0,0,0,166.9430574,0,0,0,0,0,0,0,0,0,0,0,0,0,0,0,0,17.51529448,0,436.6332232,0,39.07718963,0,502.5361641,23441.50829,0,0,4.847991669,0,0,0,1861.45294,0,0,753.4237126,481.3255806,0,43.73984682,0,0,0,66.46273185,0,0,0,0,0,44.71617354,6.725809191,9.083358176,0,116.1312144,696.4733125,0,0,408.2817777,68.60728367,0,0,0,28.48195514,0,51.09291533,0,0,7.851585036,0,132.1963231,34.94137674,0,0,0,0,0,70.52774063,0,0,0,0,0,0,10.2072912,0,0,522.7781831,321.8619081,0,3302.888108,0,41.03600216,0,0,0,0,0,167.7782694,0,0,57.86456461,0,0,0,124.9905362,169.4383904,0,0,12.48692814,0.868200995,4.268891131,26.37412977,0,0,8.496029272,0,4.477474781,882.6136369,83.80563738,79.34871647,59.6185385,0,0,960.0845374,12.67315157,17.47009157,0,0,22.24694725,31.44399809,0,4.582098486,0,478.8621832,0,8.866703672,0,0,0,30.70274687,0,0,0,108.9613494,0,0,27.42066708,0,10.27606181,0,13.62796559,0,0,0,0,0,0,0,0,0,0,160.1513763,0,0,13.07948845,21.68011598,0,0,4617.332919,0,131.4940691,0,0,0,0,0,0,0,105.4039571,10.94821381,0,0,41.0882718,525.8664516,0,2693.088253,5.068660272,30780.56269,0,0,0,0,8.441478465,18.90328231,0,5.89493122,13.01810612,0,0,95.41485712,82.57152829,0,0,0,20.20040738,0,41.53502892,110.222674,0,23.23121745,0,249.2161943,0,0,0,0,0,0,0,83.74961059,0,1545.157027,4.283595723,0,0,0,0,247.4812946,0,0,765.1150093,38.2626982,431.6906181,0,9774.418492,0,0,0,0,0,6.003628525,0,0,5.332100776,0,0,0,0,173.9144748,0,253.3741079,5.662789878,0,0,0,57.90237376,0,0,0,0,0,133.5290672,0,0,530.9053722,0,0,0,0,0,0,0,0,0,0,0.817726974,1.751378773,19.47143141,0,0,0,6.118595893,0,0,0,109.0406835,0,0,0,0,0,0,0,0,0,0,0,363.0656282,0,0,64.23157975,0,0,0,0,0,0,0,0,0,0,0,0,0,0,0,0,20.84608056,0,0,0,0,25.54090512,0,0,0,2424.366261,134.5166171,11.38886208,0,0,312.3719988,0,15.60134781,0,0,0,0,0,0,0,0,0,0,78.45657,0,18.09709829,1277.013229,5.748433071,297.0304887,8.496890536,0,0,5.300839727,0.805003152,0,0,14.98516235,117.1288989,0,523.8545071,0,0,0,0,110.1224675
"64","10489",26.43448125,1.161525605,42.3108784,85.14672139,0,0,845.5969299,60.81587868,28.27595222,0,0,41.98242177,0,2471.57928,584.7151485,0,1395.40838,0,38.1840123,0,7.355170008,0,181.1576571,0,0,1633.985686,0,33.49099403,712.5875386,8289.252845,0,100.9059792,51.35473896,0,0,131.4540477,0,0,71.51970426,352.2437993,0,0,1.247411484,93424.42258,2315.385452,0,45.3781401,39.81936588,8.446374112,10.71519234,0,0,0,4733.947577,344.5386072,0,0,0,18.1577651,1025.79997,76.26288755,0,271.5469261,85.60515223,0,1.739760341,0,0,0,0,42.22660035,0,0,0,23.87836381,0,0,3511.386336,87.74201487,0,0,0,55.40247912,0,0,0,205.4073389,140.8238424,0,4.584069731,0,153.1376424,0,3.638390397,0,0,0,0,0,288.7925233,0,0,0,57.169989,0,202.1138728,20.56496506,10.1368396,0,1196.798838,29633.63999,0,0,13.06580199,0,90.27744125,7.890136984,8217.662683,0,0,5120.269869,829.3987602,101.2587181,69.56275104,253.1990543,0,0,133.8005056,0,0,0,0,0,15.44461135,20.56770692,11.23076075,4.479396607,0,518.840857,0,0,545.0180299,4.75315514,1.613749322,0,0,26.32325456,317.5436329,31.81780465,0,0,25.16367183,0,689.8440462,0,0,0,0,221.5063539,0,101.0875167,30.82845871,0,0,6.742597263,0,0,44.09965226,0,0,1015.918442,2018.811015,1.005208683,5569.237433,0,120.0772546,0,0,12.62491151,0,0,175.6615801,0,0,106.1509066,0,0,413.4721028,28506.05282,1796.903042,0,0,19.02522326,2.889996833,7.1680637,147.8615583,0,0,18.30790211,0,22.46106769,3460.781714,29.94984781,168.3814046,198.0539248,234.2562702,0,982.5671266,21.88847921,0,0,0,0,65.71354451,0,41.64830809,17.16907729,826.4342492,0,9.989037617,0,0,0,40.67536321,0,0,93.72557121,66.47868953,0,0,11.04034957,0,15.63148679,0,11.87013765,165.5007766,3.633649866,0,59.85412903,0,17.47477805,0,0,0,0,1441.154134,0,106.7044496,6.492861029,43.75055413,47.81059748,0,15800.20362,0,554.1454062,0,0,0,0,0,0,0,85.55413454,7.191019454,76.83229691,1897.016432,426.5397772,353.4897381,0,2246.614968,347.8036054,121602.9268,0,0,0,0,8.514199235,972.1381079,7.782816066,12.41749707,12.60911793,0,0,55.96270913,0,0,0,0,16.21873783,0,102.9067094,283.0576844,0,28.47675692,0,826.6454325,0,0,81.04375338,206.1034442,0,0,0,1375.822008,0,2977.441554,4.097434428,0,0,3361.696787,357.226788,154.4868076,16.814121,0,16.74691751,0,1020.7511,0,19639.28832,0,0,0,0,0,6.203123416,0,16.21456333,7.338699054,0,0,0,0,183.0222023,0,420.4035476,14.76921725,0,0,0,149.4897619,158.0836802,0,0,169.175463,215.924265,293.0847954,18.95269004,0,2316.004627,0,0,0,0,0,0,0,0,0,96.37084553,4.310664941,4.148749479,0,0,0,0,81.7635082,0,0,72.64702,273.1773598,0,0,0,9.395405212,0,0,0,0,0,0,119.8776651,584.1885163,98.57589899,0,271.2424147,0,23.08414755,0,0,0,0,0,0,0,0,0,2686.18772,0,18.00837682,2.803406658,0,42.59913239,0,0,0,0,122.1063181,0,0,0,11292.54927,92.75988018,115.3951854,0,0,3548.096628,0,5.782292085,0,0,40.21860457,208.4437139,8.425991567,0,0,0,0,0,53.19771821,0,8.325673804,4433.265346,0,169.8976992,32.76843764,0,57.1567868,43.31184143,7.091718394,0,0,13.62911171,100.826507,12.06895755,0,0,0,0,0,76.65429937
"65","10508",0,0,0,64.70021613,0,0,0,0,0,0,0,84.86658137,0,17658.70193,76.09602066,0,986.43468,0,14.96578209,0,216.6958707,0,0,0,0,3587.787644,0,17.90808226,0,831.3516585,0,25.17882164,0,0,0,48.46078802,0,0,524.1672515,0,306.7582541,0,0,23384.31822,317.8032993,0,37.88337283,490.848712,0,0,0,0,0,2266.539672,2447.179833,0,468.5715897,27.65974296,60.84175784,1309.208487,0,0,4506.989142,2455.263515,0,3.663342297,0,0,0,0,0,0,3.877458777,17.65037916,10.8895635,0,0,446.4678689,0,0,0,0,90.4904081,0,0,69.0827288,0,60.61111184,0,0,0,0,0,0,0,0,0,0,0,0,0,0,0,44.22765728,0,398.6220873,0,3.425851186,0,568.5662288,13445.92489,0,0,0,0,1065.297715,35.03556559,156.9551034,0,0,23128.9535,1220.438225,0,70.73537506,4612.435528,0,0,176.8622694,0,0,4.082281522,0,49.42007305,14.44261572,0,16.8470606,0,0,126.2809151,0,0,3629.277078,3.992662987,0,0,0,51.24624917,0,0,0,0,0,0,5734.692986,0,0,0,103.7099851,19.04802361,0,44.1554981,0,0,0,0,0,0,24.07296732,23.16591192,0,30685.10852,14334.25697,0,13375.35981,0,264.9638257,0,0,28.24685876,0,0,36.06827562,0,0,0,0,0,0,0,206.7402152,0,0,15.60346776,0,5.455210109,13.65075923,0,0,30.83600773,228.7313171,21.16052703,247.4448356,67.93050063,367.373823,0,0,0,51.26075451,7.358446284,0,0,0,0,94.62570865,0,197.7039848,0,0,0,0,0,0,0,18.16948056,0,0,0,17.82150793,0,0,0,0,0,0,0,183.9712247,88.826233,0,0,0,97.09131474,0,0,0,0,809.9508394,0,0,0,0,0,0,559.4955325,0,6647.012877,0,79.85908895,0,113.9001053,0,0,0,0,435.1075487,0,0,0,12.27963482,0,212.7093526,37.89124895,12627.90118,0,0,0,0,0,4620.001281,0,0,0,0,0,0,9.498740331,0,0,187.8330067,20.94200924,0,9.53664593,161.1408584,0,0,0,211.0812984,0,0,76.74877592,0,0,0,0,457.0678271,15.41899835,22418.96792,0,0,0,1334.52755,2175.813468,0,0,0,28.70167701,0,238.6190904,0,469.0157001,76.50183692,8401.983958,0,6076.704596,0,0,0,0,0,9.935324543,1115.078043,0,0,3055.911268,197.7826281,1815.050362,96.78614031,0,0,0,0,0,0,0,149.0868982,67274.97321,196.1781423,0,0,11703.92788,0,0,6.581916431,0,0,69.07752501,0,0,0,51.82112702,2.060812667,0,0,0,0,0,0,0,0,0,321.267934,0,0,0,3.479119438,0,0,0,0,0,140.2812148,859.6513649,2556.832462,30.62017908,0,382.5480099,0,12.43794252,0,0,0,0,0,0,0,0,0,0,0,0,0,0,24.55596087,0,0,0,0,72.46673146,0,0,0,429.8896092,52.01937569,37.70564715,0,0,139.9402626,0,2.551233453,0,0,0,0,0,150.704607,0,0,0,0,2.49899988,0,0,19738.80216,0,6.599710081,87.14055624,3.058950738,0,0,0,0,0,3.365101465,549.734895,7.141830983,0,0,0,17.39797287,0,34.34831699
"66","10541",0,0,0,47.46240508,0,0,576.0462309,0,0,0,0,33.35704261,0,1259.217728,256.4776597,0,1670.887995,0,23.16933317,0,15.90933829,0,97.4295887,0,0,1736.447086,0,0,625.2920282,3024.053337,0,488.4071554,34.13945434,0,0,126.3651688,0,0,0,361.8268177,0,0,0,46766.39371,48.20432559,0,0,70.6090592,0,10.29592661,0,0,0,450.6002903,160.0955101,0,0,11.85338385,41.66549032,444.3976299,24.61301034,0,36.80054228,1497.379827,0,3.478752646,0,0,0,0,0,0,0,0,19.44415258,0,0,3346.9776,52.20336902,0,0,0,62.00786492,0,0,0,291.9446574,140.501408,0,0,0,41.71579956,0,0,0,0,0,0,0,0,0,0,0,49.16917747,0,388.5238814,0,17.07339161,0,808.7620895,26561.60898,0,0,9.331307358,0,36.69237087,0,487.0705138,0,0,1029.787973,0,0,0,0,0,0,91.77719201,0,0,0,0,74.31108389,12.97967569,11.95403592,11.25236814,0,408.8058072,2074.387469,0,314.0082263,469.4036797,3.67396519,0,0,0,19.2593124,0,41.52868114,0,0,10.31144615,0,102.8000795,0,0,0,0,173.5030188,0,107.9922625,65.25697664,0,0,4.978245852,0,0,8.745631412,0,0,565.1582351,273.4892535,0,2945.070534,0,28.81062725,0,0,7.934847417,0,0,46.56750786,0,0,74.83892432,0,0,0,0,0,0,0,15.06452756,1.555995444,7.966050945,81.04575706,0,0,24.74415468,0,11.5497531,1496.718551,0,96.15540626,52.93389526,0,0,1066.944649,22.2329621,0,0,20.63678723,0,60.46049825,0,14.0094576,0,592.9995434,0,0,0,0,0,33.38980279,0,0,0,104.7362995,0,0,18.7250139,0,52.25032642,0,0,0,5.633382395,38.33938667,0,84.71497451,29.58740297,0,18.07031413,0,0,221.5133867,0,0,11.45913446,39.96300479,0,102.9470646,8865.765114,0,158.1453314,0,0,0,0,0,0,0,20.10837906,32.61488095,0,718.1610839,388.8509105,16.80108357,0,1371.056626,32.95650212,52722.57197,0,0,0,0,0,182.9013801,16.65230236,9.104418171,20.55858853,15.32829334,0,60.18060197,0,0,0,0,81.62254144,0,31.26223269,56.16875129,0,56.59723119,0,328.8595314,0,0,71.4742187,0,0,0,0,122.9813624,0,1467.797029,0,0,0,6314.545201,0,0,26.42729066,0,2387.330768,32.70358661,464.5333149,0,2203.664239,0,0,0,0,0,0,0,0,18.12570682,60.49055816,0,0.926082872,0,127.2198052,0,164.4787365,15.5951161,0,0,0,0,48.491498,35.75348586,0,399.4621428,4480.473484,219.6238157,18.2686228,0,320.8315516,0,0,0,0,0,0,0,0,0,47.13023198,2.732369531,3.167874477,68.41238306,0,0,16.98037287,9.730991219,0,0,42.37407744,91.45786066,0,0,0,7.048480517,0,0,0,0,0,0,0,258.7588246,46.7026392,0,97.70208869,0,0,0,0,0,0,0,0,0,0,0,0,0,186.6742951,16.48717715,0,26.59744624,0,0,0,0,33.93674646,34.67090882,0,0,5503.646512,0,94.98013893,0,0,1625.962249,0,0,80.20761848,0,0,0,0,0,1.614683553,0,85.78972701,0,86.38122632,0,0,1978.893657,13.1053681,547.1411136,9.789751301,0,60.21333785,12.94032932,15.80901684,0,0,8.848847794,320.7800142,1.676755047,877.5553732,0,0,0,0,14.09677519
"67","10559",43.63961272,6.716662191,0,75.92790352,0,0,645.7071681,33.78441232,51.42144486,0,0,35.46848303,0,2508.166502,542.987177,0,1450.641581,0,84.70559388,0,9.894257897,0,55.90833557,0,0,1685.55962,0,21.67262991,673.4951288,5359.576072,0,162.6592906,139.3903121,0,0,490.0299238,25.26388676,0,40.35976881,340.9860527,0,0,0,73022.97995,335.3382402,0,0,68.77863222,42.71736502,22.50279607,0,0,0,3299.25642,139.9008262,0,62.81057111,13.16024079,82.64763505,246.7209996,0,0,225.7722334,4765.918513,0,4.094885943,0,0,0,0,0,0,0,0,7.999955696,9.522133561,0,1040.524697,0,0,0,0,100.8150502,0,0,139.5651685,64.35798664,0,0,0,0,36.10897864,0,0,0,0,0,0,0,0,0,0,0,138.4676507,86.72673097,369.5301978,13.09124838,17.08419474,0,1202.480194,17864.38123,0,0,12.95330259,0,172.8282605,21.25695734,5200.883329,0,0,1293.934324,0,0,0,0,0,0,82.86876151,0,0,0,0,139.2524299,29.74347284,0,17.29274332,12.50568066,0,281.446421,0,911.154742,596.869188,59.39704148,0,0,0,100.2246693,15228.16225,87.46374106,0,0,0,0,219.2909176,34.18635219,0,0,0,0,0,10.94205726,59.13240746,0,0,50.39040119,0,0,1191.314287,0,0,1135.611075,494.4079466,0,5236.702552,0,108.5251886,0,0,0,0,0,116.7447,0,0,53.99981137,148.8739349,0,473.9372295,0,24.84675596,0,0,33.00192048,11.53949444,32.98824881,332.5049586,0,0,28.16982689,21.71835446,29.98712706,1106.859273,46.5774478,158.1480891,57.42495023,34.0069182,0,385.4818525,21.74183066,0,25.40866152,52.33565425,72.66867735,58.02661745,0,95.89874137,0,539.0483718,0,11.82628929,0,0,0,32.17416799,0,0,66.614142,54.15139366,0,0,16.64619719,0,38.50607116,0,0,0,37.4029558,0,0,1228.34557,20.81542459,0,0,42.06521165,0,359.8776932,0,0,13.06032897,0,0,0,7680.602362,38.33229155,443.3122828,211.6190257,0,0,1.767963626,0,0,0,0,27.15771021,0,646.0843716,711.9348228,1192.757085,1337.237235,866.9839855,145.8090909,46113.31754,0,0,0,0,0,469.5611945,0,24.99923361,26.94498878,0,0,3246.284533,100.625846,0,0,0,0,0,120.6570441,104.0021897,49.62078065,27.30561995,0,471.8823041,0,0,0,0,0,0,0,325.1327768,0,4539.88713,0,0,0,741.816725,0,0,0,0,13.90866144,0,1010.964931,0,517.1439683,404.0948391,214.3882238,0,0,0,4.976113452,0,26.93827715,324.4664019,50.28552601,0,0.831174799,0,146.5409558,0,435.1520898,26.46181557,0,0,0,87.93213284,0,0,0,831.0381225,22017.94202,578.998202,25.57343662,0,935.8251534,0,0,0,0,0,11.42002581,0,0,0,334.0026684,12.62134956,7.583362754,64.16327085,0,0,32.14337282,0,0,0,136.7750287,364.8282883,0,0,0,4.915934288,0,0,0,0,0,52.77936468,137.4082752,889.348592,50.35815975,927.3031825,235.7717286,0,23.0365994,0,0,0,0,0,0,0,0,0,18296.33837,0,35.6248113,42.10751416,0,90.75366226,0,522.4263382,0,0,1506.834113,105.0348012,0,0,1651.619232,161.0941319,313.3109002,0,0,3314.134726,0,40.29938598,0,0,167.4144518,116.152315,5.206772504,0,0,0,0,0,50.81964776,0,56.04320351,2313.155485,17.39617891,29.06222727,66.11963386,0,0,20.35686658,18.8837086,0,0,26.38269417,161.1541193,5.388907397,273.6740098,0,0,0,0,122.1589971
"68","10570",102.9231874,3.168875372,0,41.38091509,0,0,114.4631836,200.601996,68.39562678,0,0,288.2727848,0,9760.067679,1350.717133,0,1417.062545,0,97.59501661,0,51.9067709,0,63.37485384,0,0,3432.51185,0,344.9221585,401.07036,5028.556475,0,159.7169934,1615.146715,0,0,1150.703581,63.43007147,50.42887056,60.10000698,711.6261347,7.797568092,0,0,21457.15388,7665.21965,0,0,131.6708626,42.10987023,29.51197617,0,0,0,16371.96588,388.9161829,0,74.6821691,25.67825323,166.6130622,3335.162603,0,0,3269.699537,1856.238585,0,6.231556201,0,0,20.35371839,144.5996359,0,0,0,0,0,0,0,1011.189651,0,0,0,0,134.5512347,0,0,1601.931465,0,55.18401453,5.304400075,0,0,0,0,0,0,0,0,0,0,36.01489262,0,0,0,1442.818089,298.0330759,518.5944379,97.79058943,22.71645355,0,903.6701054,9103.814687,0,48.84800393,0,0,0,18.23573312,549.3586662,0,0,10609.77507,0,94.59717864,0,2492.219249,0,49.19475807,99.98032207,0,0,0,0,55.77973199,15.30425498,5.867727084,24.38046429,2.496980047,0,0,0,0,296.031202,414.3646127,15.28542665,0,0,147.2784578,2094.825959,171.3849833,0,59.76404625,0,0,575.5262918,0,0,0,246.9768449,0,0,29.58413254,138.3844007,0,36.35109025,0,0,0,859.1853446,0,0,1881.377228,1715.371084,73.26492564,3191.183111,0,120.4126426,0,0,1209.562546,0,0,467.8431592,0,0,122.7760008,138.2589382,0,0,0,0,0,0,0,49.71266182,132.807849,433.6303537,0,0,1233.068642,571.35137,36.67746444,243.006025,74.20209788,281.6601624,45.5592542,59.18707312,0,83.50821,41.09705396,45.56401901,48.71300415,84.92322657,136.1946849,224.7135034,23.46626887,350.6684126,68.15123881,514.7315062,0,15.0936982,0,0,0,20.03417213,0,0,0,25.19011071,0,0,12.62167182,0,10.72850422,1.442719341,0,49.93912782,12.86075404,13.59637059,0,242.1129935,0,0,0,0,48.35321174,3344.541335,0,343.3039921,0,53.01380962,0,0,1346.464052,32.16942308,3504.938231,24.5772669,199.5450162,0,831.5125539,0,0,0,0,18.01585679,0,1809.072193,275.2539132,686.7691423,0,1095.343276,8.703296844,41160.31077,0,0,0,0,12.12290688,3034.393995,0,12.66958332,20.94729819,5.689729707,0,371.483746,50.69604551,0,0,0,214.7154425,0,85.98007132,63.01661292,55.75631884,23.40531296,0,769.2385234,0,0,78.64829495,0,0,0,0,354.0927475,0,19893.442,0,0,0,5810.175278,426.5105553,0,34.03608125,0,0,0,1439.39376,0,378.6992458,353.4581915,3780.02923,0,355.9365265,0,13.0835727,0,0,0,0,0,0,0,2860.642605,462.8204705,2595.373022,706.5743313,65.78272314,117.2307175,0,169.5193355,85.15100767,0,0,144.1599219,821.1343319,480.8190864,0,0,2979.319943,0,0,0,0,0,21.19261392,0,0,4.471408802,5825.006494,9.159976452,69.20797833,9.887653581,0,0,0,0,0,0,0,3344.466175,0,0,0,0,0,0,0,0,0,94.0508568,241.6364345,354.1341999,0,51.89768734,677.2201697,0,67.1992544,0,0,0,0,0,0,0,0,657.4615525,963.2063299,0,177.2609279,31.744819,0,180.6479786,0,729.4920189,0,0,2789.411014,0,0,0,1673.822657,67.06638878,160.0997401,0,733.5150477,0,0,166.004386,0,0,82.16032692,180.199028,0,0,0,0,0,0,27.67603079,0,30.43377926,39021.17515,0,354.0264628,98.12807499,8.634521001,0,13.20750542,0,4.642413144,175.629452,12.53115942,96.79315761,16.16209281,0,0,0,0,11.68755757,45.25022539
"69","10589",0,0,9.187001023,389.0849549,0,0,132.2607657,35.13484911,0,0,0,55.02140489,1.709881466,3860.582312,328.8459009,0,0,0,68.21615491,0,21.94008071,0,0,131.1751136,12.27767691,1888.782005,0,28.98003106,98.71029665,5946.580346,0,100.3455272,0,0,0,363.7730131,63.88982394,0,46.27666191,226.6773987,0,0,3.190163058,12147.66421,5540.064843,0,157.9694432,110.5423227,5.477133526,0,0,0,0,196.5326135,269.8121098,0,113.3427958,0,21.27658237,1331.825023,0,0,1917.139793,6997.215852,0,0,0,0,0,61.68508489,0,0,0,0,77.12125713,0,0,2882.631003,0,0,0,0,40.01076842,0,0,66025.93631,82.41676606,0,0,0,0,31.74929829,0,0,0,0,0,0,91.18067478,0,0,0,0,48.15754903,0,453.1428509,0,0,0,682.107863,26360.23777,0,0,77.83233616,0,103.0208039,8.037424022,3672.919705,0,0,1979.263773,0,0,0,0,0,0,103.8771066,0,0,0,0,559.7389594,64.58262985,153.2722152,129.5536195,0,0,0,0,136.0858587,711.2329563,250.9138543,2.450045586,63.86290992,0,42.48587844,0,54.01540689,0,0,14.33528045,0,470.4194499,19.40269398,0,409.0348478,135.1503776,0,0,745.709835,120.5589393,0,0,0,0,0,35.29459642,0,0,653.089146,895.0886683,0,5748.373389,0,70.92401297,0,0,0,0,0,233.8082657,0,0,40.61194515,163.192623,0,0,0,23.11541432,0,0,80.60001791,3.267337047,6.841993757,108.9182688,0,6.220311917,34.95040271,34.63179512,44.26949715,1553.680255,37.19775024,249.8049261,0,0,0,955.6912235,30.84581391,23.88942486,26.22929668,0,0,77.81328574,0,16.94703243,53.56542443,652.7158381,0,11.6101058,0,0,0,38.40251275,0,0,0,90.3380322,227.1565052,0,38.64849497,0,21.52194698,0,0,0,5.62001577,0,0,0,0,0,0,0,0,418.7237308,0,0,0,63.79460564,0,0,2337.70284,48.83157164,390.6369761,0,0,0,60.29388021,0,0,0,0,8.024977483,168.8011845,0,175.9470264,364.7995981,951.6321475,1553.863748,59.59984222,12520.33589,0,0,0,0,13.22643098,414.3650116,14.53836484,38.82000425,0,0,0,0,81.47735957,0,0,0,46.20993673,0,52.51230203,155.8578726,35.0181783,28.00749094,44.17038431,688.5439361,0,0,199.4553489,496.6234951,1.910332508,0,0,526.5703219,0,1563.024513,0,0,0,1747.717825,0,0,0,0,271.4672645,0,439.3262788,0,2999.335155,280.3133373,0,0,0,0,0,0,28.94591161,22.69489136,15.36686528,47.92351392,0,0,144.1455585,19.43454943,290.0298021,43.50108945,0,0,0,0,0,0,0,2278.972647,24216.15337,932.3834701,59.18872077,0,1236.037577,0,0,40.5244514,0,0,8.585655097,0,0,0,0,4.19263209,50.75176564,117.498538,0,9.399039338,40.99531651,5.079165694,0,419.9367818,0,293.5403083,0,0,0,0,0,26.73165577,0,0,0,0,98.93423819,516.6176102,90.05519007,63.3534235,179.7547937,0,0,0,0,0,0,0,0,0,0,0,0,0,45.94382058,0,0,40.32621776,0,0,0,0,619.5139403,129.2353848,0,0,1475.21597,0,1840.463259,0,0,1714.821705,0,12.1941449,0,0,0,0,0,0,0,0,0,0,24.84686261,0,23.03259716,1492.94568,0,187.8230931,24.97723409,0,68.91286252,0,0,0,0,14.05176292,265.4604955,15.85208107,0,0,0,0,0,18.43033254
"70","10805",14.93075071,0,21.73464746,150.2411091,0,0,396.4692184,8.206806976,33.22364083,0,0,55.66248303,0,4615.924302,334.5026331,0,0,0,18.46331832,0,11.83380827,0,187.3374989,24.07171895,0,1571.44126,0,18.71536224,553.7028037,8615.123759,0,323.4671967,0,0,0,154.8840184,19.63244755,0,31.25673987,975.3544276,0,19.69786953,0,31386.39636,439.2807692,0,44.13683086,14.7408464,3.762205746,1.320464218,0,0,0,1151.179104,263.3349878,0,159.9678204,14.10855357,72.55218399,742.3466579,41.23750249,0,300.896302,56.95258615,0,0,0,0,0,0,0,0,0,0,19.51390051,0,0,6885.349163,0,0,0,111.0322274,22.60951441,0,0,0,123.7746747,185.9460796,0,0,0,76.84188227,0,0,0,0,0,0,0,0,0,0,56.77575974,66.73757943,0,154.3106554,0,15.73339749,0,941.5443819,27121.29417,0,0,39.77906246,0,39.11074406,9.064610117,3602.171899,0,0,5383.882307,0,0,0,207.0154208,0,0,85.74953511,0,0,0,0,0,8.962047772,0,30.03373879,0,0,239.590733,0,0,802.6513061,8.239167881,0,10.01002889,0,40.47670884,0,49.91168216,0,0,59.06304022,0,1660.634826,5.449376969,0,0,0,75.27725908,0,537.6761128,0,0,0,12.51378299,232.0805296,0,35.33147911,0,0,581.724066,3122.513993,0,5078.636243,0,157.3546658,78.90763,0,0,0,0,393.9681976,0,0,352.7558391,0,0,0,0,0,0,0,18.15062862,0,4.969604267,49.17904012,0,0,12.63403544,0,10.86061588,4109.492865,0,351.9601028,82.72106658,52.0130907,0,1241.603446,17.24303729,0,0,32.82841678,111.3329207,53.55462817,0,24.22146794,0,436.8452249,0,0,0,0,0,25.11597454,0,0,0,65.50849788,264.7180911,0,18.57418825,0,35.97166662,0,0,0,2.766260167,16.87170384,0,0,12.10973938,0,0,0,4.633117405,752.1561063,0,0,0,80.14243182,0,64.23256653,5926.887968,0,1462.555254,10.78201173,0,0,0,0,0,0,17.53136949,39.27966894,0,0,333.3469977,650.509905,0,1690.629512,19.18764958,46072.87217,0,0,0,0,0,269.5521501,47.71865148,45.58093665,9.836167835,10.84617729,0,188.3624718,21.78974215,22.89001713,0,0,56.65523073,0,33.35681322,96.96155462,0,43.6729399,0,903.8384084,0,0,152.9383518,0,0,0,0,88.39026483,0,4195.907705,0,0,0,47.66489987,45.68432935,0,30.46951872,3.344288283,14.68076825,5.517458474,1672.344763,0,0,232.9662085,93.12108372,0,0,741.7649542,2.799806208,0,0,0,0,0,0,1.92935486,326.739156,0,934.3148114,9.025626482,43.45150073,0,0,56.08379134,104.8632953,0,0,0,470.3384303,494.3332724,26.31354803,0,3887.318886,0,0,0,32.36552405,0,0,0,0,0,0,0,22.57382294,0,0,0,0,16.43867326,0,0,54.53740041,697.6153108,0,0,0,0,0,0,0,0,0,0,0,1161.461303,0,0,88.81303776,0,0,0,0,0,0,0,0,0,0,0,0,0,10.99145272,8.523157857,0,0,17.25748084,0,0,0,0,0,0,0,5092.322907,0,35.75588109,0,0,1407.856036,0,0,0,11.11880625,0,0,0,0,0,0,0,0,152.8213897,0,23.99521719,2530.456446,0,229.0818002,18.3421582,0,0,0,0,0,36.99920757,9.646353859,46.83659286,43.39538756,0,0,0,0,0,0
"71","10132",0,0,0,3.777404889,0,0,0,15.8880994,0,0,0,6.421940216,0,6681.097084,41.07512144,0,0,0,4.633039531,0,0,0,0,0,0,4351.16902,0,19.03895783,2067.086892,2493.229863,0,33.62303496,0,0,0,90.19047674,0,0,496.8528811,0,0,0,0,3932.634439,624.8167793,0,0,128.6290461,4.076627944,0,0,0,0,995.5305739,1218.06796,0,28.60241987,0,0,412.3242363,0,0,3895.847191,616.2530719,0,0,0,0,0,0,69.43371594,0,0,725.1607616,15.77093718,0,0,96.80921602,0,0,0,0,60.31269591,0,0,23004.67304,0,132.7651103,0,0,0,0,0,0,0,0,0,0,0,445.4508646,0,0,0,33.07990739,173.208202,158.6294762,0,40.58228232,0,3225.835221,4405.356601,0,0,0,0,7282.44035,100.8831483,0,0,0,9946.714511,0,0,229.072741,32724.48333,0,121.7416876,210.3234908,0,0,0,0,27.40464681,15.98106098,0,34.16311147,0,0,0,0,0,1811.118816,1.405540341,0,0,0,0,0,0,113.5590445,0,0,0,2842.513378,7.855880401,0,0,0,0,0,39.26358496,0,0,0,0,0,0,23.5527542,0,0,5449.250948,7769.608628,0,8872.773768,0,381.9439726,137.8441371,0,0,0,0,549.912413,14.70978884,0,999.0851815,0,0,0,0,78.19138525,0,0,0,1.220603661,4.274717553,55.58215017,0,0,19.72408982,0,2.599767258,37.17829871,0,203.9990963,0,54.1010779,92.50029176,48.58120387,0,0,0,0,245.1972937,95.14687907,0,66.46372385,0,0,0,0,0,0,0,0,0,0,30.61455285,0,0,0,0,0,0,0,0,29.84001916,41.63846195,0,0,0,216.2808327,0,0,0,0,499.8711211,0,10.64353299,0,38.89239538,0,0,0,0,3491.820115,750.5250065,6.200990401,0,0,0,0,0,0,0,0,0,0,15.04569501,0,3992.014755,32.34409391,24772.32491,0,0,0,0,0,625.9694411,0,0,0,0,0,11342.60329,0,0,0,71.27314491,62.65708709,0,5.424222355,54.768919,4.307045989,0,0,4558.885657,0,0,549.7073241,0,0,0,128.1705424,2.102815531,0,4185.329902,0,0,0,123.1421388,4643.58379,0,0,0,0,0,4726.566828,0,394.3514359,0,96.8523851,0,132.7869242,234.6457872,0,0,0,0,12.41364095,0,0,0,1417.361344,8.354588425,1806.118094,0,0,0,0,0,0,0,0,7679.771442,42831.09993,149.0237278,20.78168227,0,5978.240539,0,0,0,0,0,0,0,0,0,0,4.529503769,0,5.624367051,0,0,0,0,0,1.376357012,0,172.9359358,0,0,0,10.44383668,0,30.4912509,0,0,0,67.87787081,0,0,0,0,390.2881811,0,0,0,0,0,0,0,0,0,0,0,0,0,15.57091786,0,0,0,0,660.7999854,0,0,107.9396984,0,0,0,756.385547,0,6.927806486,0,0,483.7669535,0,2.433955518,0,0,0,0,0,0,0,0,0,0,0,0,0,2374.57213,0,0,23.22953713,0,653.2811822,0,0,0,0,3.250041884,131.6607413,0,0,0,0,0,0,10.83930249
"72","10135",0,0,11.69149849,29.56461199,0,0,306.9281276,14.28584115,0,0,34.43869811,41.37937379,0,2354.942958,585.3993789,0,0,0,36.37488858,0,23.44009608,0,143.392523,0,0,2460.580503,0,11.53027376,970.4058343,5734.861463,0,282.4371689,0,0,0,247.1076254,0,0,27.47624449,0,0,0,0,21071.95139,91.22034337,0,0,39.3795657,14.07869618,0,0,0,0,358.5207186,150.8004338,0,0,29.01989296,0,309.1449673,54.61212354,0,193.05627,62.20727865,0,0,0,0,0,0,0,0,0,0,18.08436923,6.748674523,0,2697.921684,247.3123416,0,0,0,72.70035588,0,0,68741.13729,137.5513988,2586.446894,0,0,0,107.1826734,0,0,0,0,0,67.54407392,53.3503273,179.6785539,0,0,53.17012946,115.2741101,0,297.6881379,59.56160527,28.94709733,0,668.2094614,35754.1852,0,0,0,0,0,0,358.7460329,0,0,1488.006061,0,111.5747129,0,35.49369143,0,0,107.0448701,0,0,0,0,0,0,22.54702245,8.910215768,0,206.0511323,986.272301,4.144415463,0,617.1756289,5.476150605,0,0,0,48.52566058,256.109073,52.87215075,74.16679271,0,16.26745455,0,220.3373217,0,0,0,160.3608241,0,0,114.5433466,156.2320823,0,0,0,0,0,16.23095359,0,0,1444.3081,525.5601757,0,5428.409059,0,89.47568255,203.4605215,0,0,0,0,95.99653381,10.0117457,0,143.5210802,0,15.18582403,0,0,0,0,0,22.32276503,2.248557357,10.60639648,119.0822742,0,0,31.54438772,0,16.87895058,1756.504695,0,125.6335562,78.87551373,63.50551598,0,2092.67687,30.00758904,14.90386713,0,0,63.80752238,49.20801041,0,15.50960035,7.643631757,753.7094401,0,0,0,0,0,70.57443114,0,0,53.76356079,99.1948581,0,0,33.76261734,0,24.50336,0,15.44887245,15.06162577,5.198303369,19.79347702,0,136.6830723,0,0,0,0,3.909921142,252.6493103,0,35.72389341,0,84.1750745,0,144.0567348,2078.481404,0,254.3024327,0,0,0,0,0,0,0,112.8492684,13.92186214,0,0,326.8738362,35.24966258,0,1508.39137,39.03924919,36763.08893,0,0,0,0,6.301523129,103.5979634,14.35217591,7.36201606,13.59966701,0,0,107.8031558,0,0,0,0,81.36275746,0,36.80218711,146.2162672,4.648286888,36.02594313,0,395.7036702,0,0,0,0,0,1.679240685,0,301.5187088,0,4124.641553,0,0,0,819.4188134,97.2460969,0,0,4.339546541,0,0,571.1053239,0,374.1756825,328.1544782,208.7013589,0,0,1635.675682,0,0,0,5.093395327,0,0,0,0,126.1626531,0,261.0698054,0,0,0,0,76.37135193,67.9685591,0,0,0,1042.290047,0,10.74383484,0,908.9727216,0,0,0,0,0,11.11870129,0,0,0,0,0,0,0,0,0,0,44.35668817,0,15.59580638,0,155.5906529,0,0,0,3.562387252,0,0,0,0,0,0,0,0,0,0,186.9145344,0,40.26028998,0,0,0,0,0,0,0,0,0,1270.922129,0,27.38270902,7.620314313,0,441.8896087,0,0,0,0,52.48685062,0,0,0,2443.286142,5.180958839,17.30302044,0,0,811.7998578,0,0,0,0,0,0,0,0,0,0,0,0,9.399914287,0,11.14324587,1720.790203,0,156.1359045,14.26738645,0,87.25819928,0,0,0,56.09729132,10.12083336,262.1574703,31.45095417,359.4402205,0,0,0,0,0
"73","10206",57.16063422,0,27.92427948,41.76917753,0,0,1247.087428,0,78.52128639,0,0,33.7222482,0,1860.501401,237.8841974,0,0,0,61.81160103,0,39.77440247,0,193.205598,0,0,905.1931766,0,9.96150236,0,3573.599563,0,130.1210831,0,0,0,134.6092796,0,0,0,249.0601998,8.043867055,0,0,36388.35295,2412.955207,0,0,9.077133351,7.482127656,0,0,0,0,108.0164993,73.85110226,0,0,39.37320421,146.410257,311.8142173,87.37653826,0,52.21212659,23.36675907,0,0,0,0,0,0,0,0,0,0,15.80964525,5.26406337,0,4129.222812,0,0,0,0,87.9107956,0,0,38591.42718,53.16860496,0,0,0,0,68.45721786,0,0,0,0,0,0,67.77385321,0,0,0,84.42758928,84.20594481,0,52.77221455,0,72.59309284,0,460.2659788,19289.44914,0,0,0,0,0,0,3008.926642,0,0,1174.443971,0,0,0,0,0,0,61.58958395,0,0,0,0,0,0,19.64364461,0,0,0,622.7816252,2.8932715,0,300.7957973,630.3717731,1.462708986,0,0,32.39170823,0,30.067859,76.28629603,0,6.554369386,0,187.3698896,53.61455008,0,1209.028065,0,0,0,35.1374893,0,0,0,36.61705812,0,0,11.14708478,0,0,1989.037314,470.8009587,0,2862.439168,0,92.83065115,0,0,0,0,0,82.43678409,1.611972529,0,110.9598332,0,0,0,0,0,0,0,14.04148966,4.573749654,2.583964973,19.27361552,0,0,26.44404277,0,4.454387965,3701.260657,0,70.43571429,0,0,0,1145.61874,12.74668529,35.00402148,0,0,0,68.48234285,0,41.84589423,29.05767046,449.179639,0,46.31434079,0,0,0,14.94305845,0,0,15.26602495,83.03856652,543.946258,0,62.98342427,0,20.79021353,0,0,10.10610087,0,0,0,0,0,0,0,0,0,239.8777173,0,50.33983157,7.518415852,0,0,0,0,0,259.9681868,0,0,0,0,0,0,0,0,0,0,0,226.0625232,485.4152762,0,724.2410493,142.5147783,0,0,0,0,0,11.15418861,334.2966444,0,2.625083383,19.64725471,0,0,0,138.4435524,0,0,0,27.14739852,0,25.66680802,51.26931903,0,19.50509863,0,340.0632936,0,0,0,0,0,1.530946866,0,34.85450936,0,2411.08257,0,0,0,247.2455513,0,0,0,0,0,21.88659531,388.5242303,0,185.1217343,522.2400464,375.7441705,0,0,0,0,0,0,66.9702915,0,0,0,0.783543837,71.47562745,8.19342403,179.2189098,285.0909242,0,0,0,0,101.363973,0,0,0,831.5419823,0,0,0,760.3578527,0,0,0,0,0,0,0,0,0,0,0,152.5020762,2.233207016,0,0,0,16.89697889,0,38.63481033,0,173.55794,0,0,0,0,0,0,0,0,0,0,0,757.5493329,0,0,0,0,44.60135354,0,0,0,0,0,0,0,0,0,0,0,5.7464336,10.05159788,0,0,0,0,0,0,249.6172659,0,0,0,3774.984455,0,22.03170454,0,0,1506.0193,0,1394.477973,0,0,0,0,4.000414463,0,0,0,0,0,58.40362894,0,0,1193.624949,0,152.9650384,19.00364677,0,0,0,17.54471188,0,105.7165952,9.501905984,171.583674,0,0,90.56899547,0,0,0,162.6999807
"74","10219",166.7633223,0.955766531,6.171075483,10.1194728,0,0,174.3180021,33.35190999,125.5091613,0,62.36411485,34.2210397,0,2998.90866,216.3156243,0,0,0,39.4255054,0,0,0,105.9904229,70.70536123,0,431.1835251,0,143.6412717,309.6724844,4392.461482,0,65.96322071,0,0,0,1115.713427,0,57.43606909,180.923042,0,10.0828554,0,0,41035.30771,1606.080441,0,0,131.5055193,7.952233662,28.04236597,0,0,0,6419.573965,431.2392962,0,0,67.81554944,422.9463717,337.1760471,33.50663228,0,3442.454936,613.7939529,0,0,0,0,0,0,0,0,0,0,0,0,0,768.3256644,0,0,0,0,103.7983704,0,0,43721.21804,29.69603029,236.969938,0,0,0,0,0,0,0,26.74819698,0,0,0,0,0,0,0,217.1816303,0,378.1953354,0,22.24101634,0,645.5333531,9367.078591,0,6.915902739,0,0,286.3728246,32.32272508,308.3879764,0,0,13483.159,0,321.331063,0,0,0,36.08129361,51.13328404,0,0,0,0,71.37573574,12.05118937,0,12.35146318,0,0,0,0,0,1214.637816,166.4419815,5.056081816,17.47914199,0,39.09210749,1050.048268,21.45511518,75.38024487,27.1860746,0,0,243.0183548,45.38542772,0,0,0,0,0,84.63004158,0,0,38.30817027,14.23410174,0,0,211.606151,0,0,1943.518728,631.3515854,0,2909.184985,0,220.791461,0,0,91.17823466,0,0,202.6809881,0,0,77.26681,0,0,0,0,0,0,0,0,11.97431691,24.27160664,74.59154508,0,0,22.62346648,0,6.860159484,1311.932474,0,225.0415765,116.5991548,289.7044399,0,477.2747711,41.75991218,0,0,0,176.3304775,92.04356798,0,467.8591135,0,0,103.3972679,17.86297362,0,0,0,12.19701833,0,0,37.09323658,28.13133871,0,0,8.829226216,9.061529256,7.129378741,0,0,34.65095908,13.29375191,0,0,0,22.34682314,0,0,0,0,765.2015018,0,104.8467936,7.144410148,0,0,0,3278.554284,0,376.782796,0,7.680363985,0,0,0,0,0,81.90703753,26.19984916,0,0,0,85.8372157,0,666.2353434,19.51692841,75387.61177,0,0,0,0,18.86754826,1399.24628,0,0,6.984745513,0,0,196.3011342,0,0,0,0,89.20287635,0,27.15245813,628.7682606,25.48099733,0,0,393.8785961,0,35.80480405,0,0,0,14.94529297,0,43.91927426,0,34632.90871,0,0,0,5570.000862,0,0,0,0,0,0,786.901838,0,0,0,205.2540729,0,0,0,0,0,0,5.415495653,0,0,0,0,56.02913003,19.17332972,158.8595937,35.17463616,71.59137172,52.06288051,0,140.7138301,86.17533172,0,0,288.5417307,860.9399677,0,31.64206291,0,926.6043654,0,1381.807843,0,0,0,0,0,0,25.79733743,0,0,16.44927895,5.187952484,0,0,0,0,0,619.705318,649.6095091,875.0714817,0,0,0,0,158.1090156,0,0,0,0,87.49114,0,297.8591693,0,0,0,0,40.63157255,0,0,0,0,0,0,0,0,0,872.8387571,0,99.77690181,12.72239741,0,248.0454849,0,0,0,0,0,0,0,0,1677.698271,6.667029758,105.6173586,156.8504124,0,321.0963248,0,56.70791236,0,0,0,0,0,0,0,0,0,0,12.85859822,0,23.69952155,10862.42618,0,1327.130865,19.65560032,0,192.2677707,0,19.97508708,4.663277236,89.35076958,8.1482939,77.71376198,0,0,0,0,0,0,65.81307073
"75","10226",89.72504856,1.86693566,14.96339523,52.79837117,0,0,201.8917581,29.79216371,27.62593354,0,0,90.5761256,0,2943.549261,683.1292695,0,0,0,52.34090419,0,40.96984772,0,99.22920303,211.0114848,0,1488.869024,0,0,534.3744987,4510.338516,0,152.0059356,0,0,0,287.7193042,0,0,33.29007988,820.3721055,0,0,0,119425.6569,3305.233221,0,0,23.72655678,14.45492252,0,0,0,0,285.7143986,346.0665709,0,0,0,106.7974854,530.0224059,0,0,251.1205502,63.87981022,0,0,0,0,0,0,0,0,0,0,17.84125369,6.575697825,0,793.7716669,0,0,0,0,154.3897596,0,0,46133.49528,128.2383903,94.93478794,0,0,0,79.10950093,0,0,0,46.37228171,0,0,0,0,0,0,0,1746.285892,0,357.1470327,0,41.49553331,0,1288.59294,25597.37926,0,0,0,0,0,0,3300.2946,0,0,1569.568697,0,280.4097245,0,315.0419669,0,0,67.00424115,0,0,0,0,0,10.40407175,17.13777783,24.23556961,0,406.4951071,5806.138908,0,0,541.7064018,88.99896548,0,52.164357,0,52.43587391,1052.625757,82.49972447,58.95518953,0,8.684180465,0,359.6431192,0,0,0,0,0,0,126.2538791,130.2721591,0,0,60.35745556,0,0,96.02616401,0,0,1540.085544,1224.019043,0,4658.853284,0,98.89775886,302.2754808,0,56.48835284,0,0,182.5695484,0,0,146.7366855,118.865199,0,0,536.854564,0,0,0,12.91913014,16.9117417,9.907435163,141.3016351,0,0,15.95596401,0,13.86975237,1032.436056,0,0,68.28796918,0,0,709.6641355,21.62814547,0,0,90.66510452,0,57.06808026,0,259.5823123,0,745.410904,0,47.60634835,0,0,0,35.58176329,0,0,67.20727979,63.52493605,329.5944292,0,14.9641781,0,42.56348744,0,0,182.2002344,3.433677133,0,0,0,0,0,0,0,9.66495857,503.4598928,0,60.27533642,7.76992147,54.32725322,0,166.8107281,20630.56121,0,693.8349565,0,0,0,0,0,33.65391795,0,0,0,392.5853078,0,331.8728721,391.0944938,0,1427.712885,211.0753485,0,0,0,0,0,0,783.0504441,0,5.552508869,14.59073507,16.0403735,0,0,0,0,0,0,0,0,54.53603878,154.8509413,7.584125059,25.19990988,0,517.2886537,0,0,0,298.3865999,0,14.90414763,0,329.517988,0,1135.483642,29.51799092,0,0,0,43.22649406,0,0,0,0,0,796.0437971,0,0,0,332.7415471,0,0,961.7122138,0,0,0,4.724727359,0,0,0,0,124.2182239,5.320395259,501.0695547,55.65042283,0,0,0,81.15152285,95.16551752,0,0,0,646.544705,342.2993312,18.72071723,0,1629.522539,0,0,0,0,0,0,0,0,0,0,0,26.06226848,3.823006105,0,6.186905807,0,5.013707902,0,178.54723,250.745699,252.4360577,0,0,3.613421691,0,0,0,0,0,0,142.0546579,0,832.3222473,187.2241037,0,0,0,0,0,0,0,0,0,0,0,0,0,1388.032949,0,20.07062626,14.16529241,0,107.9650272,0,0,0,0,2450.367798,0,0,0,3854.027916,0,257.2913711,0,0,3773.070884,0,41.65848487,0,0,97.03386622,233.665444,6.015174514,0,0,0,0,0,49.16342463,0,20.81625145,2299.450718,0,595.0104969,35.95203175,0,0,0,0,0,13.11175267,17.25860878,136.3936319,0,553.7463093,0,0,0,0,0
"76","10229",0,1.894649958,1.632041285,276.5348372,0,0,0,22.24288664,0,0,0,61.422897,0,14567.86722,272.7893288,0,0,0,9.159876095,0,0,0,0,15.86457543,0,2578.051152,0,28.30227147,1193.855949,5321.106089,0,0,0,0,0,0,0,0,218.1164034,0,0,0,0,0,38.97029248,0,0,246.0215915,0,0,0,0,0,2457.712874,1057.498315,0,23.82461224,0,0,345.2459334,0,0,2651.003246,711.5347296,0,0,0,0,0,0,0,0,4.190552911,122.4886072,65.70941001,0,0,289.5168258,0,0,0,0,329.2401887,0,0,45176.61757,0,0,0,0,0,0,0,0,0,0,0,0,0,0,0,0,0,0,0,447.1978651,0,5.285909492,0,2319.063451,15496.91559,0,0,126.473853,0,0,38.97444474,0,25.84856295,0,8393.944639,0,0,0,4579.774052,0,0,145.1352194,0,0,0,0,48.02334966,14.56555415,0,56.8646814,0,0,0,0,0,1279.79687,2.252581879,0,0,0,48.62147956,0,18.35993142,93.23223164,0,0,0,1860.955333,0,0,0,0,0,0,87.42468833,0,0,0,0,0,0,20.39087096,63.33328623,0,0,4009.653784,0,5201.372227,0,305.320972,0,0,0,0,0,778.2870431,0,0,174.5856501,0,0,0,0,0,0,0,10.11788891,0,4.782513323,0,0,0,18.97207691,0,9.435233682,0,0,763.8879697,0,0,101.5658048,0,7.006881183,0,0,0,242.8362812,78.88996465,0,46.86355405,0,410.2719077,0,0,0,0,0,21.4088508,0,0,17.20851482,0,0,0,7.486749784,0,0,0,0,53.55429398,36.70889407,0,0,109.1309631,283.4684903,0,0,0,0,748.2249673,0,13.59034916,0,0,0,0,0,0,2100.295108,0,0,0,0,0,0,0,0,0,0,0,0,63.97383904,0,1219.123252,5.267056454,0,0,0,0,0,0,193.3457132,23.00504421,0,0,0,0,0,0,0,0,0,0,0,24.10897042,198.3550996,10.60181938,0,0,1443.54335,0,0,0,0,0,0,0,1028.419318,0,2729.915604,0,0,0,873.2468626,177.5535576,0,0,0,433.0080099,0,1610.479166,0,0,0,2272.112457,0,0,794.2559242,0,0,0,11.34483431,9.897458948,83.86831833,0,0,890.4183555,8.587043178,1239.930203,5.797558202,0,0,0,88.25878101,0,0,0,0,22683.7627,350.8953032,0,0,4511.721341,0,0,30.32128296,0,0,0,0,0,0,0,0,0,0,0,0,0,0,0,191.6259942,0,507.275045,0,0,0,0,0,0,0,0,0,0,0,0,0,0,0,0,0,0,0,0,0,0,0,0,0,0,0,0,56.7637347,0,0,0,0,0,0,0,0,0,0,0,0,0,23.1702041,0,0,0,0,5.006807554,0,0,0,0,0,0,0,0,0,0,0,0,18.74685253,5370.510368,7.561760223,0,0,0,0,0,0,0,15.8972361,8.221845667,122.0669001,0,0,0,0,0,0,24.60006336
"77","10231",99.66728908,0,18.30935959,23.22681491,0,0,491.1715573,33.18601733,50.95997381,0,0,20.65484812,0,13148.13276,791.9351221,0,0,0,97.20134805,0,50.51704608,0,127.1761791,26.02251196,0,716.8470953,0,19.70188498,0,8066.924501,0,85.13042058,0,0,0,1507.149094,0,0,63.35358381,204.6556497,0,0,0,41934.22906,15156.06877,0,0,60.55240011,6.852310801,0,0,0,0,6308.968236,211.807136,0,0,0,132.629463,836.1676036,0,0,261.3324789,239.6887327,0,0,0,0,0,0,0,0,3.387850515,0,10.60715381,4.345380196,0,3197.394431,0,0,0,0,57.75370754,0,0,39386.66321,12.69759789,0,0,0,0,53.1946592,0,0,0,0,0,0,55.97052568,0,0,0,0,468.636911,0,3175.304976,88.76786276,0,0,2906.772055,23804.25984,0,0,33.24890618,0,204.6353038,21.48830153,3175.318836,0,0,21027.93998,0,258.601189,0,0,0,78.33094116,356.1732911,0,0,0,0,32.74734068,20.90194914,12.90294291,14.49382116,0,0,379.7486749,0,0,1228.03405,116.0406228,1.851222371,0,0,134.7033847,314.2436055,34.64747906,67.2539114,0,34.02914042,0,3561.215178,28.32810385,0,0,0,0,0,149.8914282,0,0,0,53.80321603,0,0,70.50788411,0,25.3684341,1985.685798,10948.40214,0,7091.039745,7.139717662,131.0947503,0,0,0,0,0,677.8042842,0,0,181.7625283,0,14.24699844,0,0,0,0,0,50.08148832,21.13199452,49.27805519,350.7881377,0,5.959740448,69.7863857,0,56.56684347,6039.382442,0,247.9071795,75.28565298,324.2217714,0,566.7933008,38.00097218,28.75231738,0,0,215.0464515,272.7693459,46.92228252,3784.24188,53.80198514,0,74.02827634,42.02228789,0,0,0,53.17535285,0,0,45.39145121,37.28898508,384.5993708,0,25.63794627,0,13.72006161,0,7.100542748,54.27177614,2.222777103,0,0,0,122.8026141,0,0,0,0,1960.515973,0,112.1011582,0,284.2730605,0,0,5480.230541,0,10394.40988,0,74.62093294,0,0,0,0,0,31.54696596,17.35804386,0,0,0,268.2300891,0,1310.243185,56.10782654,80001.76446,0,0,0,2.864475014,0,5799.778943,0,16.94459187,30.80183765,0,0,0,84.07740489,0,0,0,109.3266238,0,99.2173391,997.3576172,14.72548669,0,0,891.1591771,0,0,0,0,0,0,0,277.9012029,0,3865.168219,0,0,0,5444.488601,0,0,0,0,25.41081892,31.83375174,1748.789666,0,141.0950813,304.1033248,847.7867872,0,0,0,0,0,0,7.316359849,0,0,0,0,860.1784631,23.68129035,4732.030973,0,0,93.90715566,40.90063191,202.5885686,147.3416659,0,696.3110899,148.9620508,939.6459425,312.9076124,52.63114852,0,14162.28993,204.1365057,0,0,0,0,54.0978564,0,0,0,0,0,8.900835823,6.771644314,0,0,0,21.09972902,0,129.4967464,0,2752.573234,0,0,0,0,110.6158629,0,0,0,0,586.4734783,569.8087123,619.129907,0,0,2108.900658,0,30.35097968,0,0,0,0,0,0,0,0,0,317.3295375,0,104.3720969,14.37164135,0,148.5698116,0,0,0,0,0,0,0,0,4241.02321,0,164.1903495,0,311.7812619,486.7247533,0,70.88194965,0,0,0,0,0,0,0,0,0,0,0,0,29.7467527,7481.756651,0,317.0991139,39.57918626,0,112.8224676,0,0,6.184999427,21.94899819,17.58397856,109.549094,0,0,0,0,0,0,90.14062397
"78","10244",0,0,14.633332,69.45204451,0,0,374.7125606,51.14805625,24.53459024,0,0,58.7807389,0,3523.861752,510.1628432,0,0,0,33.29133527,0,0,0,70.48569171,0,0,1738.786997,0,11.86182291,326.7366424,4281.842458,0,104.7719699,0,0,0,198.7239212,0,0,0,348.9289602,0,0,0,52981.91354,4311.919758,0,0,35.64768387,17.12646355,0,0,0,0,2073.376045,162.8664476,0,0,56.12172594,89.31743028,432.8119033,31.24481467,0,69.18651902,159.6344075,0,0,0,0,0,0,0,682.858566,0,0,18.28317046,3.133219404,0,3065.343206,0,0,0,0,98.06728052,0,0,48677.46992,36.56960426,0,0,0,0,40.34122152,0,0,0,0,0,0,28.61027949,0,0,0,42.16960511,105.7166749,0,1197.357697,0,18.29590273,0,1417.025129,22791.75553,0,0,0,0,0,0,1542.905243,0,0,3477.259175,0,0,0,101.4841423,0,0,82.66567953,0,0,0,0,0,15.61811852,120.3065412,0,0,0,0,0,0,607.2316215,159.7425762,0,0,0,44.1943267,0,38.1593756,109.2798855,22.63708147,9.179176862,0,270.777589,50.47839846,0,1308.609891,0,0,107.99887,85.81535455,180.6716334,0,0,7.720067808,0,0,274.3848449,0,0,1819.905342,657.5540322,0,5416.24667,0,139.2370793,0,0,0,0,0,327.1524085,0,0,118.1122918,0,0,0,0,0,0,0,16.7490075,5.70540649,17.7325435,180.5273432,0,0,38.8438797,0,18.13608474,908.8222171,0,108.90717,41.33283733,29.11083226,0,473.3807991,26.30605353,0,0,0,0,93.2473918,0,596.1081239,25.47689824,505.8953035,0,21.61647735,0,0,0,34.45503796,0,0,54.11895604,39.63337658,0,0,27.58616524,0,11.01588079,0,0,132.8029237,3.158010232,11.71618064,0,197.7451841,0,0,0,0,2.979779575,1372.798922,0,50.54398808,9.141114098,0,0,0,7412.169611,0,520.0377133,0,33.57530458,0,0,0,0,0,0,22.10187325,0,967.8957351,96.80051542,448.2029607,0,1434.589202,45.5859671,0,0,0,0,0,13.8019675,2735.05992,0,14.95600111,14.92617284,8.636135627,0,93.20701941,0,0,0,0,18.55377225,0,75.79416686,103.8693662,7.440366702,0,0,620.2426072,0,0,0,4233.868252,0,3.948655311,0,654.1434581,0,1278.502578,0,0,0,10358.24998,116.7885121,0,0,0,26.18889034,0,927.6404026,0,0,0,491.3646482,0,0,0,0,0,0,8.097852381,6.940156636,0,0,0,182.4413668,103.1677677,489.416998,104.9719581,0,0,0,46.33208656,56.7303158,0,0,0,2611.576221,0,0,0,1408.972117,0,0,0,0,0,13.03558526,0,0,0,0,0,7.058915271,0,0,0,0,46.56562114,0,50.19825405,0,310.3777449,0,0,0,0,0,0,0,18.38838475,0,0,0,417.286025,74.30617579,47.80213839,0,0,0,0,0,0,0,0,0,0,0,0,343.2743969,0,38.2545008,34.74201154,0,0,0,0,0,0,541.7857661,0,0,0,0,0,44.09061789,0,0,967.2125327,0,36.24885989,0,0,0,495.7231716,0,0,0,0,0,0,28.78249039,0,12.79117913,6211.164559,0,329.7212176,395.6909432,0,0,0,11.96167538,0,144.7643575,18.48056629,112.6379469,0,0,0,0,0,0,36.99686484
"79","10258",20.72227497,1.439188875,9.670957424,46.10329687,0,0,269.2573326,17.06526819,0,0,0,37.92902889,0,4343.964159,357.8711242,0,0,0,47.63956341,0,57.05170926,0,22.67908131,45.6043939,0,1320.545709,0,16.82071678,329.8700242,3372.17423,0,76.16904711,0,0,0,2586.411228,0,0,49.51026848,154.4679021,0,0,0,22177.06402,4260.876007,0,0,52.41613132,25.64876372,0,0,0,0,12348.28669,279.1156417,0,0,0,213.6334935,356.2834518,0,0,261.5811019,210.6381509,0,0,0,0,0,0,0,264.377563,0,0,23.72621004,4.02379323,0,661.9812794,0,0,0,0,113.8216453,0,0,28013.25769,40.90548487,0,0,0,0,0,0,0,0,0,0,0,0,0,0,0,0,610.3116997,0,7174.25419,0,0,0,750.0406326,10485.95897,0,0,27.33812441,0,0,0,819.9807234,0,0,1879.793073,0,0,0,119.6416913,0,0,93.15029819,0,0,0,0,15.33851277,3.628667089,7.871175207,7.997225397,0,0,688.7815571,0,0,464.2670301,65.95711464,0,0,0,29.9977253,180.2136223,85.15720741,79.58750127,0,6.9717588,0,153.969501,26.57234396,0,833.12003,0,0,0,36.6585604,0,0,92.48622828,7.077888808,0,0,49.11045422,0,0,1263.704776,381.6086743,0,5014.302585,2.021762979,87.43793134,256.9683465,0,16.6435001,0,0,131.807915,0,0,61.24272829,0,0,0,0,0,0,0,13.65838942,64.94853798,84.7758316,559.0189163,0,8.233682742,673.4249705,0,34.23737474,558.9022192,0,88.26442658,0,0,0,121.881029,12.82323522,33.29498283,0,0,37.53143104,77.73109349,0,826.3099874,0,377.1580031,0,10.26605708,0,0,0,19.01872922,0,0,56.47622981,32.46978423,0,0,12.87803315,0,7.015265315,0,0,52.40396685,6.926917172,0,0,268.7816819,0,0,0,0,0,1826.232109,0,97.82148518,0,0,0,0,8012.287448,0,245.0795941,165.4008808,7.467938452,0,0,0,7.629125085,0,0,11.22957618,0,1888.516809,164.3384214,448.4680648,0,993.6268867,134.5505167,0,0,0,0,0,0,4076.536635,0,12.31322986,0,0,0,4010.985493,181.131659,0,0,0,80.17504207,0,62.00268608,121.6724841,28.03492058,0,0,569.3748704,0,0,0,0,0,1.69318422,0,166.5842875,0,1171.458414,2.730584062,0,0,5129.805132,220.0756576,0,0,0,2346.842347,0,546.8108427,0,0,404.074891,256.0151436,0,0,0,0,0,0,14.62214657,3.276663405,0,0,1.108816942,98.22811607,13.93195594,229.4163527,41.93358491,0,34.97757499,0,63.84148101,33.40278818,0,0,0,1280.115895,0,16.77625042,0,586.4948459,0,0,0,0,0,16.36259874,0,0,13.94125586,0,0,4.682072714,7.993100758,0,0,0,0,0,1283.585013,0,185.0594605,0,0,2.461321736,6.185692306,0,0,0,0,0,0,0,118.1422448,0,340.7103603,0,0,0,0,0,0,0,0,0,0,0,0,2600.910614,0,301.4618385,36.28529487,0,118.7697556,0,0,0,0,1163.496836,0,0,0,0,0,237.1404603,0,0,0,0,31.5694357,0,0,0,791.3780822,0,0,1.341042663,0,0,0,19.17708355,0,32.43948864,14166.23684,0,392.8186836,97.14700685,0,65.17779848,0,0,0,55.54739237,15.13001548,63.13730836,0,0,0,0,0,0,41.35526712
"80","10301",0,1.410302232,0,17.82468875,0,0,0,22.95804461,0,0,0,14.5287426,0,6031.360767,25.72521273,0,894.2337892,0,13.53490534,0,128.399041,0,0,0,0,107.6371755,0,0,20.33172129,342.1054729,0,0,117.4145248,0,0,71.4517714,24.63852011,0,431.8478678,0,0,0,0,9937.292136,1099.946395,0,0,120.7803269,1.225447344,0,0,0,0,6059.566895,1327.551369,0,9.969879543,0,0,963.6651382,0,0,2368.656635,278.6366871,0,0,0,0,0,0,0,0,3.453786948,31.73058997,5.293306386,0,0,3079.012173,50.62084983,0,0,0,43.1380001,0,0,0,14.72618921,143.5485281,0,0,0,0,0,0,0,0,0,0,0,0,0,0,0,28.63818897,0,454.8744256,0,0,0,668.6063762,2625.396079,0,0,9.582197133,0,49.47871711,36.00842009,307.2266897,18.29906799,1.516459092,14559.82744,0,125.2859318,37.76937361,6988.500673,0,55.5337861,67.44977889,0,0,0,0,27.83438485,10.07182902,0,4.407586554,0,0,0,0,0,1976.215321,93.2732711,0,0,9.02346378,12.30198143,0,0,0,0,0,0,3116.83354,12.08054978,0,0,0,0,0,29.88830877,0,0,0,0,0,0,46.66189199,0,0,2994.218243,9950.887581,0,7706.054389,0,0,132.8224007,0,0,0,0,1187.635897,0.903598607,0,433.9799833,122.1340668,0,0,0,0,0,0,6.254077202,4.510647261,5.48497911,56.56581275,0,0,16.17590979,0,5.905781761,0,0,123.820651,29.69082844,0,0,0,0,0,0,0,0,29.54532841,0,129.3599033,0,0,0,0,0,0,0,9.077647194,0,0,39.31403043,46.47760892,0,0,0,0,0,0,0,0,7.210949016,0,171.9357369,0,27.80538633,0,0,0,9.847521486,1545.168729,0,7.711322908,0,0,0,97.28760183,51.56228179,0,3881.454573,0,0,0,9.432183726,0,0,0,0,8.90887516,0,0,0,25.05612502,0,2865.736906,11.56837571,21141.4001,0,0,0,0,0,2144.496682,0,0,0,0,0,0,9.805013092,0,0,0,11.63651516,1.079768551,6.657315545,145.7646609,0,0,0,130.0514723,0,0,0,0,0,0,0,163.0063303,0,8360.014337,0,0,0,2628.651567,3810.480699,67.89991199,0,0,0,0,139.136495,0,431.7301141,0,151.1096669,0,0,0,0,0,0,4.655568082,0,0,0,0,28.37355478,6.011758977,1834.156469,2.130700636,0,0,0,0,0,0,0,0,3199.56676,29.8952449,29.12995726,0,6874.422252,0,0,0,0,0,0,0,0,0,85.27894593,1.117673333,3.644927363,8.51923491,0,0,0,0,0,0,0,325.2527718,0,0,0,0,0,0,0,0,0,128.5063886,347.1949554,61.36501765,0,101.3044035,0,0,0,0,0,0,0,0,0,0,0,0,0,0,13.48111354,0,0,29.90342536,304.6036732,385.1830419,0,0,0,0,0,0,41.99905341,25.96600307,31.23673138,166.7709878,86.11429208,0,0,24.83567665,0,0,0,471.9118069,0,0,0,0,0,0,0,0,5.00112568,7485.901333,0,92.75168084,30.60089197,0,20.12514258,4.325103698,0,0,0,3.063249851,63.4889633,7.377580943,0,0,0,0,0,18.81876336
"81","10317",120.1401428,0,28.05927637,61.50019173,0,0,1622.973789,24.74329652,75.43955863,0,0,74.57878455,0,2272.887267,220.223079,0,2912.641825,0,44.21298607,0,884.1634234,0,147.7850914,0,0,3214.802957,0,0,568.9529734,2186.979167,0,85.55525137,0,0,0,281.6932237,0,0,0,335.8157753,0,0,1.254153194,38567.48386,89.10088959,0,0,175.9121308,0,0,0,0,0,102.9799206,266.1009961,0,0,0,165.0827391,98.74942333,34.28692753,0,76.67962506,34.6626198,0,0,0,0,0,0,0,0,0,0,17.01091243,9.268253898,0,846.626751,0,0,0,0,157.9586554,0,0,243.8328397,76.96156505,57.38827441,0,0,0,35.42597105,0,116.9626165,0,0,0,45.65529261,0,0,0,0,174.737245,139.303723,0,5211.906707,0,19.48983031,0,519.226769,9845.530024,0,0,7.385468888,0,0,7.933681258,7168.490299,0,0,1514.977615,0,166.5766243,91.8024435,0,0,0,61.77585057,0,0,0,0,0,16.32172179,22.43874881,21.42204039,0,333.8135905,2291.716856,0,0,665.0307807,282.4605367,5.073565248,0,0,41.70663994,0,49.84952308,0,0,10.77965755,0,156.6572359,29.69329097,0,0,0,0,0,45.2751305,0,0,0,83.78621203,0,0,24.79990211,0,0,2649.219169,429.4898982,0,7105.450747,0,99.35321597,124.2315995,0,0,0,0,101.3205439,0,0,67.38509281,0,0,0,0,0,0,0,19.69547797,14.90047898,48.48601631,576.4803487,0,0,286.5506868,8.472907357,37.21835028,726.8934446,0,290.8643427,42.86796681,70.13146752,0,239.6804476,12.00625581,22.64613502,0,0,0,32.18431574,0,80.32027788,0,0,0,0,0,0,0,26.20778349,0,0,49.71930621,46.65363463,0,0,48.99215615,0,38.93787273,0,7.350291289,0,28.31958346,0,0,0,0,0,0,0,0,312.1579045,0,0,15.73115628,0,0,0,6894.544549,0,140.5381604,0,0,0,0,0,0,0,27.96092269,28.66764953,0,0,78.17455366,283.1200355,0,1003.890877,73.40119346,28927.03221,0,0,0,0,19.7183013,299.6179569,0,7.809428081,40.68813995,1.588765727,0,178.2880588,75.23388516,0,77.50011773,0,34.44213185,0,124.099251,48.23858611,0,24.77248713,43.04204482,544.9165491,0,0,0,0,0,0,0,204.2025674,0,978.473922,0,0,0,123.5732469,11.02825324,0,0,0,0,14.48419136,1007.047541,0,133.5097323,0,0,0,0,298.7807553,20.49711683,0,4.889684177,0,3.02392345,0,0,0,107.297366,8.119837594,291.4824677,29.20360269,26.7048034,0,0,40.78732612,98.88401361,0,0,0,1262.357306,0,0,0,476.3574847,0,0,0,0,0,17.91073326,0,0,0,218.8175947,3.384380939,19.70469223,0,0,0,0,0,0,0,0,69.83930591,0,0,0,10.98617134,0,17.01217926,0,42.73723056,0,0,0,0,161.4725791,0,0,0,43.2371564,0,0,0,0,0,0,0,0,0,0,0,0,17.55757722,0,0,15.02653289,0,0,0,67.62160982,0,0,0,1780.447131,113.5779181,11.75635606,0,0,3297.278378,0,96.23495238,0,95.83258748,0,490.0620408,31.10444618,0,0,0,0,0,91.65885805,0,39.78726117,836.2821006,0,84.48836758,143.0853745,0,0,0,24.42505511,0,20.42094801,16.21888661,72.97092196,0,0,0,0,0,0,82.70084155
"82","10318",77.20464739,0.826955105,12.24152687,14.53616845,0,0,320.5982957,33.50039274,88.25672248,0,0,39.62059558,0,3127.684083,597.0732068,0,2167.514483,0,39.6254099,0,11.98017344,0,98.12321022,249.0087251,0,1002.713409,0,18.18207824,542.1971222,7330.566249,0,35.22903965,276.2307872,0,0,325.6956217,21.60451438,0,66.64507831,0,0,0,0,25680.96979,14269.18522,0,0,143.1968682,11.19990155,0,0,0,0,864.9219257,356.3577936,0,13.09520635,34.88108801,259.7323811,622.0240171,0,0,118.5047151,2171.509548,0,0,0,0,0,0,0,0,0,0,7.262799264,0,0,2629.822759,0,0,0,0,171.5750272,0,0,112.5791402,23.83877423,71.25502163,0,3.537370173,0,0,0,0,0,0,0,0,0,0,0,0,150.2023285,172.8815815,0,927.6629306,0,19.58911048,0,900.3361292,18537.04734,0,0,22.29343275,0,0,7.309510096,1266.476517,0,0,2526.175053,0,148.7396151,152.5282573,53.52404383,0,0,58.01977296,0,0,0,0,86.72758318,17.33565496,14.85667358,9.665769939,0,0,604.2598124,4.610858213,484.3802846,437.8078175,98.49180609,0,0,0,25.05536941,0,46.4689035,0,0,13.86330416,0,312.2812096,12.9875915,0,0,136.3634755,48.80625329,0,191.3885161,107.7046755,0,45.97287326,57.04215392,74.8370055,0,21.95645908,0,0,2436.451837,1144.742511,0,5863.542955,0,136.6486981,146.2871777,0,0,0,0,76.87993228,0,0,144.8658386,0,0,0,0,0,0,0,23.33904596,8.382132053,41.98959807,418.5820222,0,5.278356381,27.99495974,0,50.17195199,1061.934404,0,124.601561,83.9493197,73.29034759,0,423.4358171,19.38761539,0,0,0,0,67.84180324,0,1854.826958,0,563.2890649,0,0,0,0,0,44.55359098,0,0,23.51053282,70.92931735,0,0,12.7118174,0,21.25489182,0,5.715041103,180.0387515,18.6203977,0,0,0,0,0,0,0,9.667514844,402.2726744,0,231.7785151,0,0,0,0,8609.054083,0,578.7020711,0,0,0,0,0,0,0,52.96158188,0,0,0,0,127.1576124,0,1356.628425,153.7782988,25980.48004,0,0,0,0,0,7191.950361,0,10.06039755,27.93812569,9.030299446,0,530.1807499,74.32756219,79.89452211,0,0,20.12259368,0,57.35059369,481.7424406,36.40075348,10.38256974,0,475.0157146,0,0,0,0,0,0,0,213.4759387,0,1925.609257,0,0,0,425.1839597,39.21610695,0,0,0,20.84838904,0,601.5928633,0,0,0,218.4630812,0,0,379.2414566,0,0,0,54.01655287,8.351200043,0,0,0,127.5672454,0,544.6572765,13.9088593,48.86837091,0,0,0,54.05681806,0,0,0,9658.414833,278.5161232,18.86406353,0,1193.054899,0,0,0,0,0,0,0,0,0,247.584209,5.2481558,71.11431357,87.6877493,0,0,0,8.410184667,0,0,0,497.7478563,0,0,0,0,0,0,0,0,0,0,0,327.2838916,0,0,0,0,0,0,0,0,0,0,0,0,0,0,2558.827506,0,105.1192304,14.1646463,0,0,25.82577823,0,0,0,4997.121928,57.59143442,0,0,6489.502254,59.10691384,665.3895331,96.05620982,0,0,0,87.31298583,0,0,0,700.8467607,0,0,0,0,0,0,0,0,6.196171539,4710.364727,4.125164751,89.85208063,30.67730476,0,0,0,2.536643402,0,10.35400256,10.82347053,136.7948528,77.79604113,0,23.57759615,0,0,0,47.2295174
"83","10341",0,0,20.84521644,104.5270776,0,0,543.427287,19.21389163,0,0,0,50.51595658,0,2060.678107,322.3100982,0,450.6951084,0,46.95935201,0,576.0378926,0,85.07654839,0,0,1829.223709,0,17.77100789,414.7353682,6462.444843,0,83.92067696,534.184789,0,0,208.2523038,28.58771968,0,34.42967797,0,0,0,0,43662.52251,4378.973079,0,0,72.94857442,21.03693485,8.376491869,0,0,0,0,224.3777151,0,0,0,76.47057651,353.7186089,33.17167758,0,49.01186634,29.06439652,0,0,0,0,0,0,0,0,0,0,29.31235623,0,0,1420.736546,0,0,0,0,156.1062981,0,0,506.4519456,14.4598873,124.6984464,0,0,0,0,0,0,0,0,0,0,0,74.82389614,0,0,42.37193795,1170.363767,0,515.5106521,14.43397677,39.32845461,0,594.3887846,18758.82141,0,0,155.0016173,0,0,0,4294.326666,0,0,1853.614074,0,0,139.9869581,213.4314845,0,0,100.5173103,0,0,0,0,0,21.49769573,20.38477282,14.6205699,0,0,399.6903135,0,0,442.0347027,40.74632042,0,0,0,33.64977481,0,50.80045847,0,0,0,0,378.5622272,14.38748662,0,0,266.3072028,0,0,73.10321487,0,0,0,0,0,0,256.7707934,0,0,2627.869831,1014.391405,0,4414.859378,0,133.0615982,168.7293052,0,93.54415306,0,0,156.2306405,0,0,126.985657,107.8933342,0,0,0,0,0,0,0,89.77884151,5.516899259,89.10787064,0,0,13.23549458,0,8.196467406,2689.088653,0,202.1780338,65.75337344,0,0,699.7772606,17.43170555,0,0,0,0,68.77703462,0,154.8482481,12.24202363,0,0,0,0,0,0,27.84278646,0,0,0,68.50991621,188.8842191,0,11.48299879,0,64.75593047,0,0,395.0259989,0,11.03904249,0,0,12.5510347,0,0,0,0,503.2499883,0,0,0,0,0,0,0,0,428.0843764,0,0,0,0,0,0,0,53.44304777,31.75307656,0,0,0,359.0358334,0,1612.834922,98.89084235,44753.025,0,0,0,0,0,839.9580029,0,11.41759304,8.071781358,0,0,0,0,0,0,0,0,0,41.7079587,134.1637927,31.61074935,43.11560225,0,480.5477613,0,0,0,0,0,3.935903375,0,262.5590175,0,3093.713014,3.516428011,0,0,7389.851713,167.8161334,0,0,0,0,0,656.0976486,0,644.1740615,0,273.0010444,0,0,546.2349184,15.05480223,0,0,26.25565732,0,0,0,0,151.7049122,4.178592862,431.6516946,13.62613796,0,0,0,49.86009132,89.7263106,0,0,0,1381.028232,0,0,0,966.9599007,0,0,0,0,0,47.58933767,0,0,0,1404.171914,0,0,0,0,0,0,6.059990165,0,0,0,142.8101589,0,0,0,6.43137822,0,0,0,9.154382435,0,0,0,1441.221643,0,1880.348593,0,0,0,0,0,0,0,0,0,0,0,0,11971.891,0,18.16383499,0,0,0,0,0,0,0,3578.400799,0,0,0,212.3548231,108.5398278,244.0542074,0,0,503.7541058,0,77.29299495,0,13.09800356,0,932.064578,0,0,0,0,0,0,36.03433692,0,51.92968584,7187.067778,10.68102996,628.2506654,366.5690522,0,0,0,16.3091105,0,0,13.48526967,111.5581262,7.070099682,0,0,0,0,0,82.89568119
"84","10349",83.6187427,0.759473116,13.53505772,44.26919325,0,0,420.6562065,0,61.95935684,0,0,25.41384724,0,4187.709225,480.6197613,0,1386.353085,0,38.68327094,0,7.680103677,0,226.0988333,65.06629356,0,1598.186093,0,24.15954174,815.8739665,8185.675888,0,150.4288514,53.98247132,0,0,186.0491937,0,0,34.93501823,345.4440975,0,0,1.113472153,75259.0548,41.50055274,0,0,79.90075316,15.38242886,17.30853786,0,0,0,962.0883687,354.2649074,0,0,0,0,360.4771383,0,0,1646.095285,29.05731708,0,5.782586705,0,0,0,0,0,0,8.744349013,0,16.61911995,8.061002423,0,4475.522854,0,0,0,0,89.94590722,0,0,0,47.6899754,57.455153,0,0,21.3318123,0,0,0,2.665898861,759.5140113,0,58.41518544,0,0,0,0,0,276.2127916,0,388.5472509,0,9.65651789,0,1909.715842,27085.72856,0,0,12.66134068,0,0,8.479194937,8972.930228,52.7318328,5.934644744,2626.499936,0,1334.029244,620.5286154,568.0495461,0,25.70291665,82.04110458,0,0,0,0,0,8.147610871,12.40591698,19.29302657,4.052221702,0,235.5766789,0,0,489.1544514,6.008878503,0,0,0,71.70464411,0,139.1853072,0,0,58.70255209,0,827.900581,0,0,0,0,115.2061528,0,347.6575836,0,0,0,101.3443119,0,0,22.46560802,0,0,1998.816599,2869.765046,0,4369.902776,0,185.3132511,101.9184255,0,0,0,0,205.3398617,0,0,140.3641283,0,0,0,0,77.37357638,0,0,10.1642644,1.934177744,14.3418033,107.7584302,0,0,7.82697442,0,18.62885811,1716.983513,0,154.8529054,185.4653612,144.0485205,0,966.0946828,12.01205864,0,0,49.03912083,0,58.24739477,0,47.89381398,21.40995328,0,0,11.34600056,0,0,0,26.17555897,0,0,80.75728206,40.0209184,0,0,11.01876466,0,54.60375666,0,6.33734531,0,9.379144085,12.69164674,0,0,0,0,0,85.31241983,13.68978669,503.8747759,0,0,0,0,0,66.07498961,9423.100717,0,908.7742705,0,0,0,0,0,0,0,144.8877416,13.07588954,0,0,0,219.3365283,0,1592.57732,31.10392781,38584.32667,0,0,0,0,4.877783612,271.5535133,0,3.465629079,15.11164132,0,0,0,51.7977091,94.36473868,112.20989,0,66.36113184,10.58168262,27.04839523,132.6008265,0,34.90070418,0,780.550646,0,14.59676453,0,0,0,0,143.8151667,142.9395867,0,2126.867718,0,0,0,452.577239,128.5358914,137.2380982,0,0,0,0,1313.39728,0,11014.51559,221.1727631,449.0131646,0,0,818.8196604,4.960958252,82.20815454,0,9.996922321,0,0,0,0,197.7742213,0,587.4861744,10.7649725,0,45.47361204,0,103.7109399,74.45257323,0,0,0,807.4423984,253.3902687,14.62455644,0,3065.363111,0,0,0,0,0,0,0,0,0,60.92485382,1.792704698,6.603089831,0,0,0,0,26.71517435,0,0,0,434.0841991,0,0,0,0,0,0,0,0,0,0,0,551.6797771,0,0,0,0,0,0,0,0,0,0,0,0,0,0,0,0,9.428369027,0,0,0,0,0,0,0,1710.97383,0,0,0,4313.908332,5.395973405,196.0242924,150.1069414,0,1415.233763,0,5.549197956,0,0,0,586.7066015,0,0,0,0,0,0,0,0,10.98982519,2081.333696,0,234.0369145,32.53241856,0,67.06641446,11.18496048,13.78522815,0,0,10.60188022,133.7076543,24.00361769,0,0,0,0,0,0
"85","10354",0,0,0,61.29022167,0,0,0,148.4962931,0,0,0,46.15224721,66.77403156,24252.48181,205.0669098,0,1777.878024,0,42.52917907,0,518.5923183,0,119.0719846,0,0,6038.444783,0,78.47672505,182.3441834,3428.15421,0,113.0205817,191.8305835,0,0,110.0988048,45.06574601,204.5313497,536.5627475,0,0,0,0,16331.40755,295.3877851,0,236.4750743,1783.665614,15.78894247,0,0,0,0,3048.054229,4967.203352,0,1548.516154,0,0,938.9629099,0,0,4146.398953,32189.18045,0,0,0,0,0,0,0,0,18.71478129,263.0149152,0,12.05434552,0,2489.081357,158.4009345,0,0,0,164.8457887,0,0,0,21.9304858,729.2274933,5.909236716,0,0,0,0,0,0,0,0,0,0,1953.884903,0,0,281.9426617,99.81521001,0,1325.12221,0,28.27828882,0,4558.122443,18339.23118,0,0,49.37953894,0,5702.219156,102.0952275,1465.658384,21.54503064,0,29643.26958,0,339.8932841,328.2265801,7419.959199,0,184.9881155,301.998243,0,0,0,0,793.1014131,155.1620752,33.87269247,17.35142735,0,0,0,0,1130.359099,3869.772267,7.983151917,0,0,0,50.58283664,0,122.4102273,0,0,95.76238852,0,8849.027468,0,0,0,0,124.5247119,0,106.4105793,1122.334235,0,0,0,835.897499,0,17.55478096,0,0,23918.22,26240.09146,0,17115.43144,0,666.5540987,0,0,0,0,0,3739.211293,50.64896269,0,606.6603056,0,0,0,0,0,0,0,103.8689412,11.47133262,29.71061286,251.8724147,0,0,168.3627085,0,50.56937789,740.3401586,0,757.7595475,221.1389577,468.6512188,0,0,29.61009089,0,0,0,0,135.5964118,0,430.9655843,38.39150449,0,0,0,0,0,0,71.42102843,0,0,0,179.0445242,0,0,0,0,0,0,0,346.1166045,1162.839822,0,0,174.1542376,0,0,0,269.5508384,35.73762887,3204.820169,0,0,0,0,0,445.0606172,1471.178069,0,9963.210864,0,0,0,0,0,0,0,90.82038476,0,0,0,0,54.52968715,0,7895.884544,103.4273362,20987.61606,0,0,0,0,0,1458.536829,0,0,0,0,0,0,105.7263583,0,0,0,57.96964779,0,25.76614726,853.4525294,145.0620842,60.20153298,0,826.1479656,0,0,311.4537635,0,0,0,146.2357485,509.3604299,0,44126.1048,0,0,0,1597.154314,6339.670628,0,0,0,0,0,590.668088,0,3004.163056,0,380.0320203,0,0,0,0,0,0,29.53246597,107.2174731,0,0,0,1331.702161,0,3822.999169,37.26233439,0,0,0,0,0,0,0,6501.613833,194097.7364,1258.584643,89.24510745,0,16500.27319,0,0,41.29447505,0,0,0,0,0,0,212.8491871,48.19657085,9.494639666,459.1566783,0,0,0,0,0,0,0,2452.009777,0,0,0,0,115.3798671,0,0,0,0,338.7490033,1285.080451,0,0,0,544.1856162,0,0,0,0,0,0,0,0,0,0,0,0,0,247.6330916,0,0,0,0,3893.335376,0,0,0,433.5158469,0,47.45065487,2398.063254,214.1417836,1141.946686,380.0439717,0,987.3340771,0,12.71938925,0,0,0,0,0,99.80153753,0,0,0,0,0,0,28.71901398,22321.21396,0,187.1395789,65.8256536,0,2259.664356,20.07573077,0,0,0,22.98613122,667.6105461,24.32117952,0,0,0,0,0,163.0110391
"86","10357",0,0,11.13047534,42.79238533,0,0,0,0,0,0,0,41.93198595,0,2191.855289,141.8236411,0,1692.521757,0,19.51743024,0,0,0,99.48475343,0,0,1572.71668,0,11.31558577,259.0135058,3341.197591,0,0,0,0,0,124.8993324,10.58252359,0,105.8592914,0,0,0,0,35396.99377,43.99105279,0,0,262.6046785,0,4.081316135,0,0,0,562.1996157,630.1034165,0,0,15.3143156,101.1748506,280.2697939,19.33554009,0,1565.613593,229.6296657,0,0,0,0,0,0,0,0,0,34.78952744,15.49882426,0,0,600.5229751,0,0,0,0,102.0005693,26.97509842,0,118.46445,265.2746704,98.20905959,0,0,0,25.74406843,0,0,0,44.1503323,0,54.80390917,0,66.59047795,0,0,0,90.32425998,0,657.5999524,8.075111888,19.8408417,0,480.3729141,8596.394016,0,0,8.109533484,0,351.2223279,7.980772863,1118.841561,10.01259302,0,3460.841387,0,173.7156699,59.7944374,0,0,0,42.70907196,0,0,0,0,36.16504519,14.37410464,12.29061387,17.22774178,0,0,88.38214553,0,0,317.6568459,169.1290462,0,0,0,17.66665799,0,40.96255958,0,0,31.35869142,0,865.9006944,21.51426481,0,0,125.1798294,0,0,163.0673277,135.342325,0,0,7.611381647,0,0,29.16575662,0,0,1516.40659,2835.550758,0,3699.726177,0,237.995168,102.0817407,0,0,0,0,134.0195141,0,0,155.3800219,0,0,0,0,0,0,0,0,1.991405023,9.376515419,90.502686,0,0,6.879998569,0,7.887693244,0,0,344.7540338,114.0531401,0,0,0,6.890799901,0,0,0,86.2942593,14.3755694,0,69.12392558,10.36874587,0,0,0,0,0,0,13.1171039,0,0,0,52.57542385,0,0,7.276602773,0,8.226994409,0,0,0,10.17235512,0,0,0,0,0,0,0,0,436.6400808,0,0,0,31.26133659,0,0,5167.651684,0,1105.469218,0,0,0,0,0,0,0,59.19703472,0,0,0,175.6253536,69.10374207,0,886.5143337,34.94195955,37926.25708,0,0,0,0,4.27914763,499.7878106,0,5.235541956,6.46159938,0,0,138.6555919,0,0,0,0,10.62073885,0,20.80100425,159.7095567,0,0,0,527.752642,0,0,0,0,0,0,0,81.2209916,0,3421.037931,0,0,0,2657.855589,404.7732657,124.3702002,0,0,0,0,709.9786771,0,0,0,380.4709042,0,0,336.4970198,0,0,0,10.10016102,0,0,0,0,90.02794012,0,465.4334434,5.208878076,0,0,0,0,75.59452558,0,0,452.0260653,1324.590767,265.4030403,16.17145338,0,2006.555692,0,0,0,0,0,0,0,0,0,0,0,8.932052089,6.683772583,0,0,0,8.439248872,0,0,0,328.3719657,0,0,0,0,0,0,0,0,0,0,0,0,0,0,0,0,0,0,0,0,0,0,0,0,0,0,0,0,35.90279925,0,0,11.58981476,0,0,0,0,149.9291695,0,0,0,2238.610939,14.07358581,72.58121008,168.717512,0,971.2037617,0,64.43040458,0,0,0,0,0,0,0,0,0,0,20.41208547,0,6.497067246,4183.551913,0,659.8940039,24.40122359,0,0,5.073022933,4.115836531,0,0,7.222172154,62.44789676,0,0,0,0,0,0,6.88798558
"87","10144",0,0,12.11002889,21.73537088,0,0,439.0670968,5.198383854,0,0,0,6.927687124,65.38354769,975.9257613,132.444918,0,0,0,61.88788114,0,83.35155456,0,49.19417059,0,1.010086938,826.5058849,0,0,170.3867889,1888.883255,0,74.44766556,0,0,0,64.48780508,0,0,0,0,0,26.15137989,0,35193.31154,0,0,0,36.45935361,13.34549839,0,0,0,0,394.6386776,14.02563722,0,0,0,0,176.6548628,22.39039093,0,6.201768394,3.429016544,0,4.378603954,0,0,0,0,0,0,0,0,12.1572922,0,21.01426155,1999.924734,0,0,0,0,50.7725941,0,0,48295.2872,77.28240027,99.08923708,0,0,0,34.56870008,0,0,0,0,0,0,0,0,0,0,0,39.36047926,0,881.8730347,0,25.70562006,0,348.6805047,16394.94128,0,0,16.07016701,0,0,0,6320.955459,5.720979001,0,393.9235771,0,0,0,0,0,25.70562006,0,0,0,0,0,0,32.66915932,0,8.670771699,0,0,233.7814646,0,0,280.6932186,24.99970352,2.493752843,0,0,19.49839856,0,10.07127416,0,0,10.36085956,0,74.50503583,33.5927618,0,612.3336419,154.0645143,69.9942982,172.7084691,39.57246667,0,0,0,3.841166954,0,0,6.952534123,0,0,400.7944598,108.4619068,0,2325.889097,0,20.08091203,45.83670651,0,0,0,0,51.48070537,0,0,72.47283581,0,0,0,0,0,0,0,10.05210706,2.089905204,3.453172519,15.65371912,0,0.833095152,22.87199786,9.560096297,4.397268859,836.3576891,73.51772781,104.1534173,35.09774257,0,0,712.2288692,11.55971333,21.76740553,0,0,11.00620537,72.0390878,0,4.014757768,16.59750147,202.4958186,0,36.91574387,0,0,0,24.3369905,0,0,6.683569437,40.40227454,0,0,40.71048321,0,8.837785487,0,0,4.454156193,0,0,0,0,13.2854729,0,0,0,0,103.3084587,0,0,23.19846638,0,0,0,14189.91059,0,56.89073422,0,0,0,0,0,0,0,17.34398956,8.888773794,0,0,86.68362544,800.6476661,0,1791.918314,23.03020414,61780.86321,0,0,0,0,20.8072591,20.03395044,37.31122697,8.739267776,12.11136737,7.15092197,0,24.982325,0,0,0,0,75.07031193,0,12.72757546,0,58.94676782,11.42505338,0,227.6222488,0,0,40.45554798,0,0,0,0,17.78733067,0,806.885247,0,0,0,137.851427,0,0,0,2.673072897,18.43256121,0,171.8397698,0,3181.638162,0,97.16327643,0,0,372.3680399,0,0,0,0,0,12.31306727,0,0,50.10114134,0,106.5483684,11.35899479,0,0,0,10.58705215,0,0,0,0,0,296.5071076,9.898650689,0,273.5454034,0,0,0,0,0,0,0,0,0,0,0,0,0,0,0,0,62.12550859,0,0,0,76.53832502,0,0,0,0,0,0,0,0,0,0,0,376.3904269,0,58.47246442,0,0,5.331988639,0,0,0,0,0,0,0,0,0,0,0,0.484641459,0,0,14.57682678,0,0,0,0,25.27538249,0,0,0,5946.428565,0,41.62092281,0,0,431.9462171,0,20.98622628,0,0,0,0,0,0,0,0,0,0,30.91859539,0,0,250.2856742,0,692.3544404,14.54849422,0,105.0443938,0,0,0,0,0,131.0876605,0,189.0268678,0,0,0,0,116.494781
"88","10378",82.39138444,0,19.36528895,24.26122369,0,0,70.10274005,30.4609987,29.06107837,0,0,46.10024308,0,2409.874967,437.4766676,0,0,0,37.79146478,0,27.43989128,0,111.9372211,152.4008525,0,1509.928007,0,11.17862827,699.8052167,5611.871928,0,38.18007032,0,0,0,819.8427866,16.36771226,144.2389735,64.68215626,0,1.510116431,23.74465843,0,54034.38776,3059.429843,0,0,62.53460022,28.69131885,0,0,0,0,1546.945971,147.0177376,31.32881194,0,11.68093557,0,323.9398751,22.32228905,0,928.8598435,286.1486457,0,0,0,0,0,0,0,0,0,0,10.87736035,0,0,525.8682444,0,0,0,0,79.06412906,0,0,73420.85083,81.07212905,1090.323464,0,0,0,37.0965757,0,0,0,0,0,0,0,75.50075931,0,0,0,514.3159502,0,1544.952043,12.38768585,11.51631665,0,869.8916421,10192.54939,0,13.2843206,0,0,0,7.679571125,1267.191344,0,0,1244.502301,0,91.83521582,0,29.92835618,541.6935036,3.670218972,0,0,0,0,0,25.13813914,16.37019005,0,7.643235011,0,0,91.1918915,0,0,507.6787662,35.70502009,3.021291077,0,0,50.82764241,4483.418432,58.01673387,0,0,0,0,292.1700461,43.3762464,0,718.8001444,197.9397051,44.91997025,0,20.94584305,0,0,0,1668.276214,837.0898803,0,251.801136,0,0,0,639.8982113,0,4636.190573,0,163.793524,1064.454524,63.22882676,23.42038683,0,25.4864782,221.8744094,0.787556115,0,118.7524432,0,0,0,0,0,0,0,0,51.3192556,71.09131342,464.0978822,5.775249244,4.642714197,23.07717613,10.9057255,8.143753441,665.8061339,22.67538116,0,28.06308061,28.90332996,0,213.0942995,28.35967587,26.12641157,40.96183546,70.69530413,37.03504804,93.84478358,22.90541644,695.1232738,0,447.5793102,0,0,0,0,0,23.71720933,0,19.49431881,0,78.95584103,64.74261612,0,8.250849872,0,0,0,12.57321608,58.30222122,0,0,0,297.6256772,18.02966325,0,0,0,15.58828648,886.5967626,0,0,0,0,0,33.85751642,1112.365453,74.98551041,318.3916851,241.4284843,0,0,0,0,0,0,91.83243163,21.67912326,97.4113995,1343.835878,129.7179809,139.4390348,0,657.8879963,112.1794102,51309.17612,0,0,0,0,0,2735.895734,0,5.868953926,17.81637834,5.218424346,0,2362.001073,8.870761312,0,0,0,0,0,90.13430897,51.01592055,18.60107414,9.306229293,0,332.0513128,0,0,247.5504569,0,0,0,0,50.08317768,0,712.6903434,0,0,0,185.0526017,0,0,18.45733884,0,0,0,1032.200666,0,234.8589259,98.8137484,484.7979355,304.6774995,0,186.1178957,0,0,0,10.92109763,5.516523546,10.38724989,0,0,53.9585909,8.392956688,449.5397822,15.10291102,24.09236642,21.30320561,0,77.76445289,103.1411034,0,0,42.92360445,0,376.5348432,4.857190631,0,867.083645,0,0,0,0,0,8.921875992,0,0,28.15532419,0,0,7.372050792,0,0,0,0,7.274189173,0,0,159.6005855,288.4052445,0,0,0,0,0,0,0,0,0,108.6807737,0,0,19.50328378,267.9803783,306.4720904,6044.834275,0,0,0,0,0,0,0,0,0,106.2258431,2809.93773,0,78.50721083,0,0,0,0,139.151361,0,0,2635.143739,43.27183808,0,0,0,0,67.21676427,0,86.20098433,975.6879516,0,21.48950855,0,0,48.50501105,0,0,0,0,0,0,40.92987882,27.03455703,0,7.732398792,10933.48311,0,807.491631,231.7508212,0,177.9602707,0,0,0,0,21.35878007,87.55985386,0,0,0,0,0,0,37.21936973
"89","10465",29.62104163,0.624928388,16.87149808,31.49122841,0,0,384.8812164,16.36392744,19.38927206,0,0,9.949256195,0,1593.125572,188.9350617,0,0,0,68.73056203,0,8.890126021,0,66.02803116,0,0,1117.316293,0,17.30407082,337.0850569,2821.031803,0,107.3873499,0,0,0,70.29854265,14.80839974,0,0,0,0,43.81290947,0,24742.45119,11.70083515,0,0,37.12414982,3.552407874,0,0,0,0,1054.261314,299.7014803,0,0,11.11846633,28.18286995,544.3331599,0,0,282.8304146,55.29049474,0,0,0,0,0,0,0,0,0,0,4.730151023,0,0,3604.935266,0,0,0,0,125.193621,0,0,73479.55289,218.2503249,0,0,0,0,26.32871489,0,0,0,0,0,0,0,0,0,0,0,59.59099641,0,548.1294625,0,14.28496567,0,426.7768316,21966.76988,0,0,11.18689506,0,0,4.670248842,3152.80691,0,0,1929.90999,0,161.2924557,30.77728735,0,0,0,0,0,0,0,0,0,19.66846215,5.414115213,15.43773152,0,0,179.4292296,0,0,472.1402787,15.4310336,0,0,0,31.08093085,145.1126869,19.64552138,0,0,12.46116241,0,384.5476741,35.51557749,0,371.93452,168.4219809,77.90447837,0,131.3378264,0,0,0,12.71711813,0,0,34.08095377,0,0,519.5756649,770.1761006,0,3718.842046,0,225.3494627,0,0,5.677468558,0,0,109.6494442,0,0,105.0067244,0,0,0,1860.564149,0,0,0,13.69789104,2.518317491,9.257348617,56.07069906,0,3.063066444,21.11975621,4.651665345,5.01832023,1561.660378,66.78960641,144.6586075,37.73676889,39.24868991,0,580.7066846,12.26125381,17.35220643,0,0,0,84.75712174,0,62.43495805,17.02459524,510.9808095,0,0,0,0,0,28.98306545,0,0,0,52.26161424,153.3870151,0,22.42821034,0,13.03288486,0,0,0,0,0,0,0,28.04530689,0,0,0,0,465.1517695,0,0,0,16.02990465,0,0,2971.189947,0,343.8076449,0,0,0,0,0,0,0,91.41658741,15.74083773,0,0,287.9603317,49.05705526,0,1342.296375,53.71459498,26347.87525,0,15.35351528,0,0,17.55262484,82.36159892,15.80853793,43.87599993,44.40798448,16.8527761,0,96.07604521,98.88149582,0,0,0,0,0,28.55127701,42.76793301,5.536090814,21.25135527,0,380.9999652,0,0,102.4312652,0,0,0,0,34.03378083,0,2171.94895,0,0,0,460.4041604,0,0,0,0,6086.502481,81.95510384,427.8501924,0,42.88216344,519.0056446,243.4885379,0,0,0,0,0,0,9.184808997,0,0,0,0,153.1915637,28.03285889,224.9495209,12.30585176,0,0,0,0,46.77725386,0,0,0,0,363.6861458,16.21585227,0,1108.685416,0,0,0,0,0,0,0,0,0,0,0,0,0,0,0,0,0,0,0,69.72264602,163.8570262,0,0,0,0,0,0,0,0,0,0,0,458.8107404,0,0,152.7124379,0,0,0,0,0,0,0,0,0,0,0,289.1566689,0,7.808375719,0,0,17.04600934,0,0,0,0,75.63615141,0,6.605487976,0,1747.714295,0,16.48742083,0,0,745.9819243,0,10.07463693,29.66954703,0,0,0,0,0,5.185468441,0,31.7344211,0,130.0995102,0,15.52401386,918.5596918,0,604.5423301,11.61486507,0,548.7539698,0,0,6.949584956,0,7.758629301,199.6456547,0,208.7577898,0,0,0,0,27.48454553
"90","10487",0,0,0,0,0,0,722.3199104,0,0,0,0,0,0,1197.913076,72.49589649,0,1462.12314,0,27.81152787,0,338.0313864,0,0,0,1.187894404,321.8584787,0,0,78.42765711,564.1324886,0,81.06662836,671.4762096,0,0,50.36291532,37.99596955,0,0,946.5280799,0,54.42257917,0,22994.55212,1265.039263,0,0,12.30467552,17.35071956,16.61101661,0,0,0,368.0892827,26.30595956,0,0,0,20.15763425,346.21018,0,0,16.92414776,12.05027269,0,2.12836866,0,0,0,0,0,0,0,0,23.45915187,0,0,981.9546309,34.50782536,0,0,0,69.89921026,0,0,671.0182139,43.94900086,162.7559801,0,0,0,0,0,0,5.290605833,0,0,0,0,0,0,0,0,113.4161165,0,3026.854522,0,0,0,323.5405322,3389.64389,0,0,0,0,0,0,1815.213318,0,0,485.0998646,0,0,82.63727871,0,0,0,110.4850593,0,0,0,0,0,19.2478246,6.164932077,15.32102221,9.526590198,0,98.56973831,0,0,127.3126799,14.40996689,0,0,0,14.03980152,157.0944019,12.28034044,0,0,26.64746678,0,319.0872597,24.73262661,0,0,122.8533215,1.713714524,0,17.88533344,0,1.489662367,65.68032536,0,0,0,83.82668817,0,0,610.1461444,875.8140829,0,1861.90812,0,28.41239751,0,0,0,0,0,173.2476939,0,0,133.9734772,0,0,0,53.97305899,0,0,0,9.994069219,11.78462973,68.96557551,163.9260972,0,0,7.554804862,0,35.83175628,262.8490074,85.68302101,101.0578167,0,30.8087254,0,137.2762882,8.319828067,27.70590849,22.89181686,68.72860794,0,31.64567284,0,867.585299,0,0,0,7.289456417,0,0,0,23.8136722,0,0,27.6492387,10.16203356,0,0,56.61316387,0,37.07830602,0.685870899,0,0,0,0,0,0,0,0,0,0,0,124.668723,0,0,59.6983633,0,0,0,906.4215166,0,286.0392032,255.7061362,0,0,0,0,0,0,0,12.6324089,0,0,296.771791,545.1715153,0,949.363113,6.450105308,24110.15342,0,0,0,6.968227529,7.27175411,737.9693975,1.749014011,44.07103901,0,21.31440146,0,4093.371189,177.3127084,0,0,0,159.2681633,0,12.56723162,20.28875042,0,11.66584291,0,500.8024355,0,10.22814377,0,0,0,18.60485585,0,110.3055731,0,556.6155461,4.410437639,0,0,3168.054008,0,0,24.30376016,0,39.24780866,0,385.0121678,0,2592.92914,412.7863813,213.6923255,0,0,0,3.032727292,0,0,64.45413932,0,0,1.819243732,0,61.7447695,0,173.0643181,8.062156861,0,0,0,0,0,14.64866843,208.8779966,268.7455559,0,226.0049889,38.30641021,0,596.001432,252.3883937,0,0,0,0,130.5763543,0,0,0,1936.325918,1.389429136,1.60557118,0,0,0,0,0,0,0,0,46.58499898,0,0,0,9.142929754,0,129.8094414,0,0,0,40.46345136,0,872.3598962,0,85.81092324,159.9912518,0,14.45619918,0,0,0,0,0,0,0,0,0,1886.589184,0,413.3108745,12.20744826,0,25.54510049,0,0,0,0,44.91281453,0,0,0,5002.909984,195.8107995,9.638283112,0,0,101.2026846,0,86.05392843,0,60.32996244,0,0,0,0,4.214521761,0,0,0,78.19744474,0,35.18333846,2897.933209,5.338987949,435.4320628,9.147225459,0,0,13.60952892,17.35724141,0,0,1.39140776,46.53975006,16.41824771,0,0,0,0,0,162.2799846
"91","10577",0,1.109509896,11.49658223,116.9946342,0,0,87.40868311,9.564721716,0,0,0,34.54553883,0,2649.626434,591.2319224,0,0,0,54.07103017,0,40.79762747,0,110.0040084,0,0,635.2391898,0,0,32.02396915,2597.77251,0,64.82912112,0,0,0,227.0045785,0,0,26.60921538,69.83319386,0,0,0,125070.4094,642.8239401,0,0,20.08617513,0,0,0,0,0,544.2372174,240.9610006,0,0,17.86783429,14.00313838,234.5606424,0,0,66.10335609,102.1552425,0,0,0,0,0,0,35.44926469,0,0,0,17.36466834,0,0,3890.060154,0,0,0,0,57.80230769,0,0,32574.46713,33.36791324,335.5652929,0,0,0,33.89229385,0,0,0,0,0,0,0,0,0,0,0,119.9429456,0,459.0190118,0,44.8973298,0,395.2556281,17967.01745,0,0,0,0,0,0,2592.527489,0,0,613.3072589,0,0,0,8.55722788,0,0,61.28092167,0,0,0,0,20.66527623,11.59126529,15.5857168,12.63023287,0,0,372.7605522,0,0,219.2665546,75.30874693,0,0,0,35.29295615,0,15.95341501,0,0,0,0,909.4877719,17.47536948,0,353.9739453,0,39.26740864,0,198.4939983,0,0,0,0,0,0,20.70018733,0,0,554.281563,2126.718923,0,1866.065867,0,48.4732456,0,0,0,0,0,66.54755724,0,0,102.0198444,0,0,0,0,0,0,0,20.62466293,4.168612788,36.93986069,104.0348313,0,0,6.676310417,0,19.86863371,809.8885147,0,104.6370334,0,0,0,392.5778021,6.645475208,25.19068913,0,21.00065029,0,63.36001838,0,939.8422557,23.45937788,198.2503485,0,0,0,0,0,24.70806974,0,0,0,55.84386354,324.3708295,0,13.64655169,0,35.05644688,0,0,0,0,0,0,0,0,0,0,0,0,158.46526,0,0,0,24.62376914,0,0,11199.21576,69.85597675,852.5778399,0,0,0,0,0,0,0,0,0,0,847.1155601,169.3194215,184.5721547,0,1091.56425,60.23582462,110840.1584,0,0,0,0,0,993.9449376,0,21.45171926,0,0,0,0,52.78960523,0,0,0,0,0,13.86659827,71.57829802,29.81539818,44.38801395,0,274.432028,0,0,0,0,0,0,0,97.2691834,0,1757.362498,0,0,0,120.3024059,0,0,0,0,0,0,260.6636858,0,1129.300301,144.80506,134.1697782,0,0,0,0,0,0,49.2709893,0,21.57004846,0,0,132.0997674,0,195.003101,4.200799636,0,0,0,0,38.82755913,0,0,123.9115828,0,0,0,0,3316.948685,0,0,0,0,0,0,0,0,0,0,0,7.686452106,7.586706284,0,0,0,0,0,98.32795515,0,640.1480666,0,0,0,0,0,0,0,0,0,87.11014999,0,131.1331593,61.88804359,0,548.0017666,0,0,0,0,0,0,0,0,0,0,0,4065.652931,0,236.415791,5.882239615,0,0,0,0,0,0,0,0,0,0,5553.014624,0,43.12285383,0,0,336.8778918,0,28.12988191,0,0,0,141.8965795,0,0,0,0,0,0,14.41565715,0,17.74160949,462.3722571,0,41.15289764,9.985192317,0,76.32876068,0,5.341889838,0,0,11.88592987,106.1294699,5.347461228,0,0,0,0,0,61.46825825
"92","10586",0,3.260128191,3.951887598,20.16038168,0,0,0,42.32481049,28.73868247,0,0,40.50906541,0,25584.81245,181.9881564,0,0,0,30.04762828,0,0,0,64.13875787,0,0,287.7595546,0,58.64223856,132.3092868,2616.074892,0,31.71861289,0,0,0,124.6030789,54.67710536,321.3400442,237.7994052,0,0,0,0,16224.82325,18207.71125,0,87.82573954,110.3121842,14.37272431,0,0,0,0,15034.21521,1919.377329,0,686.5932505,18.36557653,28.07360656,2340.393894,0,0,4325.723771,757.3339131,0,0,0,0,0,44.6393588,47.71151842,0,21.45742902,301.8641173,13.31870577,0,0,2110.164932,0,0,0,0,21.62501825,518.0297068,0,56251.12894,0,0,0,0,0,0,0,0,0,0,0,0,0,0,0,0,0,1323.587219,95.39351829,169.4399171,0,4.440602572,0,13834.81772,31533.99648,428.4811452,0,18.50131155,0,1265.303854,277.9450888,0,0,0,49992.40925,0,211.2552335,0,38671.90498,0,129.7238056,464.598816,0,0,0,0,52.59588431,8.729719179,366.892292,9.240898454,0,0,0,0,0,3903.138462,53.93164091,2.18795423,0,0,60.96040882,1074.512762,465.4146578,0,0,124.0240038,0,11312.13972,65.61716114,0,299.8084399,95.94030317,0,0,102.6690184,91.83204284,0,0,0,0,0,106.6345023,37.10792578,0,22632.12105,19973.17218,0,3795.960639,0,251.0788813,0,0,0,0,0,5823.617459,0,0,351.81786,234.4271704,0,0,0,55.9244128,0,0,14.36488638,20.38577686,54.49463757,151.6903196,0,0,552.8453235,0,51.98423684,424.1550392,140.0090186,128.3449259,62.72833464,52.34430285,0,491.5339261,89.27430247,9.18766747,53.04365238,0,111.2676978,199.974874,8.322527056,1240.319731,16.66404911,0,0,0,0,0,0,17.34305848,0,0,13.47507223,0,279.3554171,0,0,0,0,0,0,0,42.72891123,0,0,520.0420997,7.837470141,0,0,0,77.66409109,2424.174795,0,0,0,0,21.72917876,0,1132.35416,0,10643.3739,41.05998937,0,0,113.6899316,0,0,0,88.18352583,154.4306632,0,2424.420214,0,46.5949133,0,14681.357,13.78756412,38639.72373,0,0,0,0,0,10774.49462,0,2.583135634,0,0,0,570.6519648,0,0,0,0,52.5817818,0,11.10788026,221.9007044,23.14778067,0,0,440.3015534,0,0,545.8698946,0,0,0,0,113.8328108,0,37304.79204,0,0,105.5009356,4424.274541,7589.207561,0,0,0,0,0,4943.123532,0,572.8514243,126.245946,424.7665882,0,3272.315462,0,0,0,0,0,0,52.39174505,0,0,4107.620171,0,4965.082393,82.02550354,0,0,0,0,90.72468862,0,0,5398.652903,1465.318081,167.7465791,126.7158695,0,17748.06541,2030.872947,0,0,57.58343024,0,42.97171295,0,0,0,785.2523253,3.184982597,6.397010188,11.89813393,0,0,0,0,0,0,91.67238275,1889.85626,0,300.9647639,0,0,0,0,0,0,0,784.8404397,860.0548103,1793.242958,0,45.45582846,760.2642742,0,0,0,0,0,0,0,0,0,0,854.9261466,945.8541822,0,5.506113758,13.80336449,0,76.39866212,0,823.9684001,0,0,46.10391593,0,0,0,3168.001906,19.63653496,34.52797943,0,791.9565606,0,0,13.27543689,0,0,44.63514454,245.340034,0,0,0,0,0,0,18.59251286,0,7.340286426,6245.473643,0,74.52146526,261.5534173,0,109.9289541,0,0,0,0,2.310826693,2439.714769,14.35713857,0,0,0,43.76413301,0,49.0733483
"93","10591",0,2.477672743,3.297331835,78.7297286,0,0,0,0,42.62845833,0,0,78.42734951,0,29072.9106,347.056079,0,0,0,30.21869698,0,0,0,0,167.1949138,0,6573.24869,0,0,289.1518541,12786.47931,0,48.84042228,0,0,0,309.7819739,45.33330215,0,151.834559,0,0,0,0,32786.88315,167.5641951,0,43.84311002,156.5537601,101.5605797,0,0,0,0,10843.86552,2427.23864,0,1810.895431,27.669049,55.36634376,2637.355612,0,0,7252.072249,1129.41474,0,0,0,0,0,0,0,0,0,46.40190589,0,88.33651243,0,999.7720074,0,0,0,0,60.52772089,0,0,83476.69566,0,0,0,0,0,0,0,0,0,0,0,0,0,0,0,0,0,320.2350448,200.6891397,375.3966126,0,15.99808099,0,4430.08597,27069.22082,503.2712038,0,24.18383924,0,359.7648884,106.4685812,161.411175,0,0,18718.97071,0,0,203.8271862,557.8994134,0,144.2069415,130.3838867,0,0,0,0,94.98625935,7.230064008,0,31.5519865,0,0,155.281178,0,0,1746.380534,19.84967504,5.890164162,76.70312404,0,207.024395,2218.261897,2886.569787,0,0,0,0,9176.845729,0,0,432.2155211,0,0,0,71.04125954,60.31072901,0,0,0,0,0,31.03206049,0,0,2320.367069,14430.37119,9.596615728,24182.13043,0,329.8401821,0,0,0,0,0,318.084642,0,0,90.25851833,0,0,0,0,270.7712271,0,0,0,116.348101,55.93362851,363.8630202,0,0,876.0559201,0,0,372.0622163,158.4467395,136.7482409,0,0,0,333.9204845,10.75494046,38.08020643,34.54196295,0,0,91.26443622,0,118.1265315,31.43481196,0,0,0,0,0,0,22.85117795,0,0,0,0,0,0,0,0,0,0,0,137.0695809,42.9471481,0,0,0,26.92857201,0,0,0,133.1234456,4323.78826,481.0820771,0,0,0,0,0,1288.821058,0,7685.684402,232.0347844,29.54710606,0,498.0645703,0,0,0,0,6.157255602,0,784.6478756,0,116.2132125,0,35389.478,0,87025.32543,0,0,0,0,0,625.0157351,8.782242357,9.005878483,0,0,0,3059.937684,0,0,0,0,182.7615385,0,13.47961531,57.07389483,21.33644853,0,0,421.4984764,0,0,367.5415169,0,0,0,0,406.895615,44.7934818,2796.451792,0,0,0,5542.203918,256.6281548,0,0,0,14.46139067,0,501.455476,0,1764.888348,162.8900326,1396.098531,0,0,0,0,0,0,8.721103336,0,522.1586914,0,0,4672.391406,58.90981532,4539.251965,359.3457802,0,0,0,0,61.58483233,0,0,6755.737882,50169.46972,229.5142977,0,0,19420.12102,0,0,0,0,0,0,0,0,0,0,0,0,0,0,0,0,0,0,185.578879,0,2857.585619,0,0,0,0,0,0,0,0,0,3272.286954,1076.498128,2111.336407,0,0,2479.885519,0,17.34308305,0,0,0,0,0,0,0,0,2061.159362,367.3407985,0,18.7720113,16.0115588,0,43.79139317,0,571.6124662,0,0,131.1915353,0,0,0,1511.682533,33.47438493,102.4772933,0,1909.344668,0,0,22.84409465,0,0,170.4057244,154.4532718,0,0,0,0,0,0,3.429625902,0,30.82904134,2171.932383,0,170.6925272,2814.168653,0,570.7143756,0,0,0,0,0,151.8282931,0,0,0,0,19.39747146,0,52.6203065
"94","10593",232.5460609,3.068789424,30.44741025,89.04459186,0,0,741.5582218,24.05113353,60.03685446,0,0,52.04892083,20.21507358,3763.32349,577.1460908,0,0,0,63.99707207,0,11.68755684,0,166.7468234,0,0,1386.00298,0,15.95873241,528.3309277,4241.591821,0,88.27205211,0,0,0,2100.964548,26.22743067,0,42.0625614,0,0,0,0,72326.74105,215.0107405,0,0,14.23306087,50.60374695,4.060692081,0,0,0,1408.605385,362.7960265,0,0,0,25.81708965,166.3154273,47.69003516,0,290.5237059,256.2994297,0,0,0,0,0,34.34544654,0,0,0,0,22.41338817,0,0,1535.945831,0,0,0,0,64.57025586,0,0,44592.26697,80.28166872,0,0,0,0,55.05238688,0,0,0,0,0,0,0,0,0,0,0,132.2947581,0,862.041414,0,0,0,753.0750068,9072.366765,0,0,15.08088949,0,106.6848994,0,3524.272667,0,0,5538.700479,0,238.0256555,0,759.0044816,0,0,75.26796371,0,0,0,0,49.41455426,0,42.68938729,25.7656479,0,0,369.9923708,0,0,507.4388482,194.6368564,4.752448435,0,0,54.1597612,0,32.47532574,0,0,0,0,453.7431431,24.41882868,0,568.075129,132.5287812,0,0,84.08779045,0,0,0,60.88528827,0,0,130.0428615,0,0,999.086519,760.6478483,0,5600.088527,0,81.75777809,0,0,0,0,0,233.735161,0,0,75.66123676,0,0,0,0,154.5172011,0,0,0,53.21003119,27.06063329,560.3793661,0,5.928742415,166.8590418,24.54248817,51.03439839,728.1860685,86.306305,314.8670838,115.7805871,426.1428465,0,174.500724,8.979100419,11.32899521,0,50.0686396,308.8215226,42.18147202,0,168.7864908,0,795.8811925,0,64.70418316,0.726637083,0,0,31.57023621,0,0,0,58.12040945,124.1388132,0,16.79513706,0,15.54482469,0,8.763143891,0,0,0,0,0,0,0,0,33.33938461,0,279.801034,0,0,0,0,0,0,12109.13449,0,442.3284881,0,0,0,30.09763681,0,0,0,78.2489576,12.48691238,0,1129.958639,71.98741192,212.8989785,432.7274114,509.7579159,59.42981073,92829.24079,0,0,0,0,6.913624798,2582.491142,0,4.149667006,0,0,0,129.8405225,59.78175183,0,0,0,71.33627993,0,171.5327228,79.82878459,35.31933059,15.29255382,0,537.2582313,0,0,0,0,0,0,0,266.3460954,0,791.2448171,0,0,0,934.9910577,684.1947805,0,34.2209952,0,0,66.86935141,1711.356116,0,1057.249,297.7521266,166.5207205,0,0,0,0,0,19.92870049,35.69640745,0,36.60116428,0,0,122.2037312,0,390.3715955,21.71497317,0,61.61211173,0,170.924771,203.1916152,0,0,149.6830146,500.3723175,332.4082371,0,0,1085.666488,0,0,0,0,0,0,0,0,12.7998594,0,0,17.98174693,8.385130688,0,0,0,8.748454856,0,804.9488705,67.43332922,267.8174283,0,373.6268983,0,0,0,0,0,0,0,55.27068541,0,333.9957515,0,0,250.3404565,0,14.53238637,0,0,0,0,0,0,0,0,0,8792.841039,0,355.7531127,0,0,61.67968601,0,0,0,0,65.84446229,0,0,0,3746.036809,7.639538078,67.99549402,0,0,0,0,116.4807894,0,0,0,141.8940874,0,0,0,0,0,0,22.00773247,0,83.54249062,2703.586985,0,148.9631016,56.19700692,0,78.65434057,0,0,0,0,24.91674236,0,0,0,24.53851141,0,0,0,86.27702113
"95","10618",63.43729072,1.995268215,9.054737274,43.4039659,0,0,0,36.67406846,0,0,0,12.32003622,0,6297.237081,155.6067298,0,0,0,33.55043691,0,11.5992975,0,197.0597793,0,0,360.9531513,0,14.80253631,39.86753222,8605.391898,0,44.17683931,0,0,0,280.3770898,16.40369684,0,181.9669245,0,0,0,0,76371.46309,4685.997321,0,48.31352195,61.22842864,14.49909036,0,0,0,0,5522.890363,326.7481903,0,0,0,0,517.7414639,37.36452364,0,4049.468054,2859.018346,0,0,0,0,0,0,0,0,0,0,13.47627299,0,0,2939.174136,0,0,0,0,19.92932143,0,0,67118.44734,29.84977602,86.14245485,0,0,0,0,0,6.585391669,0,0,0,0,0,110.679817,0,0,0,282.7620871,0,376.4166015,0,17.88788584,0,720.0349892,16162.5747,0,0,0,0,0,9.747764309,895.5455898,34.03268102,0,7072.490908,0,330.9043091,0,174.6776146,0,11.7186954,49.2543354,0,0,0,0,252.0879524,30.90016461,5.601520648,20.90281622,0,0,399.1186183,0,267.4199982,549.7653149,28.62430027,0,0,0,74.07480143,0,36.69379645,0,0,34.35746709,0,2769.346849,0,0,451.6960612,0,40.22030185,0,230.0497481,62.3804274,25.57635938,0,16.33606162,0,0,136.8637892,0,0,709.3558516,6324.778056,0,7177.055979,0,102.4931997,0,0,0,0,0,301.3897752,0,0,146.5388397,0,0,0,0,0,0,0,26.17676568,6.679047185,15.49867697,185.8831045,6.313894233,2.732770347,175.2375182,0,135.2266585,985.5013175,49.06015772,167.4991311,70.63591507,144.9939415,0,274.5982349,7.396653871,0,0,0,96.35847388,39.87001073,0,448.8070551,4.728158172,373.1017299,0,0,0,0,0,27.84591888,0,0,0,37.77860348,0,0,0,0,0,0,0,0,8.839134591,0,0,0,0,0,0,0,39.86856132,822.0471751,0,0,0,0,0,0,6554.216494,0,3343.036802,22.72012433,0,0,0,0,0,0,71.68183882,0,0,0,0,50.05117487,0,661.0589451,37.73641925,70009.01475,0,0,0,0,0,5022.74705,0,4.819072479,9.779011306,0,0,248.0693493,59.84514575,0,0,0,8.70426309,0,41.69633126,1539.239885,24.12391108,0,0,328.902034,0,0,0,0,0,0,0,321.6202783,0,54876.52629,0,0,0,6161.602279,406.8398385,0,0,0,14.6606434,0,644.6503465,0,346.9536126,198.0254532,0,0,0,0,0,0,11.35055737,61.30882675,0,7.937454091,0,0,67.64558648,0,1659.715226,0,0,56.00537789,0,137.554309,137.2798095,0,0,896.300083,56791.59642,297.0294341,11.00711539,0,7925.394344,0,0,0,0,0,40.16629898,0,0,0,386.8868914,4.783095879,0,59.05898264,0,0,0,12.42040575,0,0,0,831.6673934,0,0,0,0,0,0,0,0,0,0,0,311.1356553,0,0,0,0,10.91795023,0,0,0,0,0,0,0,0,45.57868956,957.4672326,0,120.4104457,0,0,0,0,567.6542573,0,0,372.8991272,330.8903,0,0,4429.072727,0,466.8660114,0,42.22159114,515.9956436,0,9.799446764,0,0,0,0,0,0,0,0,0,0,9.769609531,0,13.97339607,10396.14188,0,57.65533559,40.79544888,0,69.25719471,0,0,0,0,10.31111282,131.9525179,1.648816514,0,0,0,0,0,48.15687686
"96","10620",31.53839752,0.793317201,11.86112031,31.0149937,0,0,166.5759581,16.42376819,48.37347021,0,0,77.07189921,9.278492423,1719.481125,251.8049648,0,0,0,68.37586213,0,0,0,168.4971717,29.94289344,0,1576.976389,0,0,464.0513442,4580.181012,0,146.3971656,0,0,0,134.5722622,12.36709044,0,0,422.8667137,0,0,0,44361.78948,7083.918513,0,54.71554305,21.97847628,18.43711107,0,0,0,0,13.62592605,137.1213847,0,0,16.69660167,50.03850115,383.6453135,43.15254977,0,40.62071366,20.17888954,0,0,0,0,0,0,0,0,0,0,7.140157271,0,0,3.776155075,0,0,0,0,81.28413957,0,0,39535.98269,85.89833391,76.75164901,0,0,0,0,0,0,0,0,0,0,0,0,0,0,0,33.67313065,0,563.9392627,0,35.80716148,0,457.4812096,23505.40337,0,0,11.83717714,0,0,5.852255366,4736.570852,0,0,1839.938514,0,96.56969594,0,0,0,0,74.88759741,0,0,0,0,0,3.961598508,0,7.511678135,0,281.4894993,1387.40239,0,0,577.7328533,215.0528725,2.590127884,13.73674245,0,19.27408608,0,55.01458829,0,0,0,0,205.6174714,41.07854398,0,784.1267793,113.7344132,101.6905451,0,44.41855537,0,0,0,28.35816829,0,0,11.00378657,0,0,695.5390486,388.6992787,0,3789.009058,0,46.89690914,0,0,0,0,0,68.9838341,0,0,117.7059148,0,0,0,0,0,0,0,15.3609894,0,3.531380614,43.12505833,0,0,34.08726479,27.8019128,31.04301967,3723.982282,0,123.6965991,102.3076702,167.6048808,0,864.7333817,11.59171508,7.858344154,0,0,0,79.19444405,0,7.407891692,104.6421813,654.5065797,0,11.46445682,0,0,0,25.58368762,0,0,34.93511277,66.8912805,0,0,47.13448536,0,17.51101835,0,6.781841007,0,3.994106516,0,0,0,0,0,0,0,0,256.0137517,0,0,6.435433671,11.65474723,0,0,7830.782874,0,410.8424724,28.16381777,0,0,855.6301673,0,0,0,75.62889,16.27238393,0,0,150.3378876,660.1613876,124.7753859,1337.014261,25.37070017,48179.38275,0,0,0,0,14.76431306,191.4470873,0,5.673131776,18.94154728,0,0,196.221325,66.66263047,0,0,0,27.51991855,0,35.4436364,105.3938277,0,19.69818187,0,536.0773801,0,0,121.753557,0,0,0,0,225.1682817,0,1340.934057,0,0,0,24.80968658,0,0,41.59269726,1.366778429,26.88193962,0,474.1991781,0,2767.046956,322.8681736,0,0,0,0,0,0,13.3026649,5.212653002,0,17.26426979,0,0,126.8611485,0,333.6253646,617.3237536,0,0,0,69.49383834,96.56847794,0,0,132.4279591,180.1857475,336.2311892,0,0,658.9272503,0,0,0,0,0,0,0,0,0,0,0,11.00086151,0,0,0,0,9.106266624,0,30.80628375,0,117.8416118,0,0,0,0,0,0,0,0,0,0,0,265.6724415,0,0,124.3500401,0,0,0,0,0,0,0,0,0,0,0,6962.044557,0,0,0,0,40.59694397,0,0,0,0,54.05012956,0,0,0,6046.800351,0,82.21366591,0,0,0,0,29.2765244,0,0,0,0,0,0,0,0,0,0,5.897201113,0,5.01335858,968.5103044,0,146.0628412,43.15003848,0,85.93522021,0,0,0,0,8.534283507,197.3834542,5.473517905,549.0473241,0,0,0,0,102.4379309
"97","10621",107.1359619,0.630155791,6.417518055,12.35320017,0,0,675.9798787,35.55361897,165.2593294,0,0,18.95199786,18.6876265,2848.400601,174.0815201,0,0,0,53.58089968,0,48.32573238,0,100.1791738,0,0,549.0380376,0,20.51254524,163.3846725,2132.367482,0,88.3142333,0,0,0,254.761292,59.43333048,0,120.2687169,0,6.330164856,0,0,36167.29886,1169.871418,0,50.386976,31.54677362,2.270834241,4.285246141,0,0,0,16574.02523,152.8569078,0,0,0,43.79361164,169.9084606,30.71741822,0,781.3666907,376.9435826,0,0,0,0,0,406.0252784,0,0,0,0,0,0,0,1185.851587,0,0,0,0,55.85589438,63.85272696,0,72676.94143,41.84291395,0,0,0,0,44.62410934,0,0,0,0,0,0,0,0,0,0,0,99.32130518,0,995.8595915,3.867264339,17.28667708,0,924.8732048,7874.896474,0,0,11.80400633,0,278.9826804,0,1020.246245,0,0,9267.214094,0,363.0144349,0,491.0827852,0,19.05073864,61.10661113,0,0,0,0,74.55034682,26.34954105,4.689916827,5.298476315,0,0,321.1145591,0,0,285.4897564,45.52422311,2.717648643,0,0,157.1163745,1772.015407,80.61672204,0,0,0,0,420.7365096,12.03733806,0,2362.499123,134.9444216,0,0,22.91132263,1900.453852,0,0,21.50211096,0,0,138.2439921,0,0,1913.064171,416.7992788,0,3415.78506,0,120.8245907,0,0,0,0,0,73.54866917,0,0,64.51223343,0,0,0,0,0,0,0,0,6.802671984,48.6410276,214.4626656,0,0,248.4698316,0,47.17681696,662.4499218,0,120.5108767,74.16781621,223.7136127,0,143.2811172,12.98430516,0,0,0,87.96618135,47.07014658,0,67.75847797,0,564.4154516,0,16.24912181,0,0,0,20.43487158,0,0,12.35601813,40.54762489,0,0,70.17838309,0,0,0,0,33.0499118,3.943560471,0,0,112.3333418,0,0,0,41.58403558,0,231.8394609,0,0,0,0,0,0,2797.644923,0,605.8442253,146.2255387,11.80557929,0,90.31020423,0,0,0,81.41577932,9.055395639,0,0,317.1600997,167.276084,545.8684388,671.2783391,11.33866019,62238.62487,0,0,0,0,0,720.4400157,14.42737587,13.93495069,15.2033064,40.08033045,0,1658.262243,0,0,119.2234035,0,14.33896805,0,45.08638724,81.43261016,27.97114122,23.05511317,0,469.816947,0,0,133.0052346,255.9795855,0,6.187755568,0,322.5637049,0,1639.438417,0,0,0,6817.875056,182.8008651,0,0,0,2993.767507,0,2471.865801,0,0,207.4630427,258.4409179,0,0,0,0,0,9.322276554,7.049066369,0,44.93364981,0,0,126.985788,33.96816776,428.9374188,65.15739672,80.09546221,60.66684993,0,191.2933739,122.6207958,0,0,110.0748827,367.8367555,162.8951842,0,0,2041.870689,0,0,0,0,0,14.9696043,0,0,58.93955482,808.9654689,0,0,23.52993476,0,0,0,0,0,35.25763796,116.4849589,1801.341818,0,0,0,0,0,0,0,0,0,52.42698706,220.8047497,269.5178354,0,73.91611367,337.6942206,0,77.32888289,0,0,0,0,0,0,0,0,93.10426758,2735.695457,0,341.2689648,21.40224175,0,61.93323856,0,258.9215292,0,0,543.901292,0,0,0,2062.042665,0,18.06968141,0,86.24667267,0,0,18.2335726,0,0,68.5826776,0,0,0,0,0,0,0,56.48263749,0,22.7621416,11849.50402,0,298.3878921,21.41333388,0,0,0,0,0,0,9.803922944,0,0,0,49.06622612,0,0,0,30.29535273
"98","10622",0,0,8.901480442,43.84633166,0,0,69.82146881,21.19059728,27.9219118,0,0,24.27651157,0,3011.373716,345.6700947,0,0,0,104.6599386,0,12.6643232,0,260.609024,61.84693595,0,1070.446404,0,19.65513731,151.2917146,7002.462717,0,24.59727441,0,0,0,103.873103,45.07474669,0,76.81848358,0,0,0,0,28325.77438,1568.83209,0,42.86672916,77.02911183,0,4.220579372,0,0,0,613.3330299,554.9834598,0,0,0,0,728.6083325,52.80431104,38.11975507,1895.212222,52.74253425,0,0,0,0,0,0,0,0,0,0,7.310164587,0,0,3548.124206,85.30413555,0,0,0,18.66024011,0,0,68992.73612,24.52804664,241.557187,0,0,0,62.45648442,0,0,0,59.76339301,0,0,0,0,0,0,0,23.28287287,0,1084.744729,0,8.702054132,0,691.3603812,30827.71662,0,0,7.290105323,0,0,17.24168723,2436.771728,7.929451519,0,2401.936768,0,325.5827995,0,486.4707173,0,21.5729145,91.26355423,0,0,0,0,0,19.93271298,0,15.67642265,0,0,131.2351409,0,0,414.207402,5.627902209,3.508473434,28.37319085,0,26.43038262,0,21.25700161,0,0,13.19889992,0,640.5513907,19.21134515,0,411.4075374,0,41.76788703,0,126.593414,0,0,0,0,0,0,18.6047951,0,0,587.4526476,1352.207142,0,3453.31675,0,56.17610785,0,0,0,0,0,269.9541891,0,0,77.22216035,0,0,0,0,0,0,0,0,0,7.988557155,43.91300485,0,0,21.98699756,0,24.5363851,1989.538643,0,202.1731073,102.2670674,59.45525973,0,839.2039533,20.68108814,0,0,0,130.8478302,44.77805577,0,26.88679259,0,661.7888793,0,0,0,0,0,17.93781212,0,0,9.543798329,62.20120879,139.2212458,0,12.0021414,0,27.86862935,0,0,48.24969705,11.81773884,0,0,0,0,0,0,0,0,369.1655467,0,0,0,34.14638769,0,0,4810.50044,0,820.5217032,0,0,0,15.66322903,0,0,0,389.9430822,0,0,0,48.70207001,190.9644197,1007.217933,2210.403315,7.792298808,31973.89627,0,0,0,0,0,365.0684814,11.83269855,17.27306417,18.7743304,0,0,30.28534948,45.29407241,0,0,0,6.713095646,0,32.27791074,695.935768,8.307522073,0,0,904.5725994,0,0,135.362395,161.4744603,0,0,0,321.0701613,0,1632.994953,0,0,0,184.9629987,0,0,0,0,0,0,722.6748264,0,1122.770202,0,0,0,0,0,0,0,18.77187579,18.14211901,0,9.432570127,0,0,187.0623846,0,369.8495313,12.87476672,0,0,0,0,136.7159967,0,0,384.7598013,345.7166085,167.1505249,41.28660962,0,1965.987998,0,0,0,0,0,0,0,0,0,0,0,0,6.715515198,0,0,0,5.626214363,0,405.51661,42.87748269,153.4174832,0,0,0,0,0,0,0,0,0,0,0,300.5164368,0,0,232.5696091,0,0,0,0,0,0,0,0,0,0,0,118.0248748,0,15.86162877,0,0,25.23588378,0,0,0,0,0,0,0,0,9550.595142,0,35.42518423,0,0,687.4801239,0,10.94776057,0,0,0,0,0,0,0,0,0,0,13.39991445,0,16.96781649,974.5071858,0,55.53756107,10.60353602,0,72.16251412,0,0,0,0,8.712184275,193.5381244,0,0,0,0,0,0,38.20459949
"99","10627",0,0.445304059,7.784417673,28.88785773,0,0,472.2196734,14.64874412,0,0,0,49.01108752,0,2114.770542,444.1915461,0,0,0,55.5652644,0,12.63969828,0,85.30334018,0,0,1682.264373,0,0,577.9631458,2906.406824,0,184.8003062,0,0,0,154.5530192,9.826461931,0,21.84994046,688.7357301,0,0,0,37609.03104,1427.439816,0,0,13.44602792,7.858160326,0,0,0,0,779.2439005,92.95651913,0,0,0,26.48565961,322.2175049,0,0,16.7025488,9.141769036,0,0,0,0,0,0,0,0,0,0,7.441170173,0,0,6559.211941,62.61409551,0,0,0,46.8627258,0,0,46543.44178,70.93393284,177.8430645,0,0,0,65.79857665,0,0,0,0,0,0,0,0,0,0,0,41.30188323,0,318.5300657,0,8.953431483,0,623.1947943,29694.50611,0,0,8.096042847,0,0,0,1246.406259,0,0,1602.216128,0,0,0,56.62253532,0,0,67.60118317,0,0,0,0,0,16.21606455,71.5194741,7.483439351,0,0,289.2965619,0,0,650.4801963,195.8180173,0,0,0,32.3963114,0,45.68748588,0,0,12.42569052,0,256.3722213,0,0,850.8022826,151.356186,0,0,132.308589,0,0,0,0,0,0,0,0,0,871.8386671,451.3470606,0,3458.980872,0,21.91823,0,0,0,0,0,152.8854951,0,0,93.58822817,0,0,0,0,0,0,0,0,0,5.366228189,32.59816863,0,0,12.25497467,23.86838891,23.34029853,482.7899872,0,88.2067774,44.05011207,0,0,781.1822902,37.30837543,14.28779089,0,0,0,27.66517899,0,4.023588843,0,504.098508,0,11.30565802,0,0,0,40.27334706,0,0,0,48.32094859,158.0969185,0,82.15019821,0,25.21027492,0,0,0,0,0,0,0,52.37960616,0,0,0,0,139.0215932,0,0,14.67400017,44.17928962,0,111.3414655,6097.574825,0,161.7344814,0,0,0,50.56591157,0,0,0,0,7.467420549,0,0,241.9820999,708.7347464,0,1101.985271,14.11179533,37008.79309,0,0,0,0,29.46845,154.119585,0,8.021862853,11.01045866,0,0,0,67.8661328,0,0,0,12.98979418,0,27.68149114,85.67197998,0,64.62514679,40.07764117,315.0331363,0,17.28050218,0,0,0,0,0,157.1737334,0,1248.159196,0,0,0,284.0315906,0,0,34.27525341,0,23.86240619,0,575.5725318,0,1730.751632,208.1576658,0,0,0,0,0,0,0,15.97933894,0,30.85188155,0,0,143.4357753,0,292.9547905,36.48251257,0,0,0,0,52.35264022,30.32375392,0,109.4593513,380.4878168,297.3448214,12.10728404,0,769.9093463,0,0,0,0,0,0,0,0,0,0,0,31.92409287,12.90692654,0,0,0,27.52943495,0,0,0,174.7900738,0,0,0,0,0,0,0,0,0,0,0,173.0233715,0,0,0,0,0,0,0,0,0,0,0,0,0,0,0,0,9.234880767,0,0,0,0,0,0,0,105.2237772,0,0,0,4296.751338,0,19.51774452,0,0,532.2717571,0,19.6906959,0,0,0,0,0,0,0,0,0,0,42.30697065,0,5.182030187,1197.468336,0,463.7920784,46.31814004,0,0,0,0,0,0,8.899868952,215.6441499,0,258.2733197,0,0,0,0,0
"100","10657",79.15714855,0.418588464,10.06607887,19.1762106,0,0,0,50.99717617,57.67803061,0,0,86.72597203,72.10684884,6227.572407,412.2798193,0,0,0,32.17580259,0,42.69900635,0,117.6694229,0,0,1292.226967,0,69.51895784,273.1598305,5971.603662,0,65.77104156,0,0,0,947.8377776,24.95362908,0,36.77165852,182.789661,0,0,0,88917.60721,30809.17809,0,0,80.05204384,30.43989085,0,0,0,0,13032.6138,734.9527414,0,0,0,248.667079,1731.485551,26.47474716,0,1007.607849,223.5870377,0,0,0,0,0,0,0,0,0,0,8.403176447,0,0,1267.810106,0,0,0,0,25.03313731,0,0,57901.10684,9.386415454,60.38352023,43.71263038,6.349473195,0,59.14165643,0,0,0,181.4634472,0,0,0,0,0,0,0,2683.209703,0,3260.051536,0,0,0,1259.809881,14392.19611,0,0,9.541203143,0,0,15.51430659,1571.884585,13.12420681,0,3178.324001,0,662.0372199,38.34495048,1554.386037,0,15.44022244,60.19133655,0,0,0,0,45.71777219,0,0,10.92644423,0,0,489.395627,0,0,4037.265633,126.2853498,0,0,0,45.48532047,1627.406514,19.97822252,0,0,15.4156058,0,2564.863482,35.367842,0,553.590973,0,0,0,63.89142376,0,0,0,44.63510036,0,0,659.6590502,0,0,732.1213895,7388.187115,0,9057.877661,0,40.1444539,0,0,0,0,0,844.6067605,0,0,372.7674386,0,0,0,0,207.7766315,0,0,19.43653058,57.60488545,153.3103862,215.846601,9.781119235,5.315149329,552.8574882,27.50431014,79.10150356,112.5362869,44.00200299,67.00467533,111.1457716,101.8554091,0,116.2118899,41.65748399,21.28776079,0,0,86.66333877,48.44486579,0,2576.835404,21.29740319,658.2344023,0,7.851712426,0,0,0,32.39484073,0,0,9.706730638,46.17800223,207.7579828,0,7.175233424,0,0,0,6.38689141,0,12.45409103,0,0,0,5.597243798,0,0,58.63010056,0,3240.093948,0,0,0,31.7676947,0,0,11919.80843,0,10091.96585,0,49.64953782,0,104.8356835,0,0,0,199.5318639,92.41240977,190.7829705,7806.549055,137.4974325,200.5183501,270.7139288,1247.883337,9.289157324,109291.8132,0,0,0,0,0,16773.65132,0,12.124586,12.6901796,13.22251584,0,148.6927277,69.71233478,0,0,0,9.538534021,4.411906609,37.90475553,260.7919444,39.83347259,0,14.11147688,701.0414919,0,20.89149889,153.2460958,0,0,299.0461013,0,265.65004,0,895.6880385,0,0,0,1608.45182,599.9992612,0,0,0,23195.31959,0,907.8273013,0,4689.487533,222.5719047,142.2054385,0,0,0,0,0,9.94776975,18.05517012,10.38255574,38.11959977,23.14131163,0,97.74418064,21.79311919,5066.408392,75.6373023,0,0,0,136.6367102,152.2434772,0,0,157.9137493,195.735414,242.5436449,40.0140109,0,10104.34479,0,0,0,0,0,38.35628959,0,0,13.95374327,2218.216126,10.2535113,10.15240988,20.78748774,0,0,0,8.738909553,0,173.95038,66.08958337,1278.276252,0,0,0,0,0,0,0,0,0,139.2884716,0,853.115202,0,0,778.8629371,0,0,0,0,0,0,0,0,0,0,268.7095051,5250.38465,0,99.60994439,33.07073532,0,38.19704329,0,201.5264075,0,0,1041.683634,0,0,0,12846.20119,0,166.6961868,0,248.9177063,643.0100986,0,50.58903857,0,0,18.55262586,493.362096,0,0,6.774384402,0,0,0,30.69053366,0,21.95190683,15185.07594,0,80.88197154,18.44266115,0,233.6654902,0,0,0,0,8.24411232,0,7.787725643,0,0,0,0,0,56.35955195
"101","10659",71.98226789,39.54577611,22.24563133,23.80194137,0,0,0,21.97407136,49.23107372,65.16661078,0,10.31010676,91.04083992,11307.4931,675.3319297,0,0,0,71.68899955,0,35.26882426,0,139.8039609,0,0,359.4564433,0,0,131.4114247,6788.407368,0,54.76003494,0,0,73.88411371,277.2025029,0,0,312.8761735,0,0,0,0,68387.76197,11175.13075,0,0,45.00058137,0,0,0,0,0,1454.793831,596.1439351,0,0,18.88084923,343.5350514,91.18238033,0,0,2706.48442,1086.946703,0,3.505024471,0,0,0,0,0,84.30128171,0,12.9834681,12.68751248,21.56833501,0,155.0356054,0,0,0,0,48.92392477,0,0,64676.20194,0,0,0,0,0,0,0,0,0,0,0,0,0,0,0,0,0,521.8703335,0,143.3468335,0,6.070591186,0,408.2128603,5594.191457,0,0,12.32744545,0,0,34.37809313,787.6149452,0,0,9678.795411,0,223.7401986,49.00281811,133.8069024,0,0,44.0786886,0,0,0,0,35.39550192,5.129416375,26.54772035,14.52701507,0,0,1437.934218,0,0,371.7105282,449.6009682,15.74694581,0,0,116.3831027,15371.90637,1020.805284,0,0,178.6833439,0,318.0689097,0,0,333.3343591,222.7749973,171.815889,0,75.36483993,87.73508693,0,0,58.78874158,0,0,432.015768,0,0,1657.471573,400.2862619,9.942223448,1699.317632,0,35.11548217,0,0,19.57094543,0,0,101.7120517,0,0,58.03999255,0,0,0,0,0,0,0,0,22.88210658,77.92364725,83.70862439,0,4.972453183,475.6330595,48.61731226,41.25790502,105.7773693,106.7199287,92.958393,65.99182905,80.48263285,0,103.1617377,29.75091259,0,26.1851792,0,157.2569606,29.70192794,0,1831.347285,41.10455358,418.2902413,0,0,0.927199183,0,0,34.59543622,0,0,15.13173956,27.04566121,0,0,0,0,0,0,0,147.808589,9.098506166,0,0,1232.355358,0,0,0,0,14.6007727,124.0913857,0,0,0,37.27685848,0,0,6520.94265,0,883.6800242,140.0961148,36.8004088,0,223.2144527,0,0,0,45.62946323,0,0,1049.781438,69.12679855,221.6531935,0,1285.88718,3.973721233,31161.42494,0,0,0,0,0,5989.290714,0,5.969473201,0,0,0,1527.332287,86.57745389,0,0,0,42.97458895,0,31.53981489,528.3908841,21.99363389,0,0,263.6778879,0,0,0,0,0,0,0,161.1660181,0,928.6943276,0,0,0,3216.211827,1144.091743,0,0,0,13.90578692,0,689.5700304,0,212.2966445,378.3857772,1174.42635,0,0,0,0,0,15.64979422,352.2187631,0,16.71019556,0,0,270.8191975,141.0221086,291.3495645,161.0457287,0,126.1901629,0,128.8249645,134.458889,0,0,189.8018206,410.6711746,284.7405775,23.27827052,0,666.5676694,0,0,0,0,0,10.11785326,0,0,0,1169.393429,0,54.66176564,0,0,0,0,0,0,0,268.0954041,376.6030309,0,0,2.471537681,0,0,0,0,0,0,76.63105794,0,1262.965143,92.30888969,893.2813572,420.3489488,0,39.07101059,0,0,0,0,0,0,0,0,302.5624844,3573.378436,0,93.4209933,61.57942122,0,102.4764748,0,427.6477186,0,0,149.644402,0,0,0,1553.968798,0,20.35437363,0,280.2772444,360.4828327,0,154.3478883,0,0,134.1239249,0,0,0,0,0,0,0,0,0,10.96721269,22853.14102,0,127.0183132,10.86272919,0,117.0736702,0,0,36.14867332,0,6.480180736,0,7.81284684,0,0,0,0,0,18.3180551
"102","10663",141.5701272,0,17.87842716,117.1633949,0,0,0,30.25290337,97.79315747,0,152.8917704,60.15301265,65.59759679,2859.724429,872.1862689,0,0,0,76.23834368,0,42.52295824,0,330.5537362,0,7.349887697,969.8409805,0,0,123.8134484,4292.71215,0,84.39617915,0,0,0,204.0935654,0,106.0710211,0,1120.754628,0,0,0,85109.72969,881.7018857,0,0,30.69189266,4.878009431,5.509270179,0,0,0,0,238.1447175,0,0,0,45.61861701,179.3338966,56.77423529,0,41.23118782,4862.684548,0,0,0,0,0,219.8840209,0,160.0111016,0,0,18.52654056,0,0,934.235369,0,0,0,0,125.6709138,0,0,48383.95148,60.13570873,0,0,0,0,86.15059791,0,0,0,0,0,0,0,0,0,0,0,10352.41011,0,2077.591533,0,26.18740811,0,880.1810064,10398.90414,0,0,52.3232615,0,0,0,2469.575181,0,0,1470.128459,0,156.8226933,0,0,0,0,41.68595899,0,0,0,0,0,25.03980586,97.78034993,18.15659126,0,0,484.6942768,0,0,645.9893692,2711.489901,5.350891186,0,0,84.79625765,0,70.89139031,0,0,0,0,159.8754956,344.4915456,0,761.9466134,175.1313056,0,0,33.78384841,0,0,0,38.96340266,0,0,127.3452127,0,0,1064.509627,174.985398,0,4395.612007,0,53.9699124,0,0,0,0,0,134.3344471,0,0,85.56003661,0,0,0,0,0,0,0,0,17.6786945,60.36025784,359.3233112,15.90647575,7.04443784,53.24131901,261.6061198,45.83885648,452.4350362,77.85703211,175.0644022,55.99971306,86.19101735,0,204.3395195,103.3865145,0,0,0,0,93.96782794,0,307.7259825,17.73209151,798.4989458,0,13.04465941,0,0,0,36.71373322,0,0,9.841479028,241.0445755,598.0807557,0,20.20230565,0,51.78601786,0,0,163.3897435,0,0,0,985.3435818,0,0,0,0,34.73634969,349.5985712,0,0,0,19.45996312,0,0,5375.693985,49.92856961,141.8177629,0,0,0,169.9734715,0,0,0,39.30110742,7.44471028,0,0,159.0502864,148.4524138,4523.997033,1085.532965,116.7995238,146211.3361,0,0,0,0,8.250938065,2487.60893,0,8.189763898,0,11.84856582,0,0,64.39072565,0,0,0,0,0,86.37250191,202.6373527,46.57543036,12.27366177,0,538.2467002,0,0,0,53.81353561,0,29.91608947,0,454.2721006,0,699.7647359,0,0,0,9577.956389,0,0,0,4.839616222,0,59.08422321,1049.467536,0,234.767015,275.2999193,0,0,0,0,0,0,238.2300711,42.73626319,0,44.95387298,0,0,88.96980367,0,174.4122406,122.6331954,81.26479887,68.98275642,0,139.0215256,292.7278126,0,0,0,435.752561,333.8735839,0,0,488.0921168,0,0,0,0,0,8.777669575,0,0,0,1556.48625,0,243.5188381,39.50023424,0,0,0,28.97781908,0,116.5593305,201.4716144,425.3635982,0,0,1.0224831,0,0,6.320530159,0,0,0,0,0,785.0317955,0,0,114.2277906,0,16.80100424,0,0,0,0,0,0,0,0,0,3964.314086,0,37.31783085,28.28919553,0,44.72507815,0,0,0,0,7150.425513,0,0,0,3382.496946,8.958095862,177.0499033,0,0,730.6336526,0,1128.143899,0,0,0,0,0,0,0,0,0,0,5.31629531,0,21.32973748,13764.43381,0,309.421973,36.39410154,0,0,0,5.833677796,0,1540.55064,16.02588898,0,0,0,22.33890466,0,0,0,61.10099389
"103","10678",0,0,41.18989579,21.91024805,0,0,787.334515,0,0,0,0,0,0,1478.123389,92.85969244,0,0,0,49.90474715,0,0,0,0,0,0,118.8786881,0,31.09569769,31.06383153,1697.48466,0,216.9684912,0,0,0,40.58849371,27.97327275,0,0,0,0,27.15190852,0,27431.78035,0,0,0,27.19517296,4.777332987,11.89582365,0,0,0,433.9989298,47.73311505,0,0,15.96896189,46.24505877,420.4894504,0,0,0,8.73519917,0,0,0,0,0,0,0,0,0,0,5.452365617,0,0,3355.962141,0,0,0,0,39.25191018,0,0,28360.52664,247.08588,103.8600152,0,0,0,0,0,0,0,0,0,0,0,0,0,0,0,48.48449135,0,159.165921,0,63.7641076,0,261.6784286,9064.060424,0,0,40.8582829,0,0,0,3508.729411,0,0,518.6105468,0,0,0,0,0,0,73.44480491,0,0,0,0,0,68.480743,20.88498173,0,0,0,312.9471704,0,0,190.6520276,274.4864867,0,0,0,21.8254144,108.9841659,0,0,0,15.4304688,0,299.5187926,153.1219916,0,614.1755366,133.7482439,0,0,12.40982829,360.8409125,0,0,0,0,0,13.51280301,0,0,1247.121023,498.9229468,0,1509.866848,0,53.14415121,0,0,0,0,0,104.5835763,0,0,104.0464404,0,0,0,0,0,0,0,0,0,2.978775955,8.286796838,0,0,5.181057887,33.2061459,7.48639578,973.895779,0,159.8085389,0,0,0,382.3695288,11.55706292,8.690559207,35.00833992,17.68804524,0,27.03105245,0,0,93.49823369,0,0,0,0,0,0,26.05991797,0,0,0,0,203.2242636,0,0,0,26.26671362,0,10.270679,0,0,0,0,0,0,0,0,0,0,134.1715327,0,0,50.79449439,49.41503895,0,86.01785557,5127.524464,0,154.7536714,0,0,0,22.94887368,0,0,0,0,19.05235433,0,0,104.1484623,1709.726352,0,955.9727641,0,27704.67052,0,0,0,0,0,9.487375792,12.97747321,39.00224945,0,16.56818443,0,118.0156157,63.41595293,0,0,0,0,0,7.569065353,0,0,27.77484661,0,369.7068409,0,0,0,0,0,0,0,38.86585731,0,1259.957745,0,0,0,17917.62008,0,0,16.89429466,0,162.2900769,0,188.8129176,0,474.2194663,330.6546122,240.9132542,0,0,0,0,0,11.41650668,0,0,65.02433646,0,0,51.44747954,0,137.8299105,19.77552008,0,0,0,0,0,0,0,141.4277052,412.3688287,0,21.51774981,0,688.2005734,0,0,0,0,0,0,0,0,0,0,0,0,0,0,0,0,0,0,0,0,85.67832728,0,0,0,0,0,11.31250078,0,0,0,0,0,170.0143756,0,275.9262611,0,0,0,0,0,0,0,0,0,0,0,0,458.3404421,0,17.88818951,4.800322479,0,33.39736132,0,0,0,0,0,0,0,0,5691.804788,0,11.99016344,0,0,0,0,17.98725385,0,0,0,0,0,0,0,0,0,0,37.69227949,0,8.789148464,445.5959236,0,399.2664883,0,0,0,11.66387892,0,0,0,2.703627235,299.1213093,9.82996593,254.5454166,0,0,0,0,56.09525625
"104","10725",32.101038,0.652098573,17.84782051,213.9140633,0,0,0,21.47577408,80.83934723,0,0,38.50389368,42.06292745,4014.905495,593.2590299,0,0,0,0,0,39.58597889,0,235.6700018,0,0,520.5941606,0,34.84148132,87.62226438,8818.288931,0,23.605333,0,0,0,92.6166758,64.23024281,0,142.6398997,0,0,0,0,29035.19102,3954.278219,0,61.01965403,213.6395942,14.32224718,0,0,0,0,859.7763782,739.3191526,0,0,19.08359635,47.34433337,1057.130568,43.62021708,0,1426.882559,219.66434,0,3.645512356,0,0,0,0,0,0,0,0,17.42810015,0,0,53.19138564,0,0,0,120.1338723,44.25001935,0,0,71720.84427,14.55418744,76.80291971,0,0,0,47.27926717,0,0,0,0,0,34.73843285,0,0,66.01057842,0,189.1161639,455.2848229,0,1398.122432,0,8.698050912,0,1051.012868,21243.92757,0,0,80.78416178,0,138.5400796,10.04233377,1044.234145,9.14545984,0,4089.354196,0,391.8572958,24.62352027,134.5018308,0,23.84037335,100.2459706,0,31.40430335,0,0,0,13.26746529,8.543512649,44.57357532,0,0,686.6461297,0,0,1002.737109,28.76929862,0,0,0,60.57966472,0,42.32887479,0,0,26.71413607,0,1037.175998,13.15113625,0,420.4793,112.7652384,0,0,328.7143774,0,0,0,16.65029799,0,0,44.11408612,0,0,2886.4634,2300.23846,0,4094.569822,0,186.7345689,87.03765269,0,19.4763926,0,0,130.3591108,0,0,163.2424254,0,0,0,0,0,0,0,0,9.878661565,8.159695272,61.0964453,10.34876669,6.321224817,20.24384122,19.0075939,16.58756722,2612.771441,0,183.6335415,87.3950355,53.42218661,0,644.7299513,17.93333187,0,0,84.62428971,149.5718283,101.4211389,0,585.1545003,0,615.6573567,0,0,0,0,0,31.96238704,0,0,13.16130858,48.90623845,196.264841,0,13.80384758,0,0,0,0,57.55210483,19.35009044,0,0,0,2.926262745,0,0,0,12.82705752,835.8813618,0,0,0,60.0712247,0,0,4759.380614,0,1292.711851,36.66998048,0,0,682.3991981,0,0,0,42.45779686,5.856112701,0,2240.539632,0,91.78188763,0,1463.628866,185.468047,36878.33462,0,0,0,0,0,4675.355828,22.14016805,14.90572423,0,0,0,368.6930043,0,0,0,0,0,0,61.97043293,283.3384963,7.240138332,4.853043857,0,777.0998546,0,0,124.779552,0,0,0,0,400.2752483,0,15081.4686,0,0,0,706.4959589,96.72075913,0,0,0,90.65477842,0,1247.008392,0,0,185.9505328,484.1494979,0,0,603.5904809,0,0,0,15.3370894,0,0,0,0,233.4162747,0,842.8679854,492.3403247,41.21299462,54.40420424,29.2430735,83.09926757,213.8040193,0,0,1125.912442,837.1364465,487.612389,39.40747021,0,3297.366054,0,0,0,0,0,19.25385165,0,0,0,461.5732698,4.421823117,0,0,0,0,0,11.64295991,0,38.40144985,0,844.7821763,0,0,0,0,0,10.74186211,0,0,0,67.20521419,124.575962,619.4325736,32.15515183,0,152.3156677,0,8.585859959,0,0,0,0,0,0,0,0,0,0,0,12.48926443,0,0,8.389400566,0,298.9157361,0,0,0,0,0,0,4855.933794,0,216.3620418,0,0,535.4866563,0,17.65090186,0,0,0,0,0,0,0,0,0,0,15.83638998,0,8.724007523,8214.295493,0,42.5414112,27.5610406,0,61.40887063,34.3463564,0,0,0,10.94731789,173.5164447,7.579410432,0,0,0,0,0,42.82073815
"105","10741",0,0.563046207,3.779194631,80.71858378,0,0,0,0,26.94818328,0,0,81.7983533,0,21923.78736,171.2094347,0,0,0,48.50211813,0,0,0,0,189.333414,0,409.8280319,0,20.68933859,248.8449758,2156.80736,0,22.22089718,0,0,0,80.87487694,242.5044031,0,187.4608872,0,0,0,0,22152.14456,1886.283497,0,0,165.4409719,2.947356417,0,0,0,0,16186.81062,1213.671543,0,131.6803782,0,124.152018,1528.642618,0,24.21547724,3055.604287,545.1421042,0,2.20317099,0,0,0,0,0,0,6.144914967,47.71643581,2170.714656,0,0,4644.493272,0,0,0,105.0684423,31.61178704,0,0,66258.90544,5.484036349,179.8931245,0,0,0,26.11084344,0,0,0,0,0,0,0,0,0,0,0,37.00205073,0,303.6375554,0,17.87148441,0,5638.401673,15558.73174,0,0,65.77552858,0,937.845191,459.2114711,423.6743689,0,0,40122.60638,0,0,0,22531.58528,0,329.8705947,744.110419,0,0,0,0,66.17716313,11.14505817,50.41468252,35.22410263,0,0,406.4969284,0,0,4315.657614,22.93182981,3.070230363,86.85948636,0,0,0,720.6877189,0,0,79.94151494,0,9430.98607,0,0,446.6400857,0,69.16391666,0,96.3946966,0,0,0,0,1319.438062,0,69.27637692,0,0,6932.944343,16812.39595,12.63887085,28067.17044,0,306.0049577,287.4440095,0,5.254788848,0,12.26262537,3997.415334,0,0,346.900243,432.6723352,0,0,0,0,0,0,0,4.81362639,4.82843654,41.80513996,0,0,379.0202392,0,84.0058192,459.7696949,27.97468519,450.2642501,50.91357851,35.27943755,0,476.6281459,11.78365843,0,35.05682357,0,923.0229959,270.4074927,6.053885408,74.90163257,0,70.21709149,0,47.25787686,0,0,0,22.83856454,0,0,0,11.88618976,0,0,0,0,0,0,0,0,17.67286505,0,0,0,205.8022691,0,0,0,70.45951971,5445.039476,0,0,0,0,0,0,2764.339498,0,8605.231918,0,31.31871694,0,65.42418343,0,0,0,23.47904952,0,0,1268.200289,0,122.0042453,0,5272.966148,46.89348768,38432.9139,0,0,0,0,0,2606.501408,0,3.300483979,0,0,0,81.42681599,0,0,0,0,48.8691774,0,13.84731942,114.1363255,18.72220226,0,0,432.9989288,0,0,155.6422472,0,0,0,0,91.23203693,0,23136.93601,0,0,0,3352.133964,9695.268017,0,0,0,0,0,742.8936175,0,206.3149613,103.6072845,303.6092513,0,0,384.9383628,0,0,0,0,0,151.1988357,0,0,2485.867217,0,3662.905497,47.20252281,0,0,0,52.11733371,59.14061604,0,0,13314.05595,2803.574495,0,27.37772568,0,16155.64296,533.8478294,0,0,0,0,61.52944603,0,0,0,482.2508611,3.387519944,8.962616913,7.338858764,0,0,0,0,0,708.814937,0,1902.07986,0,287.1860024,0,0,0,19.74560853,0,0,0,150.9005882,472.835744,0,0,0,281.9629939,0,7.528298482,0,0,0,0,0,0,0,0,70.5903653,0,0,24.57702249,0,0,0,0,155.1916809,0,0,0,0,0,0,3324.333625,26.23109917,253.1771923,0,0,389.0647659,0,9.005237313,0,0,0,0,0,0,0,0,0,0,9.507526514,0,32.54333356,16946.78372,0,86.80345121,2815.05795,0,44.76998786,0,0,0,0,4.663640919,298.167081,0,0,0,0,67.42391931,0,43.05484197
"106","10794",0,0,13.88723277,52.21351431,0,0,546.4474922,23.44158875,22.34060686,0,0,32.15845218,0,1365.341739,418.1587346,0,0,0,231.829889,0,22.0752126,0,78.94078513,70.54968599,0,1091.700167,0,29.13537456,208.9767349,5996.754776,0,84.08746369,0,0,0,70.91564838,23.98522589,0,42.55620245,222.880474,0,41.67190479,0,40472.31061,414.5519047,0,0,273.3406303,9.184245417,0,0,0,0,769.1624195,223.455111,0,237.7828825,30.97167762,76.7090675,178.205785,24.2889336,0,92.82385125,3806.322745,0,0,0,0,0,22.76436483,48.20364299,0,0,0,10.70679913,0,0,17.07179248,0,0,0,113.6978928,17.53182444,0,0,0,52.77699749,124.7461383,0,0,0,60.33998542,0,0,0,0,0,0,0,0,0,0,31.11489259,29.01379052,0,952.1190505,0,36.45378876,0,362.1956671,20409.53561,0,0,31.86049133,0,149.0590681,8.738984878,2465.546894,0,0,1019.298283,0,0,0,47.09252766,0,0,70.97569,0,0,0,0,298.0379647,30.13976406,0,12.18495239,0,0,290.9193269,0,255.3379399,441.4159421,23.9916777,0,29.33751413,0,34.54834943,0,86.46395322,0,0,0,0,113.7158429,35.65712665,0,0,0,141.4676071,0,131.8989246,253.0335286,0,0,0,111.6046881,0,20.65696218,0,0,528.8948048,194.6443869,0,4253.231475,0,122.5370473,112.571013,0,0,0,0,97.97825149,0,0,84.57758861,0,0,0,0,0,0,0,167.7967746,0.6729623,7.004610936,48.76814132,0,0,39.22059763,10.00943592,0,710.5414381,0,220.5407644,58.23702158,23.37510262,0,567.4537071,17.28387496,0,0,71.22273773,51.78471432,33.8203033,0,12.85122906,4.989757195,293.6477934,0,0,0,0,0,27.44520327,0,0,0,52.39239628,0,0,24.22326812,0,11.98226013,0,0,0,137.4617038,20.76434007,0,0,14.32947089,0,0,0,4.889060538,100.5589956,0,0,15.76584082,19.92765877,0,105.094202,6846.046992,0,107.1911596,0,0,0,0,0,0,0,0,11.38983812,0,841.1798335,86.51919991,803.0195495,0,1341.537474,160.6560477,53894.56316,0,0,0,0,0,45.55627212,2.112681242,27.89939526,0,0,0,37.47213565,9.642427864,0,0,0,18.68942556,0,29.35523306,98.40197277,47.31368642,17.20076248,0,429.5833189,0,0,92.33581538,0,0,4.040671615,0,1537.659556,5.725899442,2018.89574,9.235582245,0,0,8618.626708,76.17690389,82.87252502,43.58874631,0,0,0,311.2620204,0,226.719555,317.373399,121.4026107,0,0,540.9549329,0,0,0,9.56382025,128.0983244,0,0,0,120.6104205,21.78751005,254.8227471,53.52019969,16.23266395,0,0,0,43.85354323,0,0,1106.591709,29194.43791,372.1681454,37.95489768,0,380.2914286,0,0,0,0,0,0,0,0,0,0,2.020154973,5.457444906,52.5612487,0,0,0,11.56488401,0,0,0,181.9820436,0,0,0,7.472903415,0,23.61150627,0,9.949190824,0,0,119.7536581,392.9204464,84.90894096,0,241.3512992,0,10.6841339,0,0,0,0,0,0,0,0,0,0,0,151.9753446,0,0,0,112.5600191,229.7339621,0,0,0,271.2914031,0,0,9578.288677,0,522.0665204,0,0,0,0,33.71238118,0,0,0,0,0,0,0,0,0,0,34.78478157,0,6.694530187,916.5835323,5.324355937,0,94.63382017,0,0,0,0,0,89.20171392,9.268313936,252.4907874,0,0,0,0,0,0,71.28292603
"107","10801",0,0,0,34.71530469,0,0,0,21.12983605,32.39607841,0,0,96.99537879,0,5380.7936,98.44149791,0,0,0,25.78270725,0,22.85318364,0,42.33043529,21.12759825,0,168.4308812,0,26.47179455,201.9733749,2458.906856,0,38.10583532,0,0,0,197.8596567,22.52903426,0,120.0498894,0,73.77593106,0,0,60367.80037,1179.793619,0,69.85865213,211.6597692,35.50281856,0,0,0,0,9434.132263,302.0984129,0,175.0597553,12.05866638,174.0152098,354.3037578,0,0,4070.888144,2709.530279,0,0,0,0,0,0,0,0,2.927464476,20.28939077,29.73918394,0,0,1875.571835,0,0,0,118.4748639,53.263739,0,0,0,10.6475186,164.5432266,0,0,0,28.99287157,0,0,0,35.80000406,0,0,0,41.97581048,0,0,0,238.6645322,0,1032.075221,0,15.53183743,0,824.0302634,4283.652387,0,0,29.24496858,0,705.9898566,34.52788484,397.4235582,0,7.265678093,7885.948001,0,140.1630892,33.35442497,3811.25775,0,0,39.23219145,0,0,0,0,188.0315115,26.71940182,24.67105975,13.25384939,0,0,340.3557306,0,232.1522909,862.415541,17.20883005,0,22.44496416,0,81.12606512,0,158.693888,0,0,0,0,1124.435717,11.66348071,0,0,0,123.352853,0,96.78398797,105.2524557,0,0,0,62.03902527,0,18.97268949,0,8.303909858,3346.632549,2226.10025,1.268613862,3833.855239,0,125.5472913,275.2910459,0,0,0,0,58.52345204,0,0,63.0948387,0,0,0,0,0,0,7.529377575,39.20249806,13.18599935,47.27253508,245.9370847,0,0,264.4279067,0,21.91700622,352.1300648,0,349.7715266,62.54923435,30.00625812,0,291.6058148,12.18218011,0,0,0,239.1412179,26.33679882,8.799526129,390.0191027,31.88839052,92.31680257,0,4.229162635,0,0,0,16.21804281,0,0,75.57554226,20.24807295,0,0,0,0,4.521726247,0,0,0,44.76452411,0,0,0,10326.97784,0,0,0,86.72670488,286.2439974,63.68705888,0,0,29.68660356,0,0,1165.808344,0,901.1430329,111.2303205,0,0,0,0,0,0,22.73153341,8.773994615,0,532.3727183,0,88.24253395,0,2896.074114,127.357893,27764.94801,0,0,0,0,0,2931.687128,0,2.7374486,0,5.959286586,0,2273.249468,13.55407283,0,0,0,26.95507818,0,7.569701821,62.22931525,24.16318809,11.83807237,0,292.6086541,0,0,292.135691,0,0,0,0,58.32720512,0,3304.93445,0,0,0,3835.589729,708.6956155,0,0,0,82.3274763,0,429.9190993,539.6290149,861.2742672,41.22858591,159.9544087,0,0,143.3352831,0,0,0,22.02433238,195.6651799,0,0,0,237.6034066,0,478.9887773,18.71591532,26.42984098,0,0,64.25691205,66.97668892,0,0,2312.654923,77807.97188,297.5974203,0,0,2732.808053,0,0,0,0,0,79.28639263,0,0,9.716502894,0,5.443139983,9.424904466,34.67422152,0,0,21.05810478,5.320952049,0,0,68.42140576,523.4821789,0,178.249593,0,0,0,0,0,0,0,174.4184442,426.33329,624.9125836,0,80.9994357,451.851225,0,19.68682546,0,0,0,0,0,0,0,0,0,0,0,63.73841809,11.00523155,0,61.55314749,21.21206095,1111.841927,4.323549471,0,0,0,0,0,2662.215639,0,107.3138614,0,0,353.5495173,0,12.30870129,0,0,0,0,0,0,0,0,0,0,84.08610964,0,4.19329322,13165.92138,0,19.94093848,541.5824093,0,0,0,0,0,59.40586492,3.56257061,138.1275317,0,0,0,0,13.22237526,0,43.26341048
"108","10804",0,0,20.10009509,33.21040584,0,0,330.9722668,25.06110121,30.53280171,0,0,9.465649939,0,3154.209127,492.3974999,0,0,0,90.3925917,0,20.02589744,0,183.3749433,42.62271509,0,1335.084284,0,19.62801425,0,9528.397049,0,89.30280136,0,0,0,98.4764106,27.92791836,0,0,72.52816087,0,50.82484472,0,87127.26177,7.607768409,0,56.12296455,23.88904516,12.08543998,0,0,0,0,25004.81977,208.7441778,0,9.216639195,14.40049507,66.69913538,957.694779,43.92630445,0,44.10837026,26.48341319,0,0,0,0,0,0,0,0,0,5.137191616,10.39923597,0,0,5251.015333,34.00290742,0,0,110.5240184,38.14959364,0,0,0,53.36572306,330.1873497,0,0,0,64.17280477,0,4.708122416,0,0,0,0,0,0,0,0,0,44.81643875,0,822.968079,0,26.3724291,0,883.1228948,32322.13322,0,0,42.20274869,0,0,12.87933952,8038.272153,0,0,2246.327784,0,100.8225298,6.043460741,102.8402531,0,0,84.552873,0,0,0,0,0,0,50.92344498,9.286585606,0,0,771.3402277,0,0,425.6025754,43.47060327,0,17.72431002,0,63.18453311,0,50.84418857,0,0,217.9108596,0,749.2077419,38.55529681,0,0,0,0,0,193.0453462,68.94155871,0,0,10.23145014,44.66796361,0,30.63305823,0,0,535.6760554,1368.425504,0,4766.43376,0,105.8046461,67.38922907,0,0,0,0,289.8762111,0,0,172.7071456,0,0,0,0,0,0,0,38.92564289,1.552149022,4.471077502,48.01253173,0,0,22.92871238,1.873119058,11.67072619,1527.461641,0,28.66859614,119.057416,59.17725128,0,1295.984643,20.78403636,19.05803493,0,46.06814842,65.65507712,79.19660851,0,13.83707498,0,308.1936809,0,19.58108825,0,0,0,37.1170444,0,0,14.72701996,70.3893167,285.5614014,0,28.39266578,0,43.50260788,0,0,0,2.58016155,0,0,0,9.011255318,0,0,0,0,553.9464077,0,0,0,58.40137256,0,0,13237.12897,0,965.0043065,0,0,0,0,0,0,0,0,22.63550754,0,1247.317775,56.16976049,558.0624335,0,1969.192683,508.9203179,82382.90165,0,0,0,0,12.83639341,89.92652062,22.68743273,33.7185546,14.12142376,6.24108013,0,0,0,31.85251278,0,0,12.71345145,0,28.62244419,271.1301774,67.4184446,19.35013302,0,806.8493552,0,0,0,0,0,0,0,55.7261478,0,1922.411878,8.856119577,0,0,28.54463955,44.51857581,0,29.517071,0.318540855,8.305773169,0,1065.912325,0,0,0,36.54567252,0,0,863.9981782,2.198260794,0,11.38386769,0,0,0,0,0,244.2198753,50.01281819,660.9431896,16.79978199,0,0,0,42.96280473,99.77666622,0,0,0,384.2343502,38.68071147,22.5194215,0,2275.294397,183.3539461,0,0,0,0,0,0,0,0,0,0,0,0,0,0,0,0,0,0,59.08322901,280.3243,0,0,0,10.38956504,15.05002954,0,0,0,0,0,0,873.4744207,50.69996522,0,0,0,0,0,0,0,0,0,0,0,0,0,0,0,6.657165454,7.269050769,0,0,11.89369907,0,0,0,0,0,0,0,17428.66111,0,68.19523413,0,0,821.8370093,0,18.12634864,0,0,0,0,0,0,0,0,0,0,38.16178735,0,8.373215943,1539.55851,0,79.03794876,55.17378419,0,0,0,5.916345029,0,0,11.07609421,0,0,0,0,0,0,0,21.65669464
"109","10807",9.767971692,0,5.713630987,70.30814446,0,0,0,17.2876279,36.47811843,0,0,9.04977174,4.850061909,2183.056369,341.5872779,0,0,0,27.74685638,0,6.74047334,0,60.06935743,45.2593114,0,709.9359159,0,24.285325,0,4449.835161,0,28.1977113,0,0,0,511.3952942,15.04038743,0,34.06610981,181.6811469,0,0,0,26951.08702,3687.96873,0,37.39758842,49.60958765,2.625277694,5.469975758,0,0,0,10468.98778,292.8364938,0,27.06740581,7.081050349,102.9613535,586.9258789,16.94667622,0,536.9753124,88.48893333,0,0,0,0,0,243.9243625,0,0,3.867089532,5.161108659,17.09055999,0,0,3719.0077,0,0,0,106.4842431,55.70335153,0,0,0,0,120.1777157,0,9.886639705,0,16.57062479,0,0,0,0,0,0,0,36.55954884,0,0,0,5060.675657,0,872.9683701,6.799302278,30.92309496,0,779.5486287,15127.60827,0,0,76.89604942,0,0,11.75617853,1516.155379,21.65619771,4.2436008,1233.376975,0,52.70982483,0,832.85246,0,0,10.65819203,0,0,0,0,0,17.84479426,0,16.65301728,0,0,207.0170998,0,0,230.3016948,42.81895942,0,18.82071719,0,29.506774,0,16.46774865,0,0,0,0,273.7237705,17.08738771,0,0,1649.44595,0,0,178.2224054,324.7714163,0,0,6.75565782,58.57160776,0,401.7135991,0,0,1574.701845,568.0071579,0,2002.522623,0,154.0305376,677.560136,0,0,0,0,59.23130847,0,133.9021765,184.5809179,0,0,0,0,0,0,12.69775325,18.04462253,1.296565546,38.63339957,44.72463006,0,0,0,7.75459198,0,266.7308178,0,19.49377703,17.43276181,29.77311698,0,337.6095073,8.730583013,0,7.843235362,0,81.96304859,31.33337994,0,2730.580355,0,146.5151492,0,0,0,0,0,15.11333015,0,0,23.02167869,22.5569348,0,0,7.205076735,0,16.21640588,0,0,0,4.662862002,0,0,0,22039.83039,0,0,0,10.78634007,266.6747447,0,0,0,178.2175272,0,0,1065.505762,0,393.9452788,20.32095784,46.22336651,0,0,0,0,0,0,13.08850856,0,14461.40336,37.93212101,108.6460878,0,2055.95107,7.68483171,34406.90861,0,0,0,0,0,3861.122414,0,17.42218237,0,35.04515891,0,58.19954132,38.59934769,0,0,0,0,0,3.952934073,68.7670835,15.92014014,0,0,787.4366584,0,0,0,0,0,0,0,16.99441391,0,11996.20593,0,0,0,172.8729761,3280.343671,0,21.87725802,0,613.6345076,0,578.2202547,0,0,74.39335551,172.832508,0,0,299.8522169,0,0,0,10.11682899,0,0,0,0,364.3860079,171.3864356,484.8034313,1547.162362,31.24966102,22.9555184,0,39.52593447,63.68239518,0,0,0,330.8975031,210.8243745,0,0,845.5086986,0,0,0,0,0,141.8700309,0,0,0,0,0,9.066399643,0,0,0,0,0,0,0,22.54047842,167.0027236,0,178.6348638,0,0,0,0,0,0,0,118.0790984,149.7993985,369.7484004,0,0,170.0794858,0,15.34532518,0,0,0,0,0,0,0,0,0,751.8360704,0,63.02085704,30.49185748,0,25.18686303,0,155.4885519,0,0,0,0,0,0,9555.923955,0,24.92119032,34.32967644,0,0,392.3077851,146.9807989,0,0,372.5621771,0,0,0,3.608867754,0,0,0,170.1588964,0,0,19069.30346,0,58.35947183,16.58403344,0,0,0,0,0,0,6.48008271,109.4666257,0,0,0,0,0,0,48.52400403
"110","10817",13.69516688,0,16.79891176,77.43409255,0,0,558.1426857,8.580341444,20.94427621,0,0,12.72215663,0,1218.485991,196.8192879,0,0,0,11.29767839,0,6.657021946,0,85.3851075,26.2918789,0,941.5958153,0,0,0,4319.480421,0,421.9248585,0,0,0,87.59511804,0,0,29.85518265,0,0,0,0,26915.50498,13.16865386,0,0,78.9443297,4.256875454,6.132994066,0,0,0,173.9487273,125.8843368,0,5.544364155,14.28990937,75.63889735,263.3629402,24.20546367,0,41.95660684,952.7780506,0,0,0,0,0,0,0,0,0,0,18.73386478,0,0,1624.839916,18.77868903,0,0,107.8243238,100.720408,0,0,0,172.9153119,238.2118603,0,0,0,32.32356008,0,0,0,0,0,0,0,0,0,0,0,35.02011552,0,211.1304083,0,28.46247277,0,390.0206008,13046.26619,0,0,7.279063723,0,0,3.653305254,2495.762527,0,0,691.7109565,0,81.33041883,0,18.31417983,0,0,44.91841277,0,0,0,0,59.23101974,8.469945896,0,12.74012699,0,564.5375557,1844.040483,0,200.9411663,191.8264457,0,0,10.93326438,0,21.55339706,0,50.84958817,0,0,19.83112628,0,168.4319874,12.00556431,0,0,0,169.1173647,0,195.1215161,40.70122336,0,0,7.967389588,0,0,10.85859341,0,0,683.9768305,288.5869331,3.235953396,1921.54294,0,65.416903,50.79728856,0,0,0,0,90.46567962,0,0,55.03993476,0,0,0,0,0,0,0,29.91884333,0.733655829,4.248624018,57.83117299,0,0,6.634343187,0,8.309233532,1636.464757,0,106.7909156,76.87682248,0,0,751.4983068,10.01075277,0,0,0,0,17.62338246,0,7.125905559,0,118.0188943,0,0,0,0,0,17.86482811,0,0,6.470707143,35.81966212,142.1638217,0,6.141450647,0,9.801824538,0,6.838163365,0,32.16372192,0,0,55.58707256,23.97361386,0,0,0,3.595315135,134.7390558,0,0,0,0,0,0,5950.665317,0,124.8242363,0,0,0,0,0,0,0,0,12.80361242,0,528.9731046,505.3628801,12.72193377,0,1191.693772,23.16763824,27975.05464,0,0,0,0,0,92.55394556,8.476664662,8.819302877,8.206592014,3.626166715,0,0,0,0,0,0,98.95843101,0,22.73697202,51.27729677,7.752457349,57.36044715,0,364.6238365,0,0,0,0,0,0,0,205.5729538,0,1218.122656,5.607797706,0,0,197.7853961,0,0,24.53263844,2.943938793,4.79045118,0,353.2099397,0,117.6459791,454.6163725,128.8978215,0,0,397.2962236,1.768695802,0,0,0,0,0,0,0,108.66261,0,218.9519644,4.349336703,0,0,0,27.89774718,27.04684968,0,0,279.3215231,285.251686,343.1312319,19.86123245,0,453.9651781,0,0,0,0,0,0,0,0,0,0,2.021663674,0,0,0,0,0,34.53148809,0,0,0,73.08717693,0,0,0,0,0,4.757952017,0,0,0,0,0,362.9320575,0,0,0,0,0,0,0,0,0,0,0,0,0,0,0,0,9.963858428,7.215728925,0,0,0,0,0,0,0,77.2932116,0,0,6114.058885,0,89.55352704,0,0,1038.217977,0,0,0,0,0,0,0,0,0,0,0,0,5.332747843,0,22.00362165,1379.463333,0,51.95249076,13.25406579,0,0,0,4.396714039,0,17.64196173,7.292708988,130.6328304,58.54800895,1167.137588,0,0,0,0,0
"111","10835",39.6893064,0,13.24909945,30.69896191,0,0,349.8603867,18.24386631,78.95689628,0,0,11.50985723,0,1706.78444,735.9348317,0,0,0,194.4117642,0,19.35793068,0,103.1854469,70.30644419,0,1903.140102,0,39.09347559,322.261687,4651.780188,0,94.62458735,0,0,0,5852.974011,23.05055146,0,0,82.46983217,0,0,0,28132.84491,133.025567,0,0,27.15814979,21.99054806,12.8641574,0,0,0,9000.343632,136.9814215,0,0,0,99.60985409,105.9043004,57.23320443,0,32.09670438,26.6705399,0,0,0,0,0,161.6589092,0,0,0,7.149305682,15.17371734,35.82253578,0,1948.677166,0,0,0,116.4621951,83.78752091,0,0,0,130.0913167,239.8315624,6.805027506,0,0,35.40493872,0,0,0,0,0,0,0,0,0,0,0,256.838664,0,1129.1966,26.15788104,47.65832689,0,616.4543939,22856.35425,0,0,13.66336352,0,0,9.184738108,725.9245732,0,0,763.823139,0,158.4670214,0,0,0,0,113.0168569,0,0,0,0,39.37540172,20.5154681,170.3980327,6.853652892,10.85511915,0,339.7538921,0,0,489.4853069,45.60737337,0,29.23636401,0,34.14810462,0,52.20766645,0,0,0,0,182.9695158,20.87457372,0,0,0,0,0,36.36494975,1335.174399,0,0,20.0698086,0,0,312.3532454,0,0,1480.521411,363.5551897,1.822700099,5821.27692,0,114.3123129,82.90529984,0,0,0,0,29.82831796,0,0,118.7418494,0,0,0,0,0,0,0,20.47948883,10.35870747,73.75422532,304.8459845,0,0,19.9926374,0,29.78618577,1423.853525,0,29.09276736,47.33281673,0,0,916.696289,14.13204987,20.95911276,0,100.6782926,0,225.0872025,0,980.7603193,21.75209945,362.9872972,0,14.13328069,0,0,0,41.54503615,0,0,8.986362571,55.49012801,510.5337803,0,17.65682713,0,23.30227937,0,0,0,0,0,0,0,10.4690121,0,0,0,0,202.1489718,0,0,0,0,0,0,9856.597157,0,408.7872117,0,19.59218116,0,0,0,12.18627463,0,48.00051568,266.504132,0,1807.195577,68.19158809,307.987326,0,844.8158626,121.4850796,29280.57844,0,0,0,0,0,1587.284503,0,15.87988398,23.9527626,5.604949592,0,151.1025422,19.67854064,0,0,0,0,0,26.48135031,31.36945981,72.2048134,10.56551433,0,369.8343246,0,0,0,0,0,0,0,25.7366053,0,1018.371868,10.85106736,185.7661669,0,66.52163857,67.51418983,0,0,0,7.268591067,0,341.4594111,0,0,263.9994219,154.2739526,0,0,685.8119845,0,0,0,0,0,0,0,0,83.04632321,26.31290592,442.0934294,33.71875627,34.18000452,0,0,43.76547631,86.47080217,0,0,159.9692441,776.6091413,330.8073626,20.12388654,0,612.0498442,0,0,0,31.53741608,0,0,0,0,0,0,0,0,0,0,0,0,5.021119185,0,0,98.16230529,330.0461095,0,0,0,0,0,0,0,102.5756515,0,0,0,1169.061702,101.8182619,0,0,0,0,0,0,0,0,0,0,0,0,0,603.1422377,0,784.0329133,0,0,0,0,194.9200656,0,0,0,0,0,0,4842.084952,0,272.8588692,0,0,0,0,39.75242558,0,5.63122381,0,0,0,0,0,0,0,0,15.22118816,0,11.61419027,992.0369082,0,0,1298.207526,0,0,0,0,0,117.6348393,6.234682316,12.89592929,0,323.3149512,78.6344139,0,0,0,77.33797709
"112","10150",28.79174187,0,9.982799417,13.36778001,0,0,154.4913615,11.28085625,26.3099146,0,0,7.13140162,0,1642.716563,237.2078149,0,0,0,63.72092874,0,26.32768673,0,101.2931416,33.69012855,0,1425.488142,0,7.820574309,298.2583407,2560.94129,0,136.8637268,0,0,0,148.475591,0,0,29.21132632,103.8243732,0,0,0,32609.5517,949.2868354,0,0,42.73615987,4.723267986,0,0,0,0,367.713073,39.04268663,0,0,0,0,412.1038138,52.78136813,0,124.6458517,1041.779695,0,0,0,0,0,0,0,0,0,0,22.34270936,4.391527884,0,5087.13661,0,0,0,0,58.8021929,0,0,32169.15439,104.6896346,101.4581415,0,20.11049407,0,40.91137579,0,0,0,0,0,0,45.35592569,0,0,0,0,39.72612702,0,526.3536447,0,33.74171067,0,541.7636072,34176.47123,0,0,30.583491,0,0,0,2117.674873,0,0,1429.49626,0,81.58281342,0,434.485814,0,0,84.43412704,0,0,0,0,92.50976712,10.34427474,13.6238078,7.381062901,0,0,391.8222806,0,0,435.1635103,114.1463719,0,0,0,34.26562481,264.314871,43.39135167,78.65216679,0,15.07133164,0,129.8082037,28.54509143,0,0,0,0,0,100.4245016,2327.528836,0,0,15.35530607,0,0,8.305171374,0,0,1445.577498,422.2118381,0,2867.531807,0,61.98571712,85.41612484,0,0,0,0,118.7854226,2.378957029,0,77.76615682,0,15.301281,0,0,0,0,0,31.10416791,0,5.266936023,13.69390908,0,0,7.839627246,0,3.962460889,754.8197514,0,126.9793028,67.90306281,29.43600879,0,1407.633449,45.84120662,0,0,0,0,37.55132303,0,8.893127907,0,283.8124566,0,14.22434483,0,0,0,33.22018227,0,0,27.29413179,54.97042913,0,0,12.39837999,0,22.24250435,0,0,21.18027326,4.823592051,0,0,0,0,0,0,0,8.442202634,119.5890243,0,44.19883246,7.846295375,0,0,0,5608.380489,99.23941017,177.7755785,0,0,0,0,0,0,0,0,14.18493923,0,0,98.75989902,646.8920165,0,1805.899573,14.32506445,70573.40733,0,0,0,2.952037663,8.499045925,51.33017546,0,6.824132314,17.03641012,0,0,0,0,0,0,0,68.55331829,0,3.800679398,94.6742602,7.345437736,23.32646713,0,341.5518403,0,0,0,0,0,0,0,33.17313963,0,1812.899481,0,0,0,7340.993874,47.9451984,0,0,0,9.78157289,0,281.1631332,0,878.6412768,413.2945668,186.8940789,0,0,1480.348653,0,0,0,9.512609419,24.66565861,0,0,0,72.29361345,0,187.9432736,9.915174556,0,0,0,29.14976673,79.80768891,0,0,348.4634156,3315.035888,294.02718,21.47829269,0,674.79672,0,0,0,0,0,15.36710655,0,0,0,0,0,5.234813523,9.792178176,0,0,0,0,0,19.75592648,0,136.4831651,0,0,0,5.803201583,0,0,0,0,0,0,0,220.5777725,0,0,146.5154349,0,0,0,0,0,0,0,0,0,0,0,1191.663026,0,60.58594497,12.04536347,0,30.00544365,0,0,0,0,0,44.64038493,0,0,8709.274597,0,83.51535429,0,0,0,0,19.08087721,0,0,0,0,0,0,0,0,0,0,28.13413515,0,8.942903868,585.4551029,0,0,25.17002361,0,62.75401473,0,0,0,19.92274552,14.62367527,282.147081,0,270.6493905,0,0,0,0,4.57630997
"113","10208",105.0352427,0,14.37131029,101.0788743,0,0,0,18.5348544,85.95186186,0,0,28.07702495,130.214355,4400.695491,488.8671222,0,0,0,35.44873677,0,23.06839429,0,132.7941239,32.58051303,0,1128.78504,0,0,320.6444983,8842.114899,0,62.49750482,0,0,0,237.0081336,0,0,0,0,0,0,0,112884.3457,8872.265388,0,0,115.2319675,1.765653379,0,0,0,0,16.67809277,318.6207873,0,0,0,159.2384726,624.3936769,0,0,128.7478092,195.6978166,0,0,0,0,0,0,0,0,2.108604472,6.280954769,34.30907081,0,0,896.0849575,0,0,0,0,63.98375255,0,0,40936.16426,49.33294243,0,0,0,0,0,0,0,0,60.60777634,0,289.5346289,0,0,0,0,0,514.2209567,0,503.1736865,0,28.03119693,0,1166.641126,16564.32702,0,0,0,0,0,0,1430.692609,0,0,1456.847653,0,703.7699348,0,0,0,0,116.2728481,0,0,0,0,44.93574038,10.51197287,7.65000745,26.41900851,0,0,454.4515322,0,0,381.4176719,544.5980762,0,0,0,69.14357165,0,27.94427485,75.86982611,0,11.3239555,0,2122.111614,20.50677924,0,0,0,0,0,142.7862828,0,0,0,54.23858959,0,0,67.62171311,0,5.20084245,1486.892692,6947.056299,0,5171.576792,6.512756197,118.8808906,0,0,46.72042137,0,0,450.3528275,0,0,70.63383557,141.2729461,0,0,0,0,14.97527711,0,24.65939154,77.09539825,62.81250413,320.3004571,41.43340096,9.42712171,90.98996905,0,23.40405123,638.4378092,0,115.6991241,169.9230517,126.6649458,0,276.1235742,35.66245294,66.53944942,0,0,0,60.79703045,74.01168563,2684.453067,43.68642931,482.156976,168.7463437,0,0,0,0,21.86668239,0,0,40.29876557,66.13519293,0,0,11.51879085,0,11.40231992,0,0,32.79228961,3.306222071,0,0,0,24.68459244,0,0,87.35444596,0,689.8357535,0,38.38458488,0,0,0,0,0,88.09517019,8028.022381,0,17.69617147,0,0,0,0,0,217.3782202,11.3968191,0,0,93.87171647,98.7018564,0,1291.592528,153.9559628,0,0,0,0,0,8.189898403,8250.275031,0,0,18.34640899,0,0,145.0042983,0,0,0,0,0,0,55.17040582,144.3502323,14.97563217,0,0,683.242582,0,0,0,596.2011831,0,0,0,266.8054018,0,2914.504583,0,401.0404943,0,811.9752889,0,0,0,0,11.19726731,0,1164.577154,0,0,0,556.6446806,0,0,438.181192,0,0,0,8.736257214,0,0,0,0,207.5478395,14.94833466,984.2095397,54.15405562,102.3143864,51.22047783,0,94.24518723,0,0,0,0,704.5006965,0,7.562519704,0,9045.062986,0,0,0,0,0,46.6628527,0,0,3.349849765,0,0,75.46937661,4.98282243,0,0,0,0,0,3297.921314,0,1154.683373,0,0,1.973378968,0,0,0,0,0,0,379.0933156,0,495.6327251,0,0,0,0,0,0,0,0,0,0,0,0,0,0,4656.590642,0,52.78077659,5.524495666,0,0,0,0,0,0,2335.249838,0,0,0,13832.65911,0,76.62751436,0,0,0,0,113.6138788,0,0,0,0,19.84458628,0,0,0,0,0,38.87482026,0,60.10851508,15343.30591,8.232326386,204.4448075,58.54907174,0,190.5226763,0,7.88547738,0,27.96513057,34.09493638,86.92824651,0,0,0,0,0,0,55.49932387
"114","10215",42.72624791,0,10.27965591,20.95614697,0,0,0,19.98077098,0,0,0,25.49107778,0,1967.540919,237.7094779,0,0,0,43.76323232,0,0,0,181.0045878,25.46438736,0,1650.362148,0,7.879051629,65.22002426,2560.668789,0,54.74893391,0,0,0,99.00536899,0,0,21.48838105,0,0,0,0,43648.42738,3722.425415,0,149.6515776,29.1169426,3.236580782,0,0,0,0,36.43944688,88.47723982,0,0,0,43.87461473,280.5532545,0,0,40.87673747,12.20331945,0,0,0,0,0,0,0,0,0,0,0,3.121868495,0,886.7689816,0,0,0,0,118.6232899,0,0,77801.60177,48.4087126,155.1717197,0,0,0,47.30018094,0,0,0,0,0,0,63.05707578,0,0,0,48.55926858,770.2085916,0,619.993519,0,11.68575053,0,641.7813777,18863.27025,0,0,0,0,0,0,938.493522,0,0,872.3790431,0,0,0,0,0,0,73.5697572,0,0,0,0,0,6.995476891,0,9.295249778,0,869.7266224,2682.151908,0,0,331.496876,89.81933155,0,0,0,47.5810888,422.0856446,87.26888213,78.00877339,0,7.937025128,0,155.6760456,0,0,0,0,0,0,105.5125681,0,0,0,0,0,0,24.45784817,0,0,1004.132066,420.8990986,0,4002.454497,0,45.08075654,0,0,0,0,0,130.4282284,0,0,54.70863071,0,0,0,0,0,0,0,25.64157342,7.879927979,15.84997628,244.1788933,0,1.818415189,199.3400199,0,26.93681383,581.2866749,0,159.5712016,46.71896641,94.63961974,0,1008.695248,11.08230932,0,0,0,152.3038658,59.02375051,0,185.3655133,0,531.593324,0,8.811323973,0,0,0,25.99968448,0,0,55.28426498,44.32185791,0,0,16.71781069,0,15.08222419,0,0,62.61262169,0,0,0,0,0,0,0,0,0,279.4286456,0,29.4819517,6.056441394,0,0,0,0,0,188.049618,0,0,0,0,0,0,0,44.70525502,0,0,0,83.9711109,451.7936342,0,1328.761341,119.3731703,0,0,0,0,0,12.10300502,890.3328393,0,4.162994408,13.39987068,0,0,0,0,0,0,0,126.947585,0,11.82994544,46.88992534,18.79348663,0,0,436.9721859,0,0,0,0,0,0,0,209.3584582,0,809.5400396,0,0,0,258.2550153,0,0,0,2.512026499,17.31984731,0,488.0503057,0,0,0,169.2195563,0,0,884.3991163,0,0,0,0,0,0,0,0,86.66405995,0,212.9128223,18.90955471,0,0,0,0,0,0,0,0,792.1064178,0,0,0,728.4154497,0,0,0,0,0,51.36630409,0,0,0,0,0,22.71827336,0,0,0,0,65.15549485,0,97.94458989,180.7581556,135.0645797,0,0,0,0,0,0,0,0,0,0,0,451.9124137,0,0,0,0,0,0,0,0,0,0,0,0,0,0,1081.49829,0,8.472951878,0,0,0,0,0,0,0,85.55399859,0,0,0,4584.323627,0,10.62859352,0,0,1850.518249,0,53.24043514,0,0,0,0,0,0,0,0,0,0,38.7327766,0,0,8049.235436,0,0,31.95363684,0,78.14310487,0,0,0,26.29444786,31.45663779,133.0790616,34.16375244,448.1520152,0,0,0,0,5.079750422
"115","10235",177.939314,2.963254006,17.07532623,26.22991446,0,0,120.2132547,31.68286555,157.6363071,0,33.53315786,34.98468942,0,15152.47585,681.1170374,0,1182.476398,0,69.84074654,3.910949426,30.54376193,0,166.2642072,0,0,843.1438817,0,24.40431102,70.39936113,5406.114885,0,43.00094803,642.0784513,0,0,1544.770749,47.60176963,94.02637585,113.0930526,296.9897602,0,0,0,47410.64476,2104.578352,0,0,75.02686228,164.4077092,3.018249981,0,0,0,9134.881742,306.6347515,0,0,0,134.4862661,351.1845929,25.59652626,0,796.2033967,785.4505644,0,3.28848502,0,0,0,0,0,0,3.246484748,14.77034786,0,3.72653684,0,5872.291475,0,0,0,133.3600473,115.9724463,0,0,608.8162114,13.50082371,0,8.813593807,0,0,0,0,0,0,0,0,86.05439592,0,24.24425739,98.46711237,0,342.6972555,360.359848,105.6393381,1275.35925,102.8523968,0,0,1162.142428,11084.92211,0,6.37024049,0,0,135.5886303,14.26580047,742.7578236,0,0,9361.310635,0,316.5800622,72.85773372,861.8473503,0,82.30506207,132.1874443,0,0,0,0,25.39388759,14.04057239,10.10721061,18.60107904,0,0,1774.978862,0,0,2352.406834,138.2775601,0,0,0,144.8605978,0,150.7165433,0,0,8.942248879,0,1448.32924,26.1849208,0,0,0,34.41460184,0,82.66635987,0,0,94.48898349,91.16157626,39.07924199,0,760.2585273,0,0,4033.352024,4611.791005,0,19390.01602,0.885410419,127.2900329,106.9612952,0,172.6804248,0,0,170.7946093,0,0,92.53935517,0,0,0,0,0,0,0,13.89619875,62.95519588,46.09773174,522.8632713,55.93694648,7.159619318,591.5469532,79.52367219,50.37814613,519.5516475,0,399.4858893,120.3163744,195.203094,0,330.7585258,37.71593482,11.65403377,0,31.25127919,336.4577419,135.9873539,0,952.9354451,31.30859412,418.4769859,141.3668806,0,0,0,77.75508544,53.79647235,0,0,83.33242915,31.24283105,0,0,15.51303076,0,4.745710636,0,3.836979752,0,5.909310733,38.50067215,0,0,0,0,0,46.3636436,158.4267752,385.2541522,0,17.86558055,0,0,0,0,2847.920604,0,4416.007855,133.9118251,135.5267061,0,198.1909061,0,8.065596063,0,53.35071023,0,0,512.7235795,0,143.5660078,0,6968.602198,62.89913212,32374.54452,0,0,0,0,4.992894952,4484.763159,0,4.335864819,17.87719162,2.996448565,0,2396.397615,0,0,165.732368,0,57.55087494,0,85.43939568,1185.965246,24.28515682,0,0,639.4615589,0,0,0,0,0,0,0,207.2330793,0,2991.806697,0,0,0,4053.243767,784.4446609,84.53516468,21.03314689,0,14.05036019,0,2047.1704,0,0,0,387.3586072,0,0,312.9238432,0,0,0,25.1377733,3.825558631,0,0,0,341.1815332,93.0223321,1234.765646,168.4118975,79.34898898,84.50472441,26.75492997,149.1617402,139.8590439,0,0,0,1188.990998,330.1885483,0,0,5171.666238,0,0,0,0,0,18.08294307,0,0,30.72006777,1374.225397,0,7.781154665,8.745917188,0,0,0,7.254347509,0,0,0,3439.231816,0,0,0,0,0,0,0,0,0,164.1350259,417.0756468,482.9587031,0,57.7866087,626.3293237,0,0,0,0,0,0,0,0,0,0,0,1603.926564,0,193.5445286,21.19596853,0,0,0,837.0537131,0,0,0,0,0,0,2504.303884,16.25544123,163.7681834,0,0,214.1900038,0,44.1852602,0,9.086057366,0,0,0,0,0,0,0,0,8.69025716,0,30.76858688,14138.86434,5.028029152,230.0826892,1102.558584,0,0,9.544647342,9.613937225,2.070414988,116.0475776,18.50662988,62.56689227,45.3112413,0,0,0,18.12370464,0,32.77841088
"116","10254",0,0,14.51375973,86.77503218,0,0,396.1960559,37.51438953,0,0,0,22.37799858,0,3807.774839,127.0471096,0,1310.73539,0,32.30667395,0,150.0302388,0,48.3669876,0,3.746371478,511.1575151,0,17.46935959,60.90499306,3004.704677,0,690.3729889,378.862784,0,0,119.495799,0,85.77576586,189.6565316,0,0,14.34587232,3.372482278,41146.41866,37.33410993,0,0,156.8351847,2.745301563,9.362171225,0,0,0,103.585666,85.56260098,0,457.1616161,22.01955693,86.17815595,271.6027453,13.38192128,0,619.4711037,12410.63323,0,0,0,0,0,0,0,0,0,7.513193502,29.8930948,2.99492585,0,801.5908785,0,0,0,0,45.24872613,0,0,328.8946333,695.4984187,71.98673841,0,0,0,34.01026224,0,8.091253448,0,0,0,0,0,38.36507572,0,0,0,39.7846081,0,853.4141403,0,22.48090004,0,1030.73411,9747.740152,0,0,19.75468736,0,22.96971967,0,2854.196593,0,0,1399.98188,0,54.73225982,69.45422392,11.98028672,0,0,43.38472484,0,0,0,0,504.3343856,82.45667654,11.05911482,17.78736021,0,231.9464292,1527.718371,0,2474.93427,332.5657943,1.788750656,0,0,0,39.08409214,0,57.6486138,0,0,89.62999003,0,173.8666654,10.54300196,0,0,0,215.2294747,0,99.45244118,263.1481301,0,20.51312402,0,363.685497,0,13.29670198,0,0,1551.086459,448.6566308,0,1101.568529,0,271.6067405,200.6327451,0,0,0,0,29.97772343,0,0,49.88708522,0,0,0,0,36.73178259,0,0,110.4523153,5.000089625,24.54848813,105.1049632,0,0,37.47618136,0,16.00914868,1128.379806,0,142.2839144,47.56030026,0,0,455.2742804,16.31229358,0,0,0,0,15.76927202,11.31335068,34.72119964,22.31614606,0,0,0,0,0,0,31.27468291,0,0,29.0812948,15.00034504,0,0,6.660571456,0,10.52142185,0,17.14557748,0,54.21007764,0,0,62.01619358,0,0,0,0,0,118.0344585,0,0,37.82417012,34.42832561,0,0,4140.930079,0,208.5224284,0,0,0,0,0,0,0,0,30.54092156,0,0,930.7908406,10.68463635,0,332.3421448,149.3904247,29673.3171,0,0,0,0,5.851045309,116.1379817,16.70210599,9.858300768,0,9.962193282,0,0,77.33342371,0,0,0,18.58492235,1.00233763,24.71777446,194.4697152,52.02602095,104.6357649,0,752.0652325,0,0,78.79845574,523.9173134,0,0,0,444.8439354,0,2237.397489,0,0,0,996.7820621,0,0,24.79810092,0,0,0,296.0614526,0,1509.384584,332.9043159,125.7267578,0,0,256.091056,6.132472017,0,0,100.2921614,552.6047341,149.5816242,0.837192148,0,82.43909189,0,182.2821429,7.127438056,0,0,0,0,18.21934288,0,0,2854.20921,152608.5111,656.2188906,62.81192328,0,640.9313097,845.8246857,0,10.13390892,0,0,0,0,0,0,0,18.02279578,0,197.7883721,0,5.371452953,0,0,0,0,0,262.9135239,0,0,0,0,0,0,0,0,0,0,0,1261.434307,75.29139518,0,0,0,0,0,0,0,0,0,0,0,0,0,0,0,279.2355956,3.795999706,0,0,8.440609846,178.5225192,0,0,6.925775856,192.6297826,0,9.83339281,8140.790589,53.41978913,276.7340377,41.16652949,0,456.3420287,0,6.177322648,45.95785127,7.92942894,62.4519926,348.1937311,0,0,0,0,0,0,71.77517031,0,11.94101604,1004.517885,5.555373545,86.82360369,9.441333302,0,0,7.383146741,12.31554812,0,50.08206087,5.291122998,287.3596553,0,1323.989143,0,0,0,0,40.13877213
"117","10259",134.0248653,1.627137382,11.78152466,14.67711007,0,0,0,62.83893694,90.72260321,0,0,27.55614754,0,2054.030195,346.4622533,0,1305.31418,0,65.70576696,0,43.34427726,0,84.20074346,0,0,804.142867,0,21.2879942,217.7360757,3541.063236,0,47.42999705,354.7175988,0,0,327.1464606,16.36266926,0,23.1254009,301.3970393,0,0,0,42205.82652,3663.557164,0,0,12.69419052,1.336097759,28.75442107,0,0,0,386.0250626,134.120952,0,0,8.549446383,21.51464451,306.7594632,28.67858004,0,48.55662955,69.5172322,0,3.979291189,0,0,0,0,0,0,0,0,10.8192177,0,0,0,0,0,0,113.8252258,151.8847057,0,0,318.9254708,0,0,0,0,0,0,0,0,0,0,0,180.0397734,0,0,45.2440089,0,0,436.2644077,0,715.6972087,50.39282486,0,0,524.5922298,12162.45742,0,0,17.56520819,0,0,17.48532572,1683.202414,0,0,2114.455327,0,179.7158928,74.74851548,136.7509019,0,0,44.36085171,0,0,0,0,56.152705,4.810128455,57.07353725,8.786912706,4.466544371,0,223.6888866,0,0,405.8347107,153.4884534,2.686142487,0,0,44.34246365,0,38.49075897,0,0,9.69953872,0,363.765092,18.03634313,0,0,118.3207133,3.641088288,0,107.4489636,0,0,26.24962625,70.90851237,0,0,77.02791508,0,0,608.9783276,992.1480394,0,4176.904631,1.701293056,37.33330432,46.66403442,0,0,0,0,133.0532008,0,0,55.14347222,0,0,0,0,0,0,0,0,22.88566868,72.55528859,621.594974,0,0,17.86226136,0,74.35900349,417.5354335,43.6019186,179.5242693,61.55407911,60.39821784,0,207.0065454,8.595831885,0,0,0,0,78.14895147,0,1449.01116,22.74232911,496.2306267,0,17.86983078,0,0,0,28.02534381,0,0,79.34038475,34.6328817,0,0,9.073334272,0,13.71722734,0,0,0,0,15.59569377,0,0,0,0,0,0,0,859.2102646,0,169.1367425,0,0,0,0,4965.314483,675.9428384,439.9558627,0,13.72650517,0,0,0,0,0,49.40530242,7.45286075,0,0,0,161.1738203,0,1172.800286,17.05319553,35465.94196,0,0,0,0,24.21834861,2871.845436,0,3.738691232,20.63863483,0,0,0,0,69.99591599,0,0,0,0,72.82797699,81.65143221,78.02564628,9.921870774,0,354.7187609,0,0,0,0,2.332686318,2.821112624,0,93.72373409,0,608.8051396,3.33223042,0,0,7000.659216,58.52837746,0,0,0,0,0,787.2218795,0,0,149.7949907,0,0,0,261.0252838,0,0,11.88312561,6.680237923,0,0,0,0,102.9681483,0,421.7590892,92.70970462,46.27780257,31.95258713,0,51.56909918,77.05393839,0,0,163.3142014,596.4385052,306.2066693,0,0,1003.787027,0,0,0,0,0,15.96041545,0,0,3.512660052,670.5292849,3.674228252,20.36989457,8.805443311,0,0,0,0,0,0,0,238.5377611,0,0,0,0,0,0,0,0,0,0,0,399.5682423,0,0,70.16101482,0,51.21421479,0,0,0,0,0,0,0,0,0,0,0,19.6629223,13.97246102,0,0,0,785.3080994,0,0,0,0,0,0,1427.207447,89.22826013,87.59329504,0,0,1240.344024,0,144.4763959,0,219.0263928,0,0,0,0,0,0,0,0,13.93996922,0,9.224535802,3436.230362,0,217.8893521,45.45672499,0,0,0,14.10813618,0,37.54429243,13.18021149,53.66313989,53.57650973,0,21.94360628,0,0,0,68.15506123
"118","10269",57.28733988,0,0,123.8682388,0,0,510.6480366,155.748946,100.8803867,0,0,24.22675597,0,5475.581023,413.9831807,0,2142.206503,0,78.16710902,0,33.71733803,0,195.8247841,309.9971368,6.85844589,1349.135446,0,83.08885562,266.2848664,7163.626694,0,164.6680605,37.94034146,0,0,194.9973032,31.7941679,252.8978267,368.7305864,594.9532282,0,221.5024469,0,24797.50661,2509.610661,0,151.9761717,305.8136403,76.34503271,6.518782984,0,0,0,680.095943,293.3008683,0,1101.879469,39.02061545,155.3082026,941.7501052,66.40118289,0,4848.376034,32040.37022,0,5.314651525,0,0,23.78205896,0,35.65932536,0,7.247110104,54.82340479,161.7122888,6.281595607,25.53775028,1449.798833,0,0,0,128.2846256,89.81175593,0,0,383.722516,132.9779112,0,0,6.025831172,0,68.77583688,0,4.229718602,6.603697198,0,0,47.57684971,0,0,23.19662666,0,116.185707,93.05750984,0,1220.636947,0,57.59084815,0,1985.183235,27637.76766,890.7742474,0,58.80558434,0,1409.130774,0,1198.836579,17.18678439,0,4003.434426,0,355.3160736,137.011473,54.19270062,0,0,97.97707668,0,0,0,0,1580.582596,178.2744837,11.62744289,29.63401845,7.198725947,617.2523544,2635.199801,0,10765.98039,1277.930298,5.895655944,0,40.5622515,0,40.77379132,0,271.0826764,0,0,74.34979818,0,353.7105661,39.31762261,0,0,0,406.2581421,0,199.6908153,502.3914363,0,31.04046239,35.59919884,1550.747171,0,45.12815502,0,7.863640141,1235.022936,1058.359047,0,3914.553901,0,154.5675559,69.9606475,0,0,0,0,143.4474559,0,0,180.6727795,0,34.4015594,0,0,0,0,0,134.8637887,6.347630534,16.58688242,144.5412,0,0,200.0635385,0,30.5422499,1468.077842,0,325.1909789,290.6097774,260.4766262,0,852.0116784,53.43459398,0,0,0,255.3987301,41.9537451,0,105.2213858,52.89545886,616.3365276,202.8646454,0,0,0,0,68.49940771,0,0,34.18184654,46.66652933,0,0,9.16584566,0,26.00125943,0,0,0,66.53433427,0,0,0,89.31440333,0,24.35619233,147.1693723,0,434.6226521,0,0,25.55202318,99.69492182,0,0,5248.750001,69.40881031,443.9067246,0,29.35383147,0,0,0,0,0,133.4401873,20.29555564,0,1886.106001,0,263.9911607,0,1857.840215,140.4394344,21106.58367,0,0,0,0,8.67558455,260.620766,0,14.82720886,24.70579536,26.82549378,0,368.4869468,119.0247535,0,100.6854689,0,60.95584012,0,73.01512406,708.7256968,163.0786047,43.3831951,0,1468.232722,0,12.45038362,319.5446836,0,0,4.077980463,0,392.0948694,0,1982.28023,0,0,0,2243.395291,0,0,0,0,425.8065687,109.286971,830.694069,0,4258.082066,0,0,0,111.7562813,705.2996138,8.704564269,0,8.546591238,1223.544159,1879.280185,0,0,0.663812345,272.0757924,63.54500762,514.9993675,109.0934725,49.83824181,0,19.54615498,62.30682252,138.0288339,0,0,11419.44534,171644.348,1489.962853,177.5054863,0,1434.128123,786.7837475,0,27.17396048,0,23.0790692,19.99692806,0,0,3.051972572,69.12850264,86.51904669,8.176786988,353.9111607,0,0,171.9395922,49.02707182,0,0,55.99305412,510.1730471,0,0,0,0,0,0,0,0,0,0,0,1070.026086,158.3082754,0,0,0,28.50500536,0,0,0,0,0,0,0,0,0,0,0,94.55922506,9.257038477,0,131.007949,21.95201368,453.8008397,0,0,0,2959.316573,12.60607584,19.8694248,3628.623344,15.78102058,7465.466879,0,0,1971.156166,0,0,0,0,156.5620015,0,0,0,65.22574447,0,0,0,50.49706937,0,35.93678247,4036.997905,7.831638174,418.3799977,70.91809451,0,0,10.80265679,38.45051202,0,60.37193878,17.24403523,895.9756227,0,1200.884364,0,0,46.4561166,0,145.2575847
"119","10273",0,0,13.82522003,29.71615444,0,0,0,0,0,0,0,12.82078063,0,2573.321058,187.5102579,0,1446.701169,0,41.83205433,0,19.14519776,0,84.31760489,18.88213188,0,2134.442693,0,0,248.8714351,2189.434112,0,55.658834,40.35873421,0,0,132.8940944,0,0,57.7400183,294.0968823,0,0,0,32198.03684,184.6420895,0,0,65.78745587,7.380122917,4.182047274,0,0,0,895.6564703,137.8855909,0,0,0,13.5794634,349.2232642,28.15252922,0,521.708302,155.9422968,0,3.122888554,0,0,0,40.83134842,0,0,0,8.494975822,18.49521348,6.345919392,0,4778.332294,63.89186125,0,0,104.3256817,50.12630623,0,0,0,82.69889763,269.5541106,0,5.845579643,0,52.04320701,0,3.961052363,0,0,0,0,0,0,0,0,0,45.59509519,0,1406.821798,4.872847211,0,0,610.61463,24110.94877,0,0,0,0,0,0,1557.19129,0,0,3037.304145,0,0,56.55956889,89.44297759,0,0,150.4005475,0,0,0,0,0,25.43788248,15.32739125,15.77394712,0,0,361.0953894,0,0,606.9215057,46.03617456,4.996105399,0,0,28.75525609,0,17.89466815,0,0,14.9321248,0,501.4591494,71.01189567,0,0,0,0,0,54.16728609,2036.493353,0,19.85564051,5.05005983,0,0,13.68799536,0,0,365.5314324,1523.457721,0,4615.498751,0,38.54619585,0,0,14.33364653,0,0,127.789139,0,0,115.3245641,0,0,0,0,0,0,0,17.26687955,1.098518027,5.999309106,43.19892065,0,0,10.54535923,0,8.417620142,1282.144123,0,77.58316413,44.37327297,0,0,809.5409199,16.91486242,16.2320991,0,20.15077166,0,49.22863738,0,20.34827716,0,189.2216315,0,5.729882716,0,0,0,44.43432486,0,0,29.41552712,40.82373503,0,0,19.68387922,0,15.70532435,0,15.75684461,0,8.780874102,0,0,0,0,0,0,0,0,423.1602309,0,0,30.26096809,0,0,0,4734.813743,0,520.8751372,0,0,0,0,0,0,0,0,5.014950036,0,0,54.63781083,975.1426294,0,1441.521161,12.12554408,24098.45968,0,0,0,0,0,130.1382984,0,11.2442637,15.64378685,5.278751411,0,0,0,0,0,0,27.72291617,2.003038373,20.18827677,125.7613261,0,8.614225896,0,382.2681793,0,0,0,0,0,0,0,80.03273677,0,981.4046123,2.543651941,0,0,2626.29971,65.67661489,0,14.90487469,0,53.75394055,0,473.4192194,0,0,257.9874225,268.2087403,0,0,566.650256,0.590646599,0,0,148.8427796,7.823930979,0,0,0,182.2604589,0,350.9240631,11.0888468,0,0,0,34.32345426,46.39579805,0,0,0,1399.827233,116.7418826,24.42657861,0,1249.413269,0,0,0,0,0,0,0,0,0,68.45696866,1.981787412,0,0,0,0,0,28.55872405,0,0,0,281.8264574,0,0,0,3.199562117,0,20.27454557,0,0,0,0,0,555.7666926,0,0,0,0,0,0,0,0,0,0,0,0,0,0,0,0,36.43485757,0,0,0,0,0,0,0,0,0,0,0,4844.653573,28.49033738,25.10730777,0,0,439.0821681,0,13.93723597,0,0,0,0,0,0,0,0,0,0,21.51444153,0,11.5339832,679.6211023,5.39234698,386.9503876,19.24188551,0,0,14.03102638,10.46136864,0,54.90419681,8.620815021,215.4027454,8.331436716,0,0,0,0,0,22.19779566
"120","10274",148.0773324,2.193164059,9.805212392,34.10972031,0,0,0,55.52638343,76.15383227,0,0,34.78824417,0,19799.0275,1635.40564,0,1258.437082,0,49.72784579,0,27.32311723,0,80.66530809,0,0,831.250699,0,34.5643275,615.7712404,5920.275102,19.74391813,58.30101524,705.8919194,0,0,2029.105286,32.67832245,0,93.7636356,545.3174966,7.407013896,0,0,23411.57635,1805.59073,0,0,99.37549928,188.8084454,13.58152087,0,0,0,22499.41962,1795.197228,0,652.6094431,0,84.60920453,619.5803339,34.52937429,0,1576.714959,966.4666118,0,4.619813738,0,0,0,0,0,0,4.334657149,6.365989611,0,2.203264983,0,3275.829222,0,0,0,132.611249,73.20404831,0,0,687.1161055,0,59.77031611,0,0,0,43.79525562,0,0,0,0,0,0,0,0,0,0,170.0723343,798.0884214,0,636.6144105,30.71597467,24.6743133,0,1263.359931,9984.56053,0,0,174.7707471,0,137.6600397,19.92708557,1096.424538,0,3.561714174,14875.01798,0,0,81.54434517,1995.10854,0,0,83.29596713,0,0,0,0,66.11685737,33.32456344,70.83382732,15.38853516,3.733035785,0,0,0,0,2604.821332,145.5837908,0,0,0,361.5022927,0,32.11491853,0,38.35071428,9.33652441,0,4443.379893,21.61839718,0,0,103.3663042,0,0,32.61513532,0,0,0,29.78269088,411.5165558,0,1148.68565,0,0,1123.610877,11307.60737,0,7433.994822,4.380676255,70.90503859,0,0,272.7159393,0,0,297.7623189,0,0,183.0393082,0,0,0,0,0,0,0,0,21.7204005,138.4056693,304.680383,0,0,240.6284111,0,31.38290289,2331.972401,133.5633371,206.8470855,58.07032028,152.9282538,0,234.5788039,65.54799523,75.43774905,37.49743846,0,0,187.3912312,18.61135492,1477.782797,72.33961187,475.7274498,0,18.74621921,0,0,0,73.15220663,39.27986094,0,31.4562668,26.53577362,113.3480362,0,12.2237662,0,10663.31651,0,5.73466445,0,14.58484631,0,0,0,0,0,0,0,38.62494475,5135.919006,0,18.03750495,0,49.6130837,0,0,1652.400386,0,3419.525675,96.96596449,50.75496361,0,171.1427717,0,0,0,69.07283494,12.57016349,0,2402.932723,40.76725353,188.018848,0,481.4253816,105.6945159,40347.42584,0,0,0,0,12.59779794,4812.385465,0,14.69239026,11.76720475,0,0,1265.550431,84.41047916,0,50.21385604,0,0,0,80.67560296,328.3700896,33.06649356,0,0,478.7579175,0,0,157.4777101,0,0,3.605014079,0,247.2612349,0,601.6700932,0,0,0,1796.543789,273.2820194,152.692722,0,0,33.80299555,0,1415.891742,0,0,181.0911354,720.9539685,0,0,258.2127771,0,0,0,12.12326593,4.434171636,72.75678629,0,0,118.5554168,108.3087893,1799.45068,145.4278578,69.17432157,51.09989586,0,186.2742174,133.8981019,0,0,0,1055.326623,287.0867954,0,0,11369.75076,0,0,0,0,0,23.8263477,0,0,30.9958871,1899.075793,3.85907824,9.634220021,0,0,0,0,0,0,0,0,2202.020488,0,0,0,0,0,0,0,20.85117283,0,145.2895442,0,368.5977022,0,208.126678,652.5966798,0,0,0,0,0,0,0,0,0,0,0,183.7308314,0,443.9577696,45.40570164,0,0,0,892.9935119,0,0,0,0,0,0,1070.169932,89.15849785,139.0741266,0,0,731.7750188,0,70.50007187,0,0,0,0,0,0,0,0,0,0,13.57003765,0,31.5602394,17303.75994,16.46074869,252.2553856,1455.62797,0,0,12.54288186,19.02388761,0,56.04248464,13.52871951,61.60189152,55.49718522,0,13.37874034,0,0,0,67.95632164
"121","10151",26.37366397,0,10.1916839,21.44924519,0,0,67.05277768,56.41629823,15.39056684,0,0,20.31100672,22.03400202,7066.92011,229.2242741,0,681.729208,0,48.93407963,0,17.30469076,0,57.22068689,0,0.671085829,1443.121665,0,20.50851991,169.8728096,4286.314735,0,37.90316343,0,0,0,326.6266047,22.43281296,13.41366564,109.7007313,0,0,0,0,40290.15161,5016.591539,0,35.05531053,127.3234265,2.299024843,0,0,0,0,4147.377565,606.4267383,0,0,0,0,729.0620704,0,0,677.2597227,1898.125263,0,4.32738898,0,0,0,0,0,0,0,0,12.30780769,0,0,4100.816593,0,0,0,0,82.93536899,0,0,45030.96096,32.18525852,62.66676938,0,0,0,10.65728772,0,0,0,0,0,0,0,0,28.68172516,0,101.2958104,195.2423899,0,663.2670679,0,19.74576796,0,1448.298201,22378.2823,0,0,15.53505905,0,0,7.696197235,1268.666731,0,0,9968.564001,0,252.0123028,0,323.1989326,0,19.36210667,0,0,0,0,0,115.8946393,38.33712051,0,23.89480856,0,0,195.3468336,0,69.48498181,1408.920156,29.37002659,1.792753442,0,0,57.93310556,0,30.9271578,0,0,40.6855719,0,2409.423261,25.66918985,0,300.3818613,113.3319241,528.0939545,19.41518702,607.9061345,58.69287112,0,15.60847789,17.00182709,0,0,38.42904281,0,0,1583.978571,4801.761986,0,7329.746296,0,71.95108691,49.58930537,0,0,0,47.10199452,350.5202886,0,0,93.17722842,0,0,0,0,0,0,0,59.26620735,11.91373584,12.57614067,129.9487365,0,4.901541068,31.23337246,9.877250666,5.685915389,839.5627882,0,270.7128407,112.176457,62.77938522,0,555.6442016,12.32124327,17.4230899,0,0,52.04987893,104.807798,0,85.37632451,19.90861725,384.4450127,0,0,0,0,0,30.27194902,0,0,0,37.8103885,207.2575719,0,7.202212636,0,16.99169197,0,4.392065997,12.63038304,13.07952856,0,0,0,44.95853858,0,52.91073879,22.88069658,0,1412.621203,0,0,0,18.47697031,0,0,9228.875517,0,1789.232342,0,0,0,0,0,0,0,42.44250541,0,0,847.1518857,27.61273532,172.469372,0,1183.466829,469.0864066,94881.08323,0,0,0,0,0,830.3094499,0,9.528999213,22.9977237,0,0,0,64.39665235,53.01495899,39.99193166,0,0,0,39.91242938,242.1926699,35.95924205,6.600629249,0,699.5730526,0,0,0,182.3401634,0,0,126.5482067,97.95500586,0,19233.59234,0,0,0,794.8931581,355.2385025,0,0,7.005245139,11.85893891,0,1034.0977,0,399.5069302,184.8063996,89.94933407,0,0,635.3710262,0,0,0,22.90520644,28.60514145,7.958852353,0,0,336.984138,0,517.4358361,12.64328886,0,25.76496668,0,45.24804367,45.56741563,0,0,208.2381743,10231.55703,479.7811844,29.23389436,0,5415.603259,0,0,0,0,0,0,0,0,0,0,0,0,31.55779532,0,0,0,0,0,0,0,652.7595705,0,0,0,0,0,0,0,0,0,0,107.9490876,202.3692215,0,0,86.64508798,0,0,0,0,0,0,0,0,0,0,0,492.7367728,0,104.2227313,0,0,12.9676351,0,0,0,0,34.75276067,0,0,0,3797.960234,0,74.15015137,0,0,3073.188103,0,20.96597006,0,0,0,0,0,0,0,0,0,0,26.07190709,0,14.33797084,4945.603027,0,213.3665027,20.1974899,0,1257.486385,0,0,0,0,8.360815148,67.83950249,0,0,30.14028949,0,0,0,58.0526247
"122","10183",41.73088775,2.147710784,8.449804862,27.88263515,0,0,152.8656047,15.63945621,24.43878868,0,0,15.74448223,0,16161.41547,1753.832759,0,1721.977993,0,30.06821872,0,45.41376645,0,38.53598005,0,1.036029885,1037.989102,0,24.81633862,198.2013569,3218.238974,18.29963856,66.43616527,0,0,0,597.6292823,21.01055702,0,45.72974342,0,0,8.884749258,0,12920.77272,324.2761351,0,0,133.2990446,0,0,0,0,0,16858.18531,159.1006294,0,0,0,40.43343665,182.1360591,0,0,467.9085645,333.7051475,0,4.453560731,0,0,0,56.8959518,0,0,0,0,8.993053296,0,0,783.8949926,0,0,0,0,85.95868204,0,0,58898.81466,0,63.82778334,0,0,0,32.35648425,0,0,0,0,0,0,0,0,0,0,82.4490736,224.4449737,0,1579.252096,0,20.91783121,0,420.1412116,13723.14679,0,0,0,0,252.0879203,6.871796863,1806.827018,0,0,905.9482645,0,0,0,311.954828,0,0,0,0,0,0,0,19.33243158,8.99903513,0,4.007556878,0,0,108.1642952,0,0,160.3374224,13.38909239,0,0,0,65.22419253,367.2013054,458.757382,0,0,0,0,2281.004527,0,0,665.074637,299.3031332,36.95007449,0,0,146.3386663,0,29.88418913,4.870285377,0,0,174.2227584,0,0,1729.700465,5345.317884,0,2777.953154,0,110.3335544,295.1918812,0,8.544788638,0,77.75341715,28.18995659,0,0,189.8205438,0,0,0,0,0,0,0,8.105469514,2.052912117,9.870712676,43.0792066,0,7.425752184,57.93800237,13.63132794,8.065688028,116.2575061,70.89682682,160.8667321,22.23224687,23.89699447,0,78.80938521,8.898041721,15.75758569,0,0,66.43329602,66.08950351,0,626.7389696,17.60649174,340.6694706,0,0,0,0,0,13.33152134,0,0,0,22.94260529,0,0,6.705073934,15.04689945,0,0,0,105.5375997,13.39369037,0,0,70.22810243,38670.8958,0,0,0,12.05401703,208.3863687,0,0,0,13.07065518,0,0,2174.230952,0,2577.588804,411.2193824,207.1086033,0,0,0,0,0,59.95966737,17.88849763,0,1540.296061,50.08624343,39.50784641,0,14041.0223,14.89069781,42644.46978,0,0,0,0,25.46855384,3862.981123,10.58188593,5.227423214,11.72966087,10.93525154,0,8738.770318,64.46595491,0,0,0,0,0,24.60600772,86.04802687,22.91743526,6.588121996,0,343.7745755,0,0,134.8385891,50.73857542,0,0,0,60.50145776,0,7652.495965,0,0,0,11976.184,346.4075901,0,0,0,0,0,507.1988414,0,228.9067735,259.765976,322.9838247,0,0,304.0725009,0,22.91810649,0,10.24627402,0,93.11490047,0,0,166.8068882,241.9182177,2375.422239,625.8530742,31.3008414,23.27873156,0,64.7985169,39.95870235,0,0,278.3068809,0,308.337702,19.58072647,15.01893848,11261.97893,0,0,0,36.85730615,0,7.962000704,0,0,31.96419828,0,0,6.248578297,15.27566121,0,0,0,0,0,0,0,1267.815359,0,0,0,0,0,0,0,14.33869746,0,566.8650772,372.628162,544.1778921,0,140.6193149,1499.633917,0,0,37.38796895,0,0,0,0,0,0,0,364.1440731,1180.094193,0,123.7300231,55.82499659,0,0,0,0,0,0,746.8562068,0,17.98371469,0,985.107608,0,46.58199568,0,312.0324679,1453.676747,0,13.48062758,0,0,217.7951908,0,0,98.96603107,0,0,0,0,0,0,16.42693534,7732.063645,0,766.7525958,204.3636387,0,136.3940456,0,12.25670425,0,46.92025845,0,4248.280703,7.777685499,0,0,0,0,0,87.77633926
"123","10339",0,0,14.01161908,41.20982556,0,0,721.6069247,4.897311736,18.59659172,0,0,12.721052,0,1171.508941,200.2567173,0,0,0,10.29012346,0,6.756940879,0,57.20089613,0,0,563.2657011,0,15.20868575,0,3729.43569,0,110.259803,0,0,0,53.98544546,0,0,0,96.26199981,0,18.35397285,0,41066.08805,8.523554028,0,55.30570635,30.60668988,4.131372172,0,0,0,0,461.7827728,192.2324595,4.847826827,59.98597746,19.98164894,46.37511676,537.1031471,21.19351679,0,9.666231245,16.42474184,0,0,0,0,0,32.30185722,24.86323168,0,0,0,10.68850296,0,0,1372.817274,51.15801641,0,0,0,70.81641744,0,0,46041.58609,25.77028677,1559.016318,0,0,0,43.22290161,0,0,0,0,0,0,0,31.53814288,0,0,0,40.71047361,0,1347.957522,5.275616519,7.673891167,0,364.8365509,15269.07375,0,0,20.94758318,0,0,5.709570083,13470.16825,0,0,528.3880049,0,70.63973179,0,36.39581886,474.7497612,0,15.56250957,0,0,0,0,0,0,14.91524228,28.15902776,0,52.86767069,193.2801662,3.048213363,0,171.4176321,5.834684434,0,0,0,21.84286886,0,42.20864629,0,0,13.79168509,0,99.4361506,7.751289555,0,780.8004816,208.3154771,81.57766281,377.7441617,49.66449536,0,0,0,2053.604888,306.9222825,0,139.8425826,0,0,0,138.855528,0,2592.807722,0,0,339.1132823,95.66215366,0,0,0,84.52487725,0,0,62.58421743,0,0,0,0,0,0,0,11.84118969,0,5.233752322,26.03868919,0,14.55386554,15.52569758,13.57733136,3.793320304,737.1560894,32.11253736,171.054105,54.2812076,32.27367492,0,413.4384085,13.72444897,17.58782553,10.15805668,41.67718589,12.26279795,37.90215721,0,0,0,187.6425533,0,8.410981448,0,0,0,40.33227777,0,49.9472851,13.8404826,29.4676907,0,0,26.27610906,0,13.2264221,0,0,29.9955916,0,0,0,144.4237892,27.71933681,695.7069939,0,24.91653706,0,294.6755564,0,0,0,58.33397515,0,42.43742868,6424.997743,0,70.78921669,0,0,0,0,0,0,0,41.98672896,258.2690508,82.28286702,408.7324667,233.3613624,830.3181475,149.6949821,1327.871606,28.26934369,40630.55026,0,0,0,0,8.635384778,60.71536636,63.9056689,84.72197293,10.29656064,15.36929509,0,807.2822769,104.7262574,0,0,0,22.51243477,0,15.29495148,75.69322911,0,12.36225072,0,280.2426678,0,0,102.8055373,285.8157293,0,0,0,515.6365251,1.229334938,1578.668874,0,48.66746983,0,144.7215589,0,0,16.60397477,0,0,0,256.8336946,0,2764.96157,514.4909159,201.7485799,93.86239757,149.2087102,308.7182016,0,0,0,0,0,192.0329067,0,0,91.37070907,7.168765857,180.4944949,60.70382168,38.24263687,0,0,39.13477435,44.76645467,0,0,0,433.9911288,384.2675882,36.65361354,0,309.7900497,0,0,0,0,0,0,13.81890467,0,0,0,0,0,0,0,0,0,5.903198575,0,0,0,93.56479,0,0,0,0,32.89245222,0,0,0,0,0,56.51342706,0,48.59554619,304.2081093,26.12925547,8643.302278,0,0,0,0,0,0,0,216.1386401,0,0,239.468532,0,0.347380336,70.35013257,0,53.79494048,0,0,0,0,9912.3102,15.90699282,1.814913432,0,0,0,18.43664261,0,0,706.1337155,0,80.61081311,0,0,14.848737,0,0,0,0,0,0,67.9216302,235.2877967,0,6.431943868,500.3556126,0,1266.154253,17.2323848,0,188.4249612,0,18.13521634,0,0,3.899934763,119.2842986,13.69815334,235.7147543,0,0,0,0,84.15927025
"124","10364",41.97066643,0,9.592757802,88.79399959,0,0,131.3279939,30.91917847,38.32397122,0,0,22.10548221,0,2617.58585,485.8793601,0,0,0,49.98355664,0,20.45083638,0,82.57382048,151.5095515,0,1170.685328,0,16.76265094,1666.272115,10605.81521,0,48.08530687,0,0,0,351.7983371,11.78274031,0,88.59819795,0,0,19.34538684,0,40240.75365,63.68223422,0,73.46554784,32.62060748,26.76466622,0,0,0,0,557.6368053,218.3262529,39.33552078,514.2573063,30.80569249,71.72862792,582.1754438,30.10553633,0,101.9255422,55.64570024,0,0,0,0,0,24.00790548,0,0,0,0,18.83785077,0,0,4202.565783,97.59451748,0,0,0,77.7217943,78.90657145,0,74887.57581,2.741514345,1879.584273,0,0,0,50.19308433,0,0,0,0,0,0,0,215.0526105,0,0,0,118.3798622,39.69490785,734.3568261,6.990451112,30.43815923,0,739.0293809,24899.04229,0,0,34.45034696,0,0,5.66578217,1346.716281,0,0,2888.123607,0,71.00309404,0,275.6285599,0,31.87486025,0,0,0,0,0,20.61629503,17.26689825,0,17.82678066,0,0,113.7761024,2.731956493,0,502.7790541,8.223431385,0,0,0,55.23674362,112.0217249,79.94055782,0,0,10.34527359,0,367.4834595,10.93554868,0,654.1564321,164.301286,15.88578053,0,523.4892606,0,0,0,26.08688186,744.7851006,0,34.2711208,0,0,0,793.7885744,0,6018.849408,0,0,130.9619197,210.8347232,11.76435127,0,0,178.4564038,0,0,262.1917109,0,0,0,0,0,0,1.760444362,21.26850719,27.12115231,81.60175196,256.6705845,0,12.43910501,12.15393645,28.76822154,14.80230179,599.7306789,70.96466605,197.0994302,50.84178925,29.38118829,0,477.8827523,10.67350594,13.29819229,21.9535145,57.22716406,0,57.23973128,0,316.1195593,0,668.8272311,0,0,0,0,0,50.81007144,42.20625143,0,0,58.96323431,142.2351831,0,28.54688872,0,12.71552998,0,0,61.2303381,0,0,0,0,95.244706,0,0,16.6858471,14.04906426,415.6547755,0,0,0,98.49893528,0,50.08874418,8258.531752,16.45389775,3208.937977,0,0,0,0,0,0,0,59.5507424,12.519186,0,369.3489597,0,201.0416557,522.0411218,1734.230258,38.3167993,65421.24141,0,0,0,0,0,251.4340507,13.18693758,25.50090189,15.09733636,9.317098961,0,0,10.20963901,57.02433303,0,0,0,0,62.50649279,309.9952032,20.95187616,0,0,621.2001006,0,0,275.2205239,0,0,0,0,351.3409069,0,4491.788976,0,17.30762579,0,8298.032091,316.9327373,0,18.5338833,0,34.36555901,0,652.2986318,0,226.4115293,0,148.3933995,0,0,518.7234051,9.454466975,0,0,13.40372728,0,111.6461538,0,0,170.7666132,0,424.6766146,7.715895601,42.0455036,0,0,0,50.13018072,0,0,110.5097168,617.0560306,353.8326006,33.6786686,0,1184.481762,0,0,0,0,0,0,0,0,0,0,0,0,9.522009391,0,0,0,0,0,0,96.2476743,284.3986857,0,0,0,0,44.575985,0,0,0,0,0,38.45727908,0,22.60819984,0,95.31286652,10420.55483,0,0,0,0,0,0,0,0,0,0,3331.97492,0,92.35107511,0,0,0,0,0,0,0,4108.737848,5.418514071,5.495755435,0,0,0,156.5345908,0,0,128.4013761,0,19.41965488,0,0,51.36651799,0,0,0,0,0,0,1515.043892,25.21847306,0,18.65959889,2552.886341,0,237.9242159,40.90814379,0,166.3122697,0,12.77388462,0,0,10.1263872,117.5043291,18.89433837,0,0,0,0,0,68.91618811
"125","10456",8.097511692,3.156209531,0,77.59884166,0,0,0,60.42612883,0,0,0,106.5927398,0,25717.994,183.3640702,0,2162.732486,0,37.12686382,4.592600679,12.09054843,0,0,0,0,1309.212072,0,28.58361186,146.0810552,1130.192397,0,22.9591552,0,0,0,532.3811799,66.08641016,47.35659495,320.7101719,0,0,0,0,42928.85809,6044.953701,0,101.8793426,240.7705183,18.20258602,0,0,0,0,3420.87182,1907.556748,0,0,0,104.0955551,1243.650314,0,0,4132.193602,724.7240296,0,4.808364034,0,0,0,0,48.62642867,0,11.42091003,137.2137745,18.09608794,0,0,392.8734863,97.57076626,0,0,0,105.5758892,0,0,78636.14637,39.63795064,22.20417982,6.2290193,0,0,0,0,0,0,0,0,0,0,0,0,0,0,1757.339134,61.20318407,185.9521143,0,10.31192172,0,2644.230321,8633.410664,0,12.47643522,68.06591215,0,961.7380297,169.2668045,555.6362716,17.35792438,0,11333.43159,1243.7227,0,0,1518.82725,0,10.52612409,0,0,0,0,0,0,21.02301866,0,20.43351391,0,0,62.77393132,0,0,2925.612547,599.6266967,0,10.4409777,0,137.9472515,0,185.2220472,0,0,0,0,5096.787652,27.85881389,0,561.6072754,150.2682145,9.04500235,0,30.31160867,30.10079927,0,0,0,0,0,319.649652,0,0,8257.360014,8265.145401,0,7158.754964,0,39.98560018,776.5822786,0,28.14379443,0,0,347.6147008,0,0,464.5851693,0,0,0,0,130.5805505,0,0,0,8.914047829,21.91099481,146.490031,0,6.356668002,147.5356497,16.41946752,0,89.74555781,93.54358144,673.9199796,0,0,25.69203971,286.7222238,37.31684308,25.66943454,0,0,725.1536508,92.36464623,0,264.9751555,71.35606263,0,0,0,0,0,0,24.61899449,0,0,71.299301,13.1480433,0,0,7.686286999,0,0,0,0,44.44530051,55.04830636,0,0,884.8408756,8.0213185,0,0,0,25.60555199,937.316056,53.44360777,0,0,0,0,59.23055553,3073.620963,0,5562.741159,799.2230243,104.6612151,0,0,0,0,0,0,7.066473889,0,313.1352838,0,35.36202859,0,587.3426389,8.58243679,116774.1115,0,0,0,0,11.07597915,6519.269236,0,5.857205819,0,57.80752155,0,15222.29263,0,0,0,0,84.40108601,0,13.92787075,312.6991312,24.79980467,7.058647122,0,636.1525264,0,0,513.1740416,360.0038103,0,0,0,355.9801342,2.444129029,7194.711655,1.921673898,0,0,1708.461189,1460.525656,0,0,0,6836.727515,44.46360087,2215.776778,0,1031.470121,6.069202447,17.79274626,0,0,293.2320979,6.471240438,42.42460071,0,0,0,1431.268182,0,0,2724.273997,163.3339813,1373.976224,111.3208653,0,9.350029083,0,43.55105955,26.03971395,0,0,4848.111115,0,235.0885867,12.05054324,0,11612.54165,0,0,0,0,0,101.1634034,0,0,16.54876433,326.0292409,6.245502226,29.87758426,0,0,0,0,0,0,2.122729585,0,3770.059555,0,0,0,0,0,0,0,0,0,193.2687464,493.325959,468.815493,422.3624001,46.67264021,644.9037557,0,27.01722599,0,0,0,0,0,0,0,0,0,852.2050314,0,104.1799175,10.29912891,0,21.20301949,0,699.3961126,0,0,2846.044459,0,0,0,1636.760928,0,51.5916041,0,0,555.2959318,0,141.4639821,0,0,0,0,0,0,0,0,0,0,172.8354627,0,13.74349571,38883.39395,0,202.5267274,60.55429036,0,125.5614992,0,7.650831145,0,0,3.669210692,152.2244254,0,0,0,0,29.86264508,0,68.25985242
"126","10473",24.40565224,0,5.323723452,165.7924942,0,0,0,22.2709298,0,0,0,27.22721558,0,8212.347879,110.9754828,0,2493.593695,0,21.34918102,0,2.052646503,0,0,41.8262204,0,500.0974872,0,18.09782533,90.06772788,2596.900243,0,26.64918013,0,0,0,116.8598912,31.9804513,0,285.736973,0,0.330905795,0,0,42447.5515,3731.851889,0,58.56066757,72.57670298,15.1733646,0,0,0,0,1827.88086,697.6507738,0,1012.001118,24.75279961,38.4914674,611.3403271,26.27007667,0,1746.277248,385.7302618,0,5.110605783,0,0,0,0,0,0,0,33.45189599,25.55313266,0,0,1758.51764,0,0,0,0,120.9616893,52.14438475,0,116203.7875,11.34025239,0,0,0,0,0,0,0,0,0,0,0,0,0,0,0,0,36.17916819,0,811.5879791,0,5.684571142,0,866.3559862,7966.954128,0,0,74.98455712,0,1391.781854,13.52867088,698.1444944,0,0,7317.545599,1231.762572,0,0,1242.247807,0,5.544164511,0,0,0,0,0,20.9116595,8.322252011,150.9751509,39.80832431,0,0,0,0,0,599.0046342,17.10830226,0,0,0,67.44772129,0,19.76988999,0,0,12.83589499,0,1346.093384,11.41392834,0,778.4651788,137.710195,143.5317309,0,116.0326764,0,0,0,0,0,0,35.09703651,28.0109612,0,14185.59494,2763.595113,0,4233.886414,0,147.3441485,0,0,8.044005153,0,0,297.8954998,0,0,98.27405064,174.4436692,0,1008.781381,0,0,0,0,0,5.189188608,5.66618756,51.2083228,0,36.64786125,31.30023252,6.289982961,4.280354627,883.4389534,45.16681585,571.9720761,0,0,21.80261596,186.470938,9.315930207,0,0,0,137.8420328,38.30045778,0,115.6962627,0,278.2405994,0,0,0,0,0,13.74615559,0,0,0,18.08741758,0,0,0,0,0,0,0,158.3608159,7.386879793,0,0,0,0,0,0,0,0,964.750922,0,0,0,0,0,0,3665.06282,0,1727.626519,0,0,0,0,0,0,0,0,13.8183832,0,814.2910015,95.22182007,71.20990457,0,469.3139256,5.982814892,48953.00458,0,0,0,0,12.49728221,985.2419763,11.11088618,7.952576583,0,0,0,0,48.39087377,0,0,0,0,0,31.7986849,110.2306306,12.34873689,0,0,587.1976005,0,0,180.3682822,0,0,0,0,411.6480535,6.554495804,8874.728958,0,0,0,606.9678818,863.8108989,0,55.28932773,0,27.16229723,0,496.9618876,0,934.5118139,0,44.44508302,0,0,0,0,0,0,0,0,821.9489066,0,0,260.2695831,0,1016.534804,0,0,0,0,66.77579296,54.43255956,0,0,1220.53267,0,382.5146677,23.24215641,0,3937.712142,0,0,0,0,0,11.89137197,0,0,0,85.30014214,0,0,0,0,0,0,0,0,0,0,562.6400359,0,0,0,0,0,9.584024398,0,0,0,133.1712985,292.4752499,654.1509721,38.81503753,0,222.7013337,0,32.24641622,0,0,0,0,0,0,0,0,0,5150.733199,0,51.04792735,0,0,35.78025973,0,0,0,0,212.2969862,0,0,0,2627.281191,0,146.4850445,0,0,133.5913794,0,17.99240802,0,0,0,195.229872,0,0,0,0,0,0,18.76613959,0,6.816794425,6429.502437,0,254.9536203,28.45081672,0,182.0320448,0,0,0,0,0,88.98546665,0,0,0,0,0,0,25.1746167
"127","10510",67.46149855,4.118920475,25.8731081,86.43877656,0,0,0,133.5933453,121.6628438,0,0,350.2677185,0,8262.710563,972.0312463,0,48.52960464,0,78.21681101,0,616.3298072,0,137.2055193,0,0,7200.942472,0,44.59021647,158.6703003,3114.681585,0,41.12123878,30.23483307,0,0,225.3915775,39.47118136,77.5483058,80.04010871,0,0,0,0,10856.67339,6929.552795,0,0,154.4857053,6.464694733,8.127065305,0,0,0,17470.66549,3008.416493,0,31.3955342,12.87512649,35.14443859,1104.927728,42.62775106,0,6445.010139,1824.474688,0,5.31732993,0,0,0,0,0,0,0,0,0,0,0,1022.542725,0,0,0,0,62.72575946,0,0,0,0,34.71942428,9.315537147,8.958765425,0,0,0,0,0,0,39.57637422,0,0,44.99451646,0,0,0,349.9954883,0,589.8281164,0,0,0,1023.534691,20330.50097,0,0,0,0,149.0078761,351.5915719,480.0639999,0,0,6045.708338,0,219.9185692,48.51533918,3457.912748,0,49.17317058,47.73269876,0,0,0,0,58.60511425,6.743917389,10.1230105,31.58842593,0,0,148.7598306,0,0,5913.111322,508.9366838,0,0,0,190.5487226,639.681017,854.4988371,0,82.90179447,76.54081623,0,4055.998954,0,0,0,0,0,0,94.22412343,49.01570527,0,107.7909566,7.77862413,0,0,424.5022037,3006.723625,0,7906.458072,14082.98327,0,5597.121658,0,209.4470435,0,0,931.7307252,0,0,562.7794887,0,0,83.39494707,572.5686692,0,0,0,39.78224716,0,0,0,13.04212891,19.74074098,469.5868178,0,0,46.93156454,195.6238607,29.61072581,100.8554817,48.88094506,189.6458057,41.28080365,103.4923018,0,59.77691037,48.80250542,28.45463803,25.05635988,0,68.90586931,68.97173265,13.6048175,191.8602977,18.62248846,676.5349476,0,20.49628105,0,0,0,34.35425198,0,0,0,34.58563041,0,0,0,0,9.228921238,0,0,0,24.53134475,36.46741776,0,0,0,0,0,0,0,1007.592096,0,192.9407799,0,193.3829045,0,0,564.434564,0,7052.710212,0,303.6966183,0,416.6661694,0,0,0,45.07034864,9.599889285,0,0,0,32.22971681,0,922.9170151,24.08703135,74046.56152,0,0,0,0,6.834963301,2447.873189,0,21.37083229,16.08903455,0,0,63.68030643,48.75346987,0,70.00908955,0,1887.834603,0,120.4026159,72.4047716,21.82813218,0,0,605.4203263,0,0,171.012801,0,3.641705146,0,0,474.5333902,0,82776.63164,0,0,0,3816.334379,256.3590537,244.3506257,0,0,15.82608171,30.05655544,941.5992893,0,649.6614828,197.5860898,788.3712522,0,352.5576235,0,4.683745676,0,137.6883923,0,0,0,0,0,1348.135459,309.8620648,2953.122376,266.4182889,83.47504776,83.79102906,32.51250871,142.3220672,111.6672595,0,348.2649527,414.6416135,1479.947925,296.1113961,0,0,11256.9362,686.1110183,0,0,0,0,14.40848743,0,0,0,0,6.38797269,5.581729519,20.53446903,0,0,23.13065754,0,0,0,0,1676.515069,0,0,0,0,0,9.829948955,0,0,0,852.5885769,903.3809379,2563.709784,0,0,2109.808523,0,0,0,0,0,0,0,0,0,0,588.4569185,0,0,28.53460317,19.52642368,0,126.393216,0,276.5183231,0,0,0,32.83783656,0,0,1287.133619,16.35342521,46.60359695,0,544.8423953,899.920887,0,57.58944248,0,0,44.59019718,0,0,3856.989047,0,0,0,0,7.545280298,0,23.85861338,52014.10035,0,174.0880445,191.7901041,0,0,10.64437233,6.762198185,0,16.89327822,19.07761336,4516.482956,10.68162869,0,0,0,51.40643248,0,72.58129932
"128","10543",17.93211766,4.819175125,0,86.81719908,0,0,0,21.37580202,25.66611648,0,0,16.82326612,0,5255.27741,366.9494959,0,1303.406334,0,28.74869413,0,7.317966568,0,76.37864644,0,0,1165.600061,0,19.3313847,38.66337221,3395.427352,0,63.62041207,103.5850786,0,0,282.7278514,78.07791847,0,150.3634468,0,0,0,0,40588.97252,764.2785959,0,0,64.14035868,28.98012137,0,0,0,0,3418.438636,543.7011523,0,0,0,20.03262387,686.4546476,28.06794058,0,1092.626556,284.6604684,0,2.18469231,0,0,0,0,37.90493942,0,0,0,17.98079477,0,0,4174.092932,0,0,0,0,73.94576752,0,0,96.35880785,34.10690131,111.917277,0,0,0,39.5964028,0,0,0,0,0,0,0,33.78447293,0,0,0,113.2212513,0,2356.063938,0,0,0,3276.654366,24264.61907,0,0,29.91737439,0,194.5305616,10.74338989,491.1117435,0,0,7615.268533,0,144.6925635,47.34861624,1376.166582,0,20.80739974,97.14165801,0,0,0,0,26.64273233,9.985808101,0,23.07707346,0,0,217.9575014,0,0,441.3297953,138.9034411,0,0,0,46.3546123,0,140.069975,0,0,13.99978988,0,982.48136,14.37279874,0,0,89.84729428,40.0807915,0,256.079927,0,0,0,9.933772195,0,0,38.80392135,0,0,1423.58289,3834.297339,0,5320.115318,0,107.6575404,0,0,2.645943913,0,0,108.6468542,0,0,78.7402435,0,0,0,0,0,0,0,14.6390827,1.698514856,9.744906776,127.1612655,0,2.251298285,46.31456296,0,23.90273317,28.14061054,38.07067377,232.8442384,69.23915088,103.9787992,0,363.7446685,5.867521508,8.523829272,0,0,71.57174658,95.34488296,0,98.15290946,0,473.6051387,0,0,0,0,0,25.79208951,0,0,0,137.1257373,80.54998452,0,8.835520499,0,9.815534182,0,0,0,7.496618737,48.89975854,0,62.37527767,0,0,0,0,5.2629543,1288.170913,0,0,4.319334023,15.94697896,0,72.44674011,8417.357494,0,2845.536752,17.05647283,29.92302016,0,50.80598399,0,0,0,55.73865661,14.1480251,0,570.004177,34.84226929,189.8352066,0,3832.069077,82.539232,50291.83798,0,0,0,0,0,984.0811432,15.46034806,19.12816069,11.3330507,0,0,202.5275866,25.85099183,0,0,0,18.86089839,0,36.34112068,300.8607323,12.52344196,10.03769517,0,522.5284488,0,0,144.6978839,28.1892375,0,3.10372977,0,181.9166421,0,8868.482335,0,0,0,858.3325613,44.51431832,0,0,0,26.96023702,0,572.979333,0,1231.553368,0,134.7657562,0,0,0,0,0,0,8.692403407,0,0,0,0,263.2270668,38.96892132,593.8775424,43.1721734,18.12750918,0,0,55.43808743,39.86688295,0,0,0,0,157.7011359,19.79096835,0,3475.210418,0,0,0,0,0,0,0,0,0,167.3599449,2.723739787,16.90731024,8.776375996,0,0,0,0,0,0,53.8423942,334.8119792,0,0,0,3.369048875,0,0,0,0,0,0,0,462.1526532,0,0,0,0,0,0,0,0,0,0,0,0,0,0,2800.197121,0,78.99744676,9.717759777,0,0,0,0,0,0,60.08902237,0,0,0,3901.235797,5.777985319,162.7202712,0,0,271.6155485,0,24.98185093,0,0,0,62.65232538,0,0,0,0,0,0,10.91500075,0,6.279743615,7034.092122,0,250.6626976,109.446543,0,46.96235895,4.534989454,0,0,912.8493323,10.76173853,435.5589914,0,0,0,0,0,0,40.48977978
"129","10585",42.55377944,0.456159046,8.703524234,98.32607822,0,0,141.4891844,35.39690105,41.98622846,0,0,39.13021353,0,4503.650282,468.4011624,0,0,0,68.38247664,0,13.52534435,0,87.82391033,74.70002361,0,1142.058383,0,21.08247589,179.3349659,8024.016539,0,61.26498774,0,0,0,174.4612845,33.68544111,0,53.70350639,0,0,0,4.01396299,65527.67561,201.3314599,0,81.11011387,100.8336739,11.3557495,0,0,0,0,531.4348719,212.111557,0,66.4016877,12.86052255,47.32796523,439.2777691,51.30539092,0,229.3800708,2762.421656,0,0,0,0,0,0,0,0,0,0,28.17119263,0,0,719.3463702,0,0,0,0,39.24378486,0,0,40821.49931,102.0233358,51.40608072,0,0,0,48.17642465,0,0,0,0,0,0,0,0,0,0,0,30.35493161,0,1182.920882,0,33.60608993,0,928.897645,23753.66461,0,0,53.40998816,0,132.4677621,6.571308239,1617.542779,0,0,2425.627905,0,148.8392011,0,63.21665567,0,0,79.0581319,0,0,0,0,131.6750122,20.57830692,0,14.98040238,0,0,374.3180894,0,0,536.5504244,110.2448446,0,29.72668887,0,48.1407234,0,39.14182453,0,0,0,0,421.1483535,26.51876896,0,587.4988891,134.8810707,88.50229181,0,256.8491126,67.50433798,0,0,27.83421458,0,0,30.04576766,0,0,1037.442093,1013.263921,0,5346.631992,0,150.8093955,0,0,0,0,0,99.11629301,0,0,115.1095505,159.9413658,0,0,87.96949448,0,0,0,66.13984497,2.150343907,7.770308539,73.31904777,0,12.72394615,38.19299882,5.491141938,36.95844651,629.6594214,34.73629975,156.7738901,56.73933329,35.73935123,0,501.2038043,18.26301573,0,0,36.37598752,57.9563516,40.05001354,0,19.85718288,0,497.9297217,0,0,0,0,0,44.8767301,0,0,5.93021425,41.46105868,110.7865586,0,9.968022019,0,27.25476218,0,21.92936981,0,27.89793799,0,0,0,0,0,0,35.79765111,0,412.0719475,0,0,0,37.55026825,0,69.131861,12281.01684,0,857.3820638,61.06819439,0,0,47.56924415,0,0,0,0,12.57782053,91.46991681,956.0187877,85.89517861,244.2029546,3271.491671,1930.800003,42.40542166,85241.64799,0,0,0,0,0,172.6583696,24.54960738,42.11736117,8.749822101,7.357654273,0,1136.472848,61.80901237,0,0,0,12.09193702,0,58.22180006,133.8519158,21.82050536,10.52499872,0,597.7504586,0,0,79.87082227,91.91808565,0,0,0,1063.723563,9.564001039,2844.393991,20.75552781,0,0,1048.738879,0,0,0,0,0,0,418.2960461,0,4080.719382,294.8548129,183.7915851,0,0,0,0,0,14.20152645,60.4311649,0,139.47963,0,0,298.6891869,23.37599995,988.61507,34.32046399,71.87962422,0,0,0,75.99512779,0,0,1055.870707,4934.654816,299.0995857,19.39549142,0,1686.590329,0,0,7.189947823,0,0,13.29574819,0,0,0,0,2.51410205,6.3484419,56.29938457,0,0,19.76119254,0,0,14.22686066,71.83282299,708.5834819,0,0,0,0,0,0,0,0,0,0,0,493.0754393,36.86077207,0,123.6434062,0,16.14623537,0,0,0,0,0,0,0,0,0,5855.795068,0,31.56596785,0,0,42.85698803,0,0,0,0,1143.193941,0,0,0,11251.36772,0,398.153795,0,0,0,0,21.19097452,0,0,0,86.8185361,0,0,0,0,0,0,14.94824706,0,11.49309119,1643.274868,0,98.38912412,42.37935908,0,0,0,0,0,0,7.532252839,111.3007359,6.262280318,0,0,0,0,0,63.70512078
"130","10838",0,0,13.4971339,28.07481808,0,0,0,0,15.36232888,0,0,18.66729916,0,973.0198592,212.4365184,0,0,0,27.81073955,0,14.21160517,0,52.66967686,0,0,721.6922243,0,13.8138197,0,2642.339648,0,104.18729,0,0,0,79.86275869,12.80021089,0,0,0,0,0,0,33198.57203,21.00124214,0,0,88.3256261,8.074106454,4.476473857,0,0,0,1377.690722,1.997441252,0,0,9.120368593,20.83406836,261.3895346,25.0044512,0,0,48.75022762,0,0,0,0,0,69.77037137,0,0,0,0,14.17205758,0,0,4984.928821,0,0,0,115.9686328,21.21770835,0,0,0,54.46276331,102.2758573,0,0,0,29.93518765,0,0,0,0,0,0,0,0,0,0,0,33.30765958,0,166.7982453,0,37.62026834,0,159.5899919,13899.93922,0,0,14.15581562,0,0,0,4836.161611,0,0,495.2194057,0,0,0,56.01953739,0,0,57.19882144,0,0,0,0,0,11.75556138,0,15.71510765,6.641248467,0,338.4090199,0,0,163.1240108,181.5454355,0,0,0,17.67693634,0,18.70200666,0,0,0,0,114.6290219,327.6383153,0,0,0,0,0,138.2135834,200.6246216,0,0,0,0,0,13.55903868,0,0,513.8037165,172.9751236,0,5.114220809,0,66.2173794,69.46314874,0,0,0,0,47.49131887,0,0,99.70341387,0,0,0,0,0,0,0,0,1.757744751,5.635208761,24.09451016,0,0,6.36131452,10.66880292,0,350.1569375,0,6.508003072,27.45677377,0,0,699.2885436,5.556437854,18.02747315,0,0,0,41.1673252,0,8.894617121,13.03997199,131.644953,0,9.870241019,0,0,43.69068468,31.48703705,0,0,12.41407806,28.36668385,0,0,18.49507284,0,16.16917638,0,0,0,0,24.29927782,0,0,0,0,0,0,0,130.947757,0,0,22.35994915,26.04013148,0,66.74314624,4506.073755,0,85.72797786,0,0,0,0,0,0,0,0,12.94870517,0,367.6309107,65.61891982,564.4226034,0,1441.109783,22.02125698,36028.8541,0,0,0,0,10.04088696,74.48955805,13.93777885,18.02035846,0,0,0,0,13.12288048,0,0,0,12.13044897,0,6.503931311,24.0135866,0,14.30580995,0,229.3494299,0,0,0,0,0,0,0,76.51093459,0,1276.084677,1.841350136,0,0,11387.25853,101.2252672,268.5595366,21.23593142,0,0,0,205.6151958,0,0,0,0,0,0,367.4034696,12.36223016,0,0,34.71561029,0,0,0,0,72.73796265,0,206.9930057,7.310047046,0,0,0,0,0,0,0,94.40350661,377.6018746,279.659543,15.8207449,0,317.5500367,0,0,32.90870968,0,0,0,0,0,0,0,0,3.827132941,0,0,0,0,31.71091081,0,0,0,62.79761276,0,0,0,0,0,0,0,0,0,0,0,228.5988736,0,0,0,0,0,0,0,0,0,0,0,0,0,0,0,0,8.88361353,12.96715928,0,0,0,0,0,0,0,0,0,0,6821.560841,0,9.305230583,0,0,420.6498125,0,15.0975433,0,0,0,0,0,0,0,0,0,0,33.41730896,0,14.89730656,275.0368782,0,41.57472093,13.85953478,0,0,0,5.142851472,0,0,3.695584692,0,4.181030307,0,0,0,0,0,41.89669479
"131","10772",0,0,23.20914067,735.6051991,0,0,173.6274998,71.20091251,0,0,0,80.7509295,0,9081.92238,701.7106744,0,925.9597356,0,23.48025614,0,1531.918992,0,44.7300672,0,0,2267.099479,0,28.55840966,496.9627652,10462.18378,0,47.38974683,58.2842505,0,0,157.6418542,90.67547674,0,134.7755062,1804.200805,0,0,0,24844.65922,3864.752561,0,61.4385234,146.6799872,10.12072918,0,0,0,0,4189.89787,525.0941231,0,584.5228336,12.63225613,68.7198427,805.0243066,31.24731473,0,1147.106992,312.9788329,0,3.279198157,0,0,0,0,0,0,0,13.99990404,105.4587568,6.31486053,0,13.78682873,0,0,0,111.2214951,72.93752063,0,0,54.29732672,14.8895321,198.4269997,0,0,0,65.4837517,0,0,0,0,0,0,0,0,0,0,0,72.26857227,0,939.8535951,11.40439722,0,0,1923.437378,24405.4872,0,0,108.8428284,0,399.5524893,14.06855558,1710.346131,0,0,7135.414283,816.3341689,0,144.5704513,1989.765059,0,0,195.8772952,0,0,0,0,31.96454588,1.533648237,17.2166262,102.0473596,0,0,158.275221,0,0,1347.63204,151.1074524,0,0,0,124.3107219,0,127.2021848,0,0,41.92255474,0,859.7844087,57.18305781,0,0,103.2957798,0,0,470.4197629,0,0,0,0,367.6087045,0,71.00761292,0,0,5082.105535,2445.767955,0,8231.127104,0,414.2424632,0,0,0,0,0,464.2916762,0,0,114.9577704,0,0,0,0,0,0,0,0,22.95139258,16.36077594,183.78203,0,0,27.02055348,0,22.7811963,1346.147512,0,335.6767188,0,0,0,934.8932923,17.93996005,0,18.95697289,94.3583296,108.9395259,69.03974609,0,239.8964696,0,596.8411008,0,0,0,0,0,53.28203597,0,0,0,53.85262002,165.109913,0,7.38654238,0,30.59722897,0,0,217.2492157,9.179467437,0,0,0,64.77429373,0,0,0,0,565.1148001,0,0,0,89.61735255,0,0,2617.892353,0,1117.347734,0,0,0,0,0,0,0,0,11.23773438,0,2381.275986,251.7184201,431.3398987,0,2084.999202,4.483468605,26126.20625,0,0,0,0,0,1018.451863,30.86687387,42.98261159,0,0,0,0,86.05761884,0,0,0,22.09000096,0,48.62344292,181.7587449,13.84998216,8.049369477,0,1295.238349,0,0,282.3135055,0,0,0,0,831.9035683,0,4877.600449,0,0,0,666.9669539,891.0845103,316.178195,27.10075258,0,182.88493,0,1744.830438,0,0,225.6678146,675.2698588,0,0,560.042978,4.781266227,0,0,11.34816987,0,424.9254548,0,0,697.5208146,0,1149.942313,0,0,0,0,79.1358098,96.69256472,0,0,352.0628245,1779.961968,381.3585786,29.54638865,0,2510.150548,0,0,18.7501826,0,0,0,0,0,0,102.6869167,6.335865727,13.64101904,0,0,0,0,0,0,0,0,790.3476456,0,0,0,0,0,0,0,0,0,34.64893615,212.1926906,940.5089672,0,47.78826045,98.89167622,0,19.25123104,0,0,0,0,0,0,0,0,0,0,0,28.60812845,20.5607418,0,0,0,190.5639832,0,0,0,0,0,0,2988.502678,22.57238123,173.647878,0,0,159.6469056,0,67.44804829,0,0,0,0,0,0,0,0,0,0,16.45755173,0,17.04337933,4033.110118,21.533607,107.1993471,61.68377051,0,0,5.921005006,0,0,0,9.62731957,145.9150913,11.88868693,0,0,0,0,0,39.03468792
"132","10152",0,1.639068512,13.10720001,33.34904991,0,0,147.7060728,133.4394338,49.95208376,0,0,88.04224136,0,24035.36861,898.0474644,0,0,0,23.46195919,0,0,0,143.2599099,210.803264,0,5117.524027,0,30.70723833,115.5592638,2985.105847,0,45.0799816,0,0,0,2079.755952,0,0,444.898131,239.4064562,0,0,0,54998.3531,4505.414715,0,0,376.7063631,146.6793142,0,0,0,0,27554.77956,1485.318604,0,0,24.84544787,0,6530.835041,0,33.86577837,7662.157491,1840.038405,0,0,0,0,6.763511346,73.33985075,92.68288979,0,20.45924476,14.24077455,17.90127596,0,0,4020.532951,0,0,0,0,175.0624756,0,0,29280.9787,9.003130641,136.5157538,0,0,0,0,0,0,0,199.6074147,0,0,0,101.9986523,0,0,157.1584649,534.6848361,103.9418192,2119.588066,0,88.88739046,0,2265.573078,10395.08987,0,0,33.58183506,0,2918.639995,26.29391178,653.6440997,35.55568414,0,37302.68096,0,787.1798899,614.3765159,12199.09879,0,67.77463899,341.1300192,0,0,0,0,69.19849606,33.51605728,0,39.37609965,0,0,0,0,0,6529.394306,100.1182213,3.955385183,52.11288254,0,79.26443118,182.9377854,50.20398769,79.38195274,0,52.63482298,0,5604.242586,48.06760779,0,0,0,0,0,293.9190362,0,0,0,0,0,0,338.6990116,0,5.075763526,14414.5731,14533.87564,0,21825.42517,0,275.389254,213.5836681,0,0,0,0,766.36696,2.832065101,0,1384.555297,0,0,0,0,0,0,0,25.01573403,23.53680704,21.73508443,242.9718204,23.60420168,7.765268432,464.7266599,104.2639736,24.36848098,921.2783784,219.8496057,533.892514,127.943674,315.3616419,121.3309068,175.1371902,69.06738556,92.39249677,0,107.5799521,635.879415,143.7778787,43.19046315,658.9196304,75.94090109,220.3006008,0,0,0,0,0,91.83976142,0,0,94.37816468,47.93027585,298.3316941,0,11.82262907,0,0,0,0,35.24083976,110.6935725,0,0,0,1.741051917,0,0,0,120.1156859,7625.592929,216.5304295,58.52253724,0,58.90032101,0,0,809.7971844,0,13009.92555,48.63075441,92.3518533,0,0,0,11.70836896,0,445.2903998,0,136.7111038,0,46.71712805,54.82859714,0,573.8806386,107.3672691,157497.3739,0,0,0,0,0,2376.033885,0,8.838761445,0,0,0,406.6445448,0,0,0,0,47.80343514,0,24.53649506,2227.61099,42.33699634,0,0,981.0646806,0,0,0,0,0,7.383283839,0,227.2372267,4.572559138,6480.035096,0,0,0,8591.468744,4184.72131,0,0,0,0,0,1513.244963,0,504.2061854,0,265.0363658,0,0,353.870666,0,0,0,13.35435443,10.26098363,0,3.943375295,0,327.7560861,55.80808928,2506.148338,105.5714198,0,94.79520365,0,137.1381653,102.6552395,0,234.4535641,1833.8803,4449.956693,341.7212303,19.56543768,0,17263.22362,127.3729528,0,9.089425664,0,0,17.03828255,0,0,27.30334558,0,3.412905861,5.943133132,12.11902899,0,0,0,0,0,39.10562368,0,3967.759341,0,0,0,0,144.5250438,0,0,0,0,975.4347379,1358.334101,0,0,0,2094.93867,0,0,0,0,0,0,0,0,0,0,0,1779.727815,0,271.1144351,21.00943836,0,80.25856679,0,2808.499768,0,0,680.5179075,0,0,0,7699.209116,0,129.2574132,108.8267705,260.8816205,996.8087649,0,30.3631358,0,0,0,1898.953205,0,0,0,0,0,0,4.730343731,2.894196837,14.17864538,42382.42358,0,0,65.72912932,0,0,0,0,0,158.9196798,7.240725902,176.7493686,0,0,0,0,0,0,27.32491092
"133","10118",0,0.498771276,6.021873734,27.63373105,0,0,0,27.67000857,0,0,0,15.92624586,0,8574.883022,84.0601148,0,0,0,0,0,0,0,118.8654903,0,0,373.2755837,0,8.850287138,218.6208046,2200.80818,0,34.79194876,0,0,0,114.4223149,0,0,338.110305,0,0,0,0,53756.91476,3301.567287,0,64.4561052,157.2649327,0,0,0,0,0,2943.788617,1293.767511,0,0,0,33.58222571,1064.535967,0,24.59300611,3966.736908,532.8793005,0,0,0,0,4.689323793,0,39.86962493,0,13.6648828,179.3400698,11.28084338,0,0,390.7802142,0,0,0,0,61.66717752,0,0,21619.99486,20.48477791,191.1063528,0,0,0,50.70937729,0,0,0,114.9238,0,171.3353448,0,164.4782963,69.60958686,0,0,64.45969907,0,237.4554751,0,0,0,708.2548255,5808.673835,0,0,0,0,753.0255635,23.27580006,488.1430178,35.1607682,0,8781.136245,0,259.5827416,111.2807404,485.0143371,0,40.51044593,159.2973132,0,0,0,0,40.97007466,5.767751581,0,9.544767221,0,0,109.6956355,0,0,1745.342164,0,0,0,0,35.64189866,0,25.51049262,76.19295759,0,7.395086173,0,2580.697978,11.4426135,46.24682889,0,112.1669375,0,33.06876102,35.76837338,0,0,0,0,0,0,75.61748091,0,0,7778.386062,8799.706183,0,7946.215473,0,402.3116875,167.5334002,0,0,0,0,740.9246658,1.385339811,0,527.634864,0,0,0,0,0,0,0,10.65528646,17.92548669,7.503201155,118.8743577,6.859239075,2.944956587,37.34902144,0,6.246595711,756.390289,0,255.6227858,117.1225698,320.1794468,0,133.7087606,5.259933637,0,0,0,0,81.07293824,0,351.5198082,0,122.4369737,0,0,0,0,0,10.14412821,0,0,147.9855192,0,0,0,0,0,0,0,0,31.40737017,18.65745994,0,0,208.2202601,108.8916725,0,0,55.78121178,0,3039.464345,0,30.07155627,0,0,0,0,940.1403251,0,5895.848184,0,20.62815435,0,0,0,0,0,68.69045173,0,0,799.2352467,0,20.82044807,609.7931861,611.2414127,18.65578754,33857.93206,0,0,0,0,2.196365283,2873.369631,0,0,0,0,0,300.096235,0,0,0,0,27.45425041,0,12.28858038,370.9407503,16.76450427,0,0,528.1936501,0,0,0,0,0,0,0,255.1776961,2.332549598,37163.59196,0,0,0,2724.3806,1199.951962,0,0,0,5.935931863,0,3612.350137,0,266.6412736,102.9646218,166.4927643,0,0,238.7219238,0,0,0,6.660953497,4.480626119,0,0,0,1296.20623,24.74942947,2505.203711,27.40217096,0,0,0,68.38495288,102.583146,0,0,0,6665.236809,175.6747578,12.97880955,0,8105.971187,0,0,0,0,0,0,0,0,0,0,0,0,0,0,0,0,0,0,89.27569026,0,1058.631408,0,0,0,0,147.1484331,0,0,0,0.68002401,215.720075,406.7741375,295.8276535,0,143.481955,293.2472404,0,4.703030381,0,0,0,0,0,11.17453261,0,0,0,953.0332497,32.96612862,24.27419947,0,0,0,0,218.9965935,0,0,467.1633227,0,0,0,1687.798988,8.704799688,26.63727694,200.0810317,62.83106107,512.814463,0,34.2422747,0,0,142.400897,550.0765751,0,0,0,0,0,0,0,0,0,14569.26039,0,0,48.08191815,0,50.61987196,0,0,0,0,7.320857043,46.48219858,0,0,0,0,7.395735507,0,25.13300402
"134","10168",0,0,8.796631028,19.24172654,0,0,0,22.62396705,0,0,0,17.65494426,0,8735.461992,21.62360788,0,0,0,5.342708114,0,0,0,0,0,0,5206.310007,0,19.0202278,916.5896431,3988.29452,0,0,0,0,0,46.03604417,0,0,253.0271282,0,0,0,0,4880.428826,1077.213332,0,0,261.6207021,0,0,0,0,0,447.6119929,822.1896459,0,0,0,0,522.1821193,0,0,2251.767458,508.603098,0,0,6.974696668,0,0,0,104.1724406,0,10.26871377,1022.843216,12.17562056,0,0,14.38813163,0,0,0,0,61.49157139,0,0,24301.07105,22.56010781,170.309506,0,0,0,0,0,0,0,27.50450518,0,0,0,392.6854238,0,0,0,30.41051148,0,122.7634422,0,3.728904538,0,4068.946827,7860.127879,0,0,0,0,2339.472228,112.4214582,94.19089265,13.92808778,0,13077.26219,0,0,141.7267091,1314.080388,0,83.74394931,78.67298445,0,0,0,0,31.00037985,15.4128307,0,31.43418869,0,0,0,0,0,2610.737429,0.500571473,0,0,0,0,0,0,64.02521062,0,44.77529682,0,2348.725469,0,0,0,0,0,0,47.69116402,0,0,0,0,0,0,17.96045658,0,0,6913.908607,8012.743005,0,10548.15481,0,556.6135865,195.5827481,0,0,0,0,1692.192355,5.047572603,0,210.3930976,151.5867406,0,0,0,0,0,0,7.495468765,2.280475835,5.959781635,38.08311534,0,0,22.48856317,0,4.075689205,63.3958176,0,206.2376762,0,61.51083441,63.68272936,37.93937018,0,0,0,0,237.3657772,44.252598,0,32.86628176,0,0,0,0,0,0,0,9.663425246,0,0,7.130290285,0,0,0,0,0,0,0,0,18.22459169,97.98972969,0,0,0,333.5934017,0,0,0,24.13391663,881.6453576,0,10.10495613,0,0,0,0,188.0562919,0,4240.856621,0,0,0,0,0,0,0,0,0,0,0,0,12.72948169,0,4265.486316,11.45765311,18872.41037,0,0,0,0,0,472.998765,0,0,0,0,0,0,0,0,0,0,0,0,3.924845275,120.6509974,6.836446491,0,0,1997.985221,0,0,0,0,0,0,0,59.93304494,0,9082.211834,0,0,0,314.5611647,1300.770133,0,0,0,0,0,5081.27409,0,162.5967426,0,161.404176,0,0,436.3939558,0,0,0,0,9.620595064,0,0,0,1228.032998,0,2021.095281,0,0,0,0,0,0,0,108.9854695,13904.29414,48481.92578,0,10.64570591,0,6581.633432,278.4756255,0,0,0,0,0,0,0,0,0,2.510268995,0,2.869923014,0,0,0,0,0,34.36522745,0,444.7450335,0,0,0,3.441330319,0,41.02064652,0,0,0,44.97021809,295.0031535,0,0,0,117.6655399,0,0,0,0,0,0,0,0,0,0,0,0,0,26.5635606,0,0,0,0,1567.98429,0,0,90.77173621,0,0,0,981.67042,9.465807054,29.30453552,0,0,224.4794575,0,0,0,0,0,0,0,172.4696806,0,0,0,0,5.268956255,0,0,3414.100251,0,80.56781356,18.91531,0,73.93807306,0,0,0,5.950423664,4.817646129,225.4509271,0,0,0,0,0,0,16.09995122
"135","10191",0,0,0,16.93932418,0,0,0,8.87472782,0,0,0,9.977133927,0,4443.571967,88.99499973,0,0,0,6.074249847,0,0,0,0,0,0,1807.899489,0,0,81.46293047,1569.204216,0,0,0,0,0,50.92375398,0,0,166.9368805,0,0,0,0,11433.40688,1222.162593,0,0,63.65067911,0,0,0,0,0,801.1723848,916.0717868,0,0,0,0,284.784583,0,0,1174.835088,232.3618266,0,0,0,0,0,0,0,0,15.82612671,43.3563121,0,0,0,449.7161278,0,0,0,0,86.98104954,0,0,37598.94563,0,102.7384529,0,0,0,0,0,0,0,0,0,103.7577614,0,262.9688441,0,0,81.67724107,25.13886069,0,130.849488,0,0,0,1737.532333,4546.589218,0,0,0,0,545.1357908,34.86289541,251.3585104,0.57549161,0,7305.699293,0,0,0,8253.416862,0,45.3721788,195.9843439,0,0,0,0,0,9.336115466,0,0,0,0,0,0,0,825.6088505,17.63588073,0,0,0,13.69401855,0,0,74.43849074,0,0,0,974.9547416,0,0,0,0,0,0,32.30558521,0,0,0,0,0,0,10.51544189,0,0,4108.375121,4530.008206,0,6649.78454,0,418.7444278,0,0,0,0,0,698.7511029,0.770850596,0,72.77139108,0,0,0,0,0,0,0,0,0.586370408,0,4.452960273,0,0,9.204676995,0,0,212.4591619,58.8393397,165.9328844,0,220.3622164,0,74.31338215,0,0,0,0,0,40.49985583,0,20.96164027,0,0,0,0,0,0,0,5.405067197,0,0,4.555103152,6.824273229,0,0,0,0,0,0,0,41.10308433,28.08252224,0,0,0,1.421954042,0,0,0,0,351.6166688,0,15.55689191,0,0,0,0,2679.796863,0,2467.325182,0,12.65456764,0,0,0,0,0,0,0,0,0,0,48.5700831,0,1357.755611,7.686407165,32309.70145,0,0,0,0,0,146.7908057,0,0,0,0,0,0,0,0,0,0,0,0,6.600500124,81.472524,0,0,0,820.415838,0,0,0,0,0,0,0,149.8953712,14.89100165,4078.686703,0,0,0,1005.63884,767.4045904,0,0,0,0,0,1382.792363,0,0,0,130.2601855,0,0,144.9749721,0,0,0,0,5.951865729,0,0,0,452.0470405,34.96242776,1245.414286,77.89258257,0,0,0,50.66165053,0,0,0,1693.66811,14271.18753,0,0,0,3693.956949,0,0,0,0,0,0,0,0,0,0,0,0,3.325504838,0,0,0,0,0,78.16633345,0,288.764811,0,0,0,0,148.7239568,0,0,0,0,0,0,0,0,0,0,0,0,0,0,0,0,0,0,0,0,0,0,0,16.78903979,0,0,0,0,446.9911694,0,0,0,0,0,0,2562.95241,0,29.84234106,94.76624386,0,0,0,18.23065224,0,0,0,778.044001,0,0,0,0,0,0,0,0,6.593761181,3979.67603,0,0,8.866909364,0,0,0,0,0,0,0,73.74842871,0,0,0,0,0,0,11.76416354
"136","10195",51.29366858,0,0,60.16994982,0,0,228.9746985,35.3283213,0,0,0,44.92339643,0,37778.13703,818.5042181,0,0,0,0,0,51.2423344,0,91.09581434,0,0,3572.790747,0,29.49208588,0,3386.011067,0,81.42476274,0,0,0,920.8732453,0,0,174.8234446,0,0,0,0,110978.1861,23145.46648,0,0,98.96165706,0,0,0,0,0,5783.257597,537.1695615,0,0,0,0,1293.979621,0,0,3074.883934,820.0559432,0,0,0,0,0,0,0,0,0,0,13.72641735,3.241294444,0,134.8487117,0,0,0,0,83.72071434,0,0,42235.85323,33.24804142,281.7278697,0,0,0,0,0,0,0,44.38995039,0,0,0,0,0,0,0,493.5355868,0,1019.947447,0,10.55021548,0,533.9793699,9724.909908,0,0,0,0,124.8375392,0,1692.612496,7.9161613,0,26057.46809,0,332.8682911,0,4713.019093,0,0,73.98766241,0,0,0,0,194.9073683,5.198875758,0,19.4634879,0,0,5582.635739,0,0,3660.520518,51.43346843,0,0,0,45.57662648,0,102.4505169,100.5266813,0,0,0,5141.05824,0,0,0,0,0,0,162.5384191,0,7.144709047,0,16.93331116,0,0,25.90493777,0,8.648079413,4259.21033,17009.31354,0,11918.84755,5.700656287,0,0,0,0,0,0,143.7858091,2.082743098,0,22.11025519,0,0,0,0,0,0,0,36.4428201,10.17713104,17.6246918,242.8946781,0,0,27.57007493,7.177932785,6.746586805,130.9754466,0,198.3611402,163.7494483,129.986136,0,181.1825174,7.905927905,81.42676269,0,0,131.6665362,142.2632226,43.8450506,2637.469865,106.6575801,0,0,0,0,0,0,32.91706606,0,0,18.30869319,0,343.3314491,0,11.84503387,0,0,0,0,42.73212064,20.59502193,0,0,0,0,0,0,0,4.541433985,1564.326718,0,39.97520407,0,155.8131203,0,0,0,0,10847.51213,0,68.13220766,0,0,0,0,0,159.9690732,0,0,0,0,49.8520296,0,3277.134316,50.97482768,124551.4074,0,0,0,0,0,14723.51777,0,4.310139065,0,0,0,0,0,0,0,0,22.76851443,0,6.949308565,4569.057284,25.17864405,0,0,410.5319513,0,0,0,0,0,0,0,466.7953409,0,175227.7845,0,0,0,1662.395683,0,0,0,0,0,0,711.9511001,0,274.3631849,0,133.9250697,0,0,0,1.981427666,0,0,9.727494647,0,0,5.039749734,0,440.4066829,38.28127812,1613.784683,0,0,0,0,114.2179382,96.61298162,0,0,255.1093982,12233.72859,310.7142063,29.36033188,0,20394.98554,0,0,0,0,0,0,0,0,0,0,0,15.96612392,4.597276757,0,0,0,0,0,1392.938581,0,4864.950934,0,0,0,0,0,0,0,0,0,1040.633088,1115.484021,430.2617556,0,0,2452.378148,0,0,0,0,0,0,0,0,0,0,0,1659.477762,21.51080299,434.9039993,24.2843346,0,0,0,0,0,0,0,0,0,0,19631.60846,0,57.09851106,0,170.0045766,6746.539201,0,69.52159095,0,0,0,0,15.51165921,0,0,0,0,0,0,0,106.297465,37448.20358,0,188.8888851,32.28334694,0,0,0,0,0,71.44192297,6.394923252,94.34511883,0,0,0,0,14.06992484,0,33.03861981
"137","10201",100.8302022,3.356937743,0,35.99726905,0,0,188.3727919,27.22131732,72.50506209,0,0,54.32159726,0,10998.63215,611.7827361,0,0,0,71.54428291,0,0,0,183.8318479,403.0532274,0,1502.017718,0,21.70323925,358.2068471,5186.623318,0,37.17619696,0,0,0,1780.329339,0,0,145.6153405,0,0,0,0,41613.5269,16472.89387,0,219.1649855,155.5690702,12.43465707,0,0,0,0,12866.93336,367.0079779,0,0,806.7131785,190.8950181,1661.106119,0,0,1933.780082,451.0485598,0,0,9.288478879,0,0,0,0,0,0,6.662697605,38.79396508,4.671713218,0,327.2987997,0,0,0,0,64.16349641,0,0,25330.1908,14.64462976,218.1548614,0,0,0,92.6201829,0,8.470809645,0,0,0,144.7553916,0,377.7901797,89.08518324,0,659.846472,238.3178365,0,1668.399518,30.82122167,26.3317344,0,2535.56932,15694.55451,0,0,0,0,476.7054791,24.76924457,1909.816928,12.60098189,0,9060.571415,0,360.6535199,149.5201722,2591.20817,0,46.13094759,295.669711,0,0,0,0,52.31213569,29.11674182,11.31565345,9.388040126,0,0,1279.380735,2.820985077,0,2642.717564,17.20083632,0,99.63918535,0,69.05325949,1718.481028,39.07757958,78.30328219,0,0,0,1927.922967,19.34557592,0,669.2456753,113.9111315,0,0,43.51958625,139.0361331,3.105017693,0,0,0,0,259.9839764,0,4.796003298,3118.255216,7917.799067,0,15582.9564,0,531.9622557,402.9410855,0,53.90983165,0,0,99.03544549,1.576647799,0,110.8707489,0,0,0,0,0,0,0,26.63644169,12.95017219,39.63615191,120.4139885,27.21059667,10.54892476,139.6315108,0,22.83932694,1075.498386,252.1364842,325.3334999,473.5373725,1266.403022,0,490.4366478,18.78289721,0,0,0,347.3591533,217.4284237,0,2974.741085,44.84559863,548.1074377,0,0,1.890879212,0,0,41.79368968,0,0,35.45868814,97.20434049,0,0,8.732552694,0,6.851042123,0,8.069625311,74.77428686,45.90197922,0,0,0,98.98353267,0,0,201.7533178,15.13902873,3715.318388,0,48.89373218,0,56.91277083,0,0,3621.402008,0,6902.273673,0,156.1684757,0,0,0,10.05914595,0,99.40582973,32.34769552,349.5227724,7052.582182,0,228.3998687,0,759.9058923,36.42926019,0,0,0,0,1.648160195,2.00021319,10593.27472,12.72864848,1.523251742,15.4902612,13.20945873,0,13453.02775,109.3002738,0,182.2654267,0,33.57049379,0,33.8406132,782.0732703,24.03760784,0,0,715.7048415,0,0,0,0,0,0,0,456.2084836,5.734415073,62261.72343,0,0,0,1796.393988,609.5752792,0,0,0,194.5940484,0,734.9477109,0,2741.578192,348.0763876,199.1160137,0,0,917.9621008,0,0,0,66.39989798,0,0,0,1.567963172,715.4647667,195.6473614,3199.430395,618.494827,80.66495227,70.53075661,0,286.6335178,190.3369917,0,0,265.4764895,2988.902387,0,0,0,9605.612074,0,0,0,0,0,14.47925188,0,0,0,0,5.660406155,5.377884466,14.07478703,0,0,0,9.716684824,0,12.09221978,333.8519824,1188.553064,0,0,0,0,644.3421398,0,0,0,0,285.5654913,0,1538.579182,0,0,403.2499137,0,49.57974823,0,0,0,0,0,178.3675442,0,0,0,8330.136563,0,89.60391572,21.49651164,0,181.2383085,5.236856105,0,0,0,465.6915227,0,0,0,8931.446314,0,272.3934111,0,0,2512.586328,0,24.05832183,0,0,0,3055.825075,0,0,0,0,0,0,46.95732737,0,13.84842804,34637.57215,0,0,21.6339654,0,41.41511883,0,11.7747808,17.95518801,133.0348806,14.60401882,440.8143125,0,0,0,0,0,0,89.39062057
"138","10213",0,0,8.355992478,29.54344918,0,0,607.6144088,15.76295111,81.96496829,0,0,48.20167854,0,2697.183039,300.1580927,0,0,0,145.2529353,0,11.25274274,0,206.1535782,0,0,668.9282543,0,33.4198143,115.4568805,3796.314165,0,53.86233171,0,0,0,134.028894,0,0,27.17424305,0,0,0,0,23941.80507,1103.720892,0,0,275.7471086,2.515860568,0,0,0,0,823.2757275,399.4663319,0,0,0,48.46180585,496.4713745,0,0,100.5604882,261.0184247,0,0,0,0,0,0,0,0,0,12.5999743,0,0,0,3220.158222,0,0,0,0,132.5032325,0,0,38482.18314,23.66044987,296.8593439,0,0,0,97.61341905,0,0,0,0,0,0,0,369.9362248,0,0,0,42.84359496,0,1217.467493,0,12.86788537,0,772.2200083,15144.7138,0,0,0,0,0,26.77397668,2591.478602,0,0,2435.852649,0,374.5229838,0,0,0,0,124.1056196,0,0,0,0,0,0,6.853310628,6.617137843,0,0,712.7191272,0,0,386.9539835,7.417545039,0,0,0,26.54469867,0,18.7522956,83.3319941,0,0,0,730.9725688,18.14340796,0,0,0,0,0,24.18476282,0,0,0,0,0,0,12.45777314,0,2.102782403,3871.892524,2668.481502,0,5613.763415,0,341.1900068,0,0,0,0,0,163.3727927,0,0,60.99477992,0,0,0,0,0,0,0,27.24703977,1.040094249,9.378954942,30.05478599,0,0,15.55601385,0,16.94819099,3129.067802,0,0,116.9796719,96.22978034,0,382.1624727,12.35729351,0,0,0,52.12270704,44.40237953,0,79.01030037,0,0,0,0,0,0,0,29.98585142,0,0,15.14842946,24.72232104,0,0,27.32060976,0,8.94144241,0,0,69.65028649,16.70905481,8.300884981,0,0,1.918442666,0,0,124.7334635,0,788.7290018,0,28.56314817,8.687972565,0,0,0,6499.38536,0,2617.047621,0,16.03065016,0,0,0,0,0,63.60114246,0,0,0,0,264.6936541,0,1419.010826,13.07254506,79190.71277,0,0,0,0,0,981.9590768,6.096377248,5.482318254,0,0,0,0,0,0,0,0,21.65417299,0,45.54299309,239.0115493,6.778192461,0,0,896.1304373,0,0,0,0,0,10.46200655,0,1367.966754,0,13547.36684,0,0,0,236.7083825,0,0,0,0,0,0,368.564418,0,0,0,428.8307953,0,0,0,0,0,0,7.249661484,0,0,0,0,349.7898226,25.42555101,493.2024445,34.19686009,0,0,0,50.17934308,180.3925171,0,0,0,1069.904237,0,0,0,3389.346498,0,0,0,0,0,0,0,0,0,0,0,0,0,0,0,0,0,0,713.0411531,0,296.9313808,0,0,0,0,0,0,0,0,0,0,0,579.8629767,0,0,0,0,0,0,0,0,0,0,0,0,0,0,0,0,22.29121228,11.02070308,0,0,0,0,0,0,0,0,0,0,7242.779245,0,56.67977119,150.5185953,0,753.4806418,0,11.73989831,0,0,0,0,0,0,0,0,0,0,20.47867311,0,22.01104687,4115.38218,0,0,16.59458224,0,0,0,0,0,0,0,174.9354884,0,0,13.61767717,0,0,0,74.69025857
"139","10232",0,0,7.131509343,54.34316053,0,0,0,20.78823993,77.41971311,0,0,37.69929028,23.42950986,5243.923249,266.331776,0,0,0,47.82294663,0,0,0,284.8857477,0,0,1292.365347,0,42.70975393,0,4914.893928,0,54.96406544,0,0,0,81.11995887,0,0,165.4346573,0,0,0,0,89874.56336,3514.127254,0,178.9298963,171.7808871,3.463655572,0,0,0,0,534.3490445,429.3701831,0,0,0,0,1756.276847,57.72593704,0,881.5425954,277.4446817,0,0,0,0,0,0,0,0,5.644165665,14.80807356,22.98534296,0,0,285.6905544,0,0,0,0,115.0288,0,0,23633.36734,26.52239228,297.2849275,0,0,0,0,0,0,0,87.70776647,0,0,83.15965106,526.2061564,0,0,0,55.25301569,0,1018.012185,0,0,0,2217.894103,19224.17212,0,0,0,0,812.1682176,13.10508578,1962.898577,24.3404881,0,4048.998759,0,1335.112947,105.4893418,0,0,38.83978574,295.3697788,0,0,0,0,0,29.05593371,4.12450985,41.1345357,0,0,416.2157257,0,0,431.9979634,2.797962806,0,0,0,42.86274822,0,0,68.17467099,0,6.387051229,0,1115.909642,0,0,0,0,0,0,138.0455139,0,0,0,23.79897277,0,0,24.24950953,0,4.580626938,2092.290016,4613.897977,0,10769.92246,0,392.5714645,0,0,0,0,0,485.8981596,0,0,89.1266842,0,0,0,0,0,0,0,33.89921124,2.817290236,7.681956464,89.79317811,0,1.767401129,40.05443426,0,21.13535099,1862.468591,0,466.696874,275.2142448,485.9065953,0,1092.554168,14.42269607,0,0,0,387.2790564,158.218047,0,108.4679496,0,0,87.39110678,0,0,0,0,36.18671117,0,0,12.44347672,30.07214814,0,0,8.794662825,0,12.10500548,0,0,42.40517177,8.697046209,0,0,0,95.69767573,0,0,281.0422266,11.72021005,1097.670526,0,22.26563741,0,0,0,0,17592.40593,233.6653522,3874.478192,0,51.14321974,0,0,0,0,0,138.1879181,0,0,0,0,159.7887619,0,1321.554339,25.20363982,107979.0589,0,0,0,0,0,893.1864054,0,0,19.92862994,0,0,0,0,0,219.2982266,0,63.77906214,0,35.05911035,680.9270581,11.68616196,25.8280676,0,1133.863066,0,0,0,0,0,0,264.8769226,493.1216084,0,7632.252966,0,0,0,316.6154407,0,0,0,0,31.77387402,60.26485677,902.5521683,0,0,139.2012214,46.23163953,0,0,0,0,0,0,2.496609499,0,0,0,0,401.5231712,33.49127217,1228.588045,76.05713772,0,0,0,122.7239662,159.9970682,0,0,3130.36839,1312.709221,0,26.08881581,0,4870.112751,0,0,9.214776509,0,0,70.9718437,0,0,0,0,0,0,0,0,13.64865538,0,0,0,3219.772902,0,553.6185437,0,0,0,0,223.217302,0,0,0,0,0,0,453.56851,0,0,0,0,0,0,0,0,0,0,0,0,0,0,0,0,19.76236669,0,0,42.2545945,0,0,0,0,0,0,0,0,0,0,27.66580514,348.9788513,0,1192.66264,0,2.133613665,0,0,0,0,0,0,0,0,0,0,20.53302435,0,36.72765602,6614.424597,0,0,13.01189209,0,764.1432475,0,0,0,17.71011364,12.43156129,128.5903763,0,0,0,0,0,0,12.16339018
"140","10238",0,1.845830317,7.938355262,20.61998887,0,0,0,119.0219476,62.40918529,0,0,38.43522155,0,3432.008824,131.2171404,0,0,0,44.40196603,0,0,0,279.3653382,0,0,3014.146539,0,32.16633548,100.7206089,2083.320166,0,44.34806301,0,0,0,83.46671108,0,0,191.9648234,0,7.267216301,0,0,106432.0277,699.5944844,0,0,163.1164839,3.021749296,0,0,0,0,62793.47502,943.2777272,0,0,0,80.16199316,2381.777466,0,0,2833.105093,9839.483094,0,0,4.570287333,0,0,0,0,0,0,23.21426162,0,0,0,2461.869304,0,0,0,0,77.79996926,0,0,38921.75332,0,0,0,0,0,0,0,0,0,36.37419632,0,0,0,569.280022,0,0,0,45.92999306,0,633.86518,0,8.803635101,0,1473.534904,9463.961842,0,0,0,0,778.7400137,15.77333331,650.4995831,0,0,8905.161273,0,487.2425324,0,0,0,29.05822701,213.4979368,0,0,0,0,417.9213305,68.20286128,0,0,0,0,0,0,0,2707.936005,12.63240982,0,0,0,49.13994928,0,26.4329707,63.1128596,0,17.37724459,0,1920.360564,11.25982771,0,0,0,0,0,113.1890537,0,0,0,0,0,0,62.21707953,0,5.473215282,6924.370606,7728.40464,0,23221.12679,0,1940.111856,0,0,0,0,0,1144.491631,6.204875533,0,221.8848973,0,0,0,0,0,0,0,45.86496462,6.844164547,13.58309415,105.7674679,10.97505456,6.377382046,81.73653268,0,26.70152657,2433.086076,0,0,245.335289,348.5192603,0,292.0100392,12.40884439,61.34905738,94.00497757,0,196.7792041,49.83341377,0,337.2972909,0,0,0,0,0,0,0,51.71295403,0,0,15.34696054,11.45787688,609.6698216,0,0,0,0,0,0,31.90258489,57.91929656,0,0,0,162.6776745,0,0,121.8871748,0,4538.671886,0,15.44149305,0,0,0,0,0,491.8750152,8401.60271,0,144.0309524,0,0,0,0,0,124.6343845,0,0,0,0,29.06342931,0,544.9676959,63.81006248,222860.469,0,0,0,0,0,4361.958368,0,0,0,0,0,0,0,0,0,0,0,0,27.02787681,339.7224781,101.5668722,0,0,641.7255184,0,0,0,0,0,0,0,323.2728573,0,82478.60704,0,0,0,532.1335336,0,0,0,0,0,0,585.905519,0,0,0,284.2856981,0,0,0,0,0,0,22.05498115,607.9741149,0,0,0,110.9283251,100.6636826,776.0772089,86.38599937,0,88.66954785,0,187.5327241,235.7206947,0,0,0,128268.2825,644.4608457,43.80979067,0,7992.858092,313.3224647,0,0,0,0,0,0,0,0,0,35.03058336,5.016672487,81.38932268,0,0,0,0,0,123.2741686,0,782.2693408,0,0,0,0,415.4792395,0,0,0,0,0,1491.999759,818.6962498,0,0,0,0,0,0,0,0,0,0,0,0,0,0,424.4963574,0,2154.770754,0,0,162.9396728,0,0,0,0,0,0,0,0,18637.39922,0,1055.630274,264.1884623,0,0,0,6.469095796,0,0,0,0,0,0,0,0,0,0,0,0,12.8814008,12340.27909,0,0,44.3521609,0,1276.719536,0,0,0,0,0,256.2529137,0,0,0,0,26.04306122,0,46.45354866
"141","10260",0,0,9.792742101,12.90315331,0,0,417.8103674,0,0,0,0,15.18440707,0,761.3317501,81.59821687,0,0,0,44.16190088,0,0,0,66.76515966,0,0,747.6028628,0,0,229.0691096,1103.399703,0,73.27704288,0,0,0,93.9980632,0,0,0,401.199699,0,0,0,21798.9125,3673.53936,0,0,18.1699521,7.72991593,0,0,0,0,12649.96924,24.50937703,0,0,0,769.0860842,250.3894779,30.21211447,0,19.12133663,58.05184935,0,0,0,0,0,480.9844067,0,399.7599952,0,0,9.643738922,0,0,1196.697073,0,0,0,0,121.8835876,0,0,79734.19788,27.35589532,0,0,0,0,0,0,0,0,0,0,0,0,0,0,0,0,33.644204,0,6144.662636,0,0,0,195.672861,14354.70404,0,0,0,0,0,0,1395.527018,0,0,510.0223442,0,0,0,20.58220495,0,0,82.28361546,0,0,0,0,0,10.12654938,6.144135568,0,2.758389358,0,480.4440344,0,0,171.8002636,125.8151956,0,0,0,11.82783842,0,0,55.54262568,39.80421797,7.065963296,0,62.3308781,31.10911724,0,1028.10715,0,0,0,38.51231055,1125.267094,0,0,0,0,0,219.9511947,0,0,1687.175827,169.1624274,0,3041.102375,0,37.78771456,211.519637,0,0,0,0,79.41666578,0,0,46.38407583,0,0,0,0,0,0,0,16.668725,1.757678776,3.784682289,32.51962838,0,0,7.719994684,0,4.549500369,1713.745663,0,95.87527208,48.09363346,0,0,553.9382359,15.30998428,23.4576267,0,0,0,18.18180286,0,9.378878973,0,82.51959615,0,0,0,0,0,17.37699251,35.20504039,0,12.34631398,19.56983838,0,0,111.1379172,0,40.310017,0,0,44.26297238,0,0,0,0,0,0,0,0,0,112.0466408,0,148.8246665,10.28165624,0,0,0,5623.56971,0,86.98633377,0,0,0,0,0,0,0,65.41721929,12.38910915,0,0,0,610.5634964,0,1295.622172,123.3468774,0,0,0,0,0,0,78.13702283,7.087092811,13.25454763,12.82143619,0,0,251.3171293,89.23077792,0,0,0,0,0,13.79279591,34.68127886,0,21.37866333,0,220.5305274,0,0,0,0,0,0,0,282.8018102,0,1835.851876,0,0,0,22902.7229,206.4522388,0,0,0,10.9926164,0,121.5153353,0,0,159.0823509,367.6072722,0,0,0,1.075513321,0,0,15.7089797,0,0,0,0,66.47373117,0,117.7539693,0,0,0,0,0,0,0,0,0,806.4606481,0,0,0,288.8897569,0,0,0,0,0,0,0,0,0,0,0,4.613430813,0,0,0,0,0,0,40.62831301,0,44.83396256,0,0,0,0,0,16.29296406,0,0,0,0,0,83.89494113,0,75.47666454,0,0,0,0,0,0,0,0,0,0,0,0,680.7035164,0,70.50469434,0,0,38.65439553,0,0,0,0,0,0,0,0,0,0,82.27260871,0,0,0,0,25.09187879,0,0,0,0,0,0,0,0,0,0,44.76510181,0,0,5624.274131,0,299.6583526,16.0373383,0,0,0,0,0,40.19836719,5.971885739,110.8619297,0,0,0,0,0,0,36.85325253
"142","10266",41.69744439,0,15.17679434,46.14797486,0,0,252.2160416,34.05594131,0,0,0,54.68394844,0,1942.554516,393.1202035,0,0,0,40.64373704,0,0,0,59.86961275,844.9073653,0,1484.386785,0,30.07471985,338.22011,2751.955765,0,68.9507702,0,0,0,775.8788639,0,0,50.91590894,209.3758404,0,0,0,68568.24408,24713.122,0,0,33.42558845,160.631558,0,0,103.7817609,0,46.8959092,145.8128583,0,0,61.4325899,145.5795564,228.8713043,0,0,81.21251295,1114.092635,0,0,0,0,0,0,0,327.6767184,0,4.782871367,15.79856817,4.19680278,0,129.5177578,0,0,0,0,120.399441,0,0,50256.97147,11.67618921,0,0,0,0,0,0,0,0,0,0,0,58.36042516,0,0,0,53.38662212,2367.792621,0,5570.102876,0,0,0,474.4865396,10658.5667,0,0,44.18027752,0,167.0888893,0,2918.769718,0,0,1756.109557,0,0,0,158.5239192,0,0,205.6565375,0,0,0,0,0,12.30523816,13.01573912,0,0,0,594.3904361,0,0,496.1104321,66.18299917,3.493918831,208.870382,0,31.18278267,0,163.2493804,94.61845559,0,5.673228042,0,199.4284919,0,0,0,0,0,0,49.85075214,0,0,0,15.8207,0,0,929.9404359,0,0,1857.199299,601.3769821,0,6199.959808,0,87.92878124,502.167675,0,0,0,0,139.3746729,0,0,55.32446819,0,0,0,0,0,0,0,75.87539834,64.77609409,54.23782778,835.2709882,30.19784195,17.03927114,31.09563694,57.32042999,62.68713579,162.1637011,0,174.5997482,68.77500536,116.3135589,0,196.7012083,23.59577682,0,0,331.012374,0,76.84802433,0,2040.643197,23.95426293,518.0791473,0,0,0,0,0,44.50435008,0,0,33.9742429,36.38007639,0,0,12.10488902,0,5.956522764,0,20.57187681,18.2157258,8.032279697,0,0,606.3200754,105.4541482,0,0,0,0,583.7275498,0,166.4736036,0,0,0,0,3601.017074,0,590.9163176,0,8.788979483,0,0,0,0,0,172.7999052,10.11161135,0,0,0,177.7648924,0,804.1245768,109.6029629,0,0,0,0,0,0,12823.27346,41.25056221,7.623695185,15.56535708,15.1216214,0,0,0,0,0,0,0,0,112.3403462,83.63932003,33.77051148,0,0,384.0870521,0,0,0,0,0,0,0,252.3839722,0,1569.222413,0,0,0,2687.377624,58.2568213,0,0,2.761229844,10.96871476,0,852.4490343,0,0,0,1341.411805,0,0,0,0,0,0,6.018550344,0,0,0,0,117.9562874,43.34587877,783.3041859,47.36105098,0,0,0,74.72905838,37.22194862,0,136.8053489,0,645.0886734,0,15.16825223,0,825.9642773,0,0,0,0,0,35.91459362,0,0,7.216169718,0,0,12.41883748,11.48647592,0,0,0,0,0,11.1680669,350.0209126,132.4998528,0,0,0,0,111.7123332,0,0,0,0,631.6436411,0,1167.556464,0,0,1238.985664,0,0,0,0,0,0,0,0,0,0,0,2117.994317,0,35.07029645,45.0680627,0,0,0,247.2459846,0,0,3350.376153,0,0,0,0,0,519.9260454,0,0,2256.173648,0,21.18749324,0,0,0,498.735189,0,0,0,0,0,0,22.35845638,0,7.772441254,32195.05627,0,0,136.66968,0,155.5009054,0,0,0,133.2907644,25.48942867,50.80005397,86.20415717,0,0,0,0,6.996915066,50.42878224
"143","10284",0,0,23.35819244,106.3107854,0,0,432.5831848,0,0,0,0,12.34202689,0,3480.687474,263.2438794,0,0,0,42.29946493,0,0,0,44.70069581,0,0,751.7448106,0,0,173.9164819,3031.379951,0,334.777473,0,0,0,118.5294977,0,0,0,314.212187,0,0,0,35115.47287,287.6511521,0,0,43.62776348,0,0,0,0,0,99.15159286,149.0758949,0,0,0,0,827.5650385,52.42692314,0,0,16.67940866,0,0,0,0,0,0,0,889.2455818,0,0,16.61103765,6.904617791,0,19.65428399,0,0,0,0,63.56109906,0,0,66394.04438,81.70762401,0,0,0,0,55.3768104,0,0,0,0,0,0,0,0,0,0,0,49.3046185,0,408.1909775,0,13.74791453,0,1233.236955,31451.28313,0,0,0,0,0,29.16656018,379.3937129,0,0,1224.993164,0,0,0,0,0,0,110.5849239,0,0,0,0,0,0,16.42678694,36.49387013,8.241165055,329.0888084,2074.240905,0,0,253.3792511,2.00896503,0,0,0,23.61113878,0,35.16213723,104.4357497,0,23.62818494,0,337.6706621,0,0,1337.748018,0,0,0,230.0284042,0,0,0,9.004408796,0,0,7.145806745,0,0,996.8909709,1333.930941,0,2101.725473,0,40.30523991,0,0,0,0,0,350.425381,0,0,81.72169496,281.9018649,0,0,0,0,0,0,15.52352535,0.651738641,3.61528351,38.37960383,0,0,7.083805432,57.94926325,5.98947193,2221.82104,0,140.9320975,56.8791371,0,0,1606.431558,13.74817964,0,0,0,52.37764972,86.77255297,0,15.75006049,0,382.6850307,0,0,0,0,0,25.75958158,0,0,34.5521121,34.01375484,0,0,23.57914749,0,24.35783888,0,0,41.07848236,10.22930098,0,0,278.3808953,79.87921096,0,0,0,0,235.0407676,0,63.05111186,0,66.56564975,0,0,8791.241485,0,480.6177594,0,0,0,0,0,0,0,0,0,0,0,338.9079493,29.85888363,0,3240.63187,14.59961645,0,0,0,0,0,0,104.1383267,17.66001439,0,0,0,0,0,0,0,0,0,222.2696453,0,5.745616717,0,0,48.38740211,0,1063.079207,0,0,215.2771956,3234.288555,0,0,0,213.4220174,0,1894.306192,0,0,0,155.564434,0,0,0,0,0,0,569.3651011,0,0,0,200.0127388,0,0,0,0,0,0,0,0,0,0,0,150.6079951,0,391.4785764,0,0,0,0,0,0,0,0,0,635.2401345,0,27.58850122,0,1462.345953,0,0,0,0,0,0,0,0,0,0,0,3.230265216,0,0,4.663638467,0,6.649892296,0,1991.047589,0,166.9048854,0,0,0,0,0,0,0,0,0,0,0,319.0726313,0,0,0,0,0,0,0,0,0,0,0,0,0,0,0,0,6.021230689,4.105671876,0,0,0,0,0,0,0,0,0,0,0,0,9.33560802,0,0,1589.36696,0,0,0,0,0,0,11.0119249,0,0,0,0,0,23.15944709,0,45.83396869,2136.200525,0,190.5444195,7.285872373,0,0,0,0,0,12.34195382,9.992538247,237.7693094,120.4900181,909.4656938,0,0,0,0,0
"144","10303",23.67125527,1.873456093,0,16.09436053,0,0,0,25.01424465,0,0,0,34.88181076,0,5196.021307,369.7365035,0,2037.741982,0,25.30636364,0,0,0,87.56252179,0,0,1306.722129,0,15.37048372,459.0336947,5185.467689,0,0,352.2500046,0,0,85.40795589,0,0,123.7972155,0,0,0,0,44003.62154,1929.225208,0,0,119.2082693,0,2.97547645,0,0,0,1130.488763,451.1774335,0,47.67228313,0,180.2404841,877.4169691,0,0,829.361863,1353.395978,0,0,0,0,0,0,0,0,3.083089029,12.69339572,1.439825241,0,0,1942.742777,0,0,0,0,60.9430654,0,0,180.592784,24.08487419,151.6842409,0,0,0,0,0,0,0,23.30856334,0,0,0,113.0925323,0,0,0,41.07660329,0,778.3333359,0,14.09357102,0,928.1137485,15095.10195,0,0,16.39263115,0,230.3965985,10.44774467,855.370035,0,0,2985.921724,0,124.9957027,57.0702682,336.0557459,0,34.77797939,99.1996899,0,0,0,0,70.06573589,12.50091209,0,9.482416495,0,0,221.0367361,0,125.2263826,1180.857027,12.29884514,0.672596855,0,0,26.87718894,0,14.76293447,0,0,0,0,680.482053,14.76103176,0,0,100.8515664,63.83025937,0,120.7501549,0,0,0,23.59605172,0,0,17.66570697,0,0,2576.038471,3972.610067,0,6548.9889,0,227.9046296,147.8254591,0,0,0,0,217.2338209,0,0,233.3548456,0,0,0,0,0,0,0,25.85281011,25.74051456,18.23059251,124.004999,0,3.637773511,24.65442518,0,12.18524044,850.8713357,0,226.2693644,122.4995256,0,0,0,9.428974826,12.56320801,0,0,38.44606236,106.8770606,0,96.19665478,9.656817204,0,0,0,0,0,0,24.61721628,0,0,32.65415259,43.67285468,0,0,10.70300632,0,11.97591617,0,0,92.99860254,110.4613117,20.68396586,0,0,0,0,0,0,0,2266.111739,0,0,0,36.17675271,0,76.38397858,8804.739699,0,3343.100566,0,44.71235703,0,0,0,0,0,61.65951486,18.9038009,0,0,101.8883856,477.4817576,0,1763.325739,90.31911434,36674.84746,0,0,0,0,0,534.2343401,3.718572916,9.599190054,12.5793597,3.966245255,0,55.73189616,0,0,0,0,15.59930282,0,31.20599138,251.424126,0,0,0,702.9314602,0,7.813344203,150.2222021,210.5573452,0,0,0,159.8130328,0,7997.753313,0,0,0,475.8583409,80.6052411,0,0,0,201.4902306,0,776.0780541,0,0,186.4241328,197.0959332,0,0,432.7975759,0,0,0,6.732735079,48.69544926,0,0,0,304.7601503,0,1167.082122,104.5698562,0,0,0,63.82712784,56.64412007,0,0,993.0926366,10229.57176,266.2795311,11.73114328,0,3528.449938,0,0,0,0,0,48.22673029,0,0,0,289.5726061,2.957370174,0,21.69731751,0,0,0,0,0,0,0,679.5617494,0,0,0,0,0,0,0,0,0,0,0,0,0,0,0,0,0,0,0,0,0,0,0,0,0,0,0,0,27.23158669,13.75950014,0,0,91.11570949,468.9203558,0,0,493.7749658,91.60435286,0,0,11476.54824,55.55593501,40.52318675,0,0,415.2026668,0,16.32281251,0,0,0,635.5962667,0,0,1.229766202,0,0,0,55.13832241,0,8.368194147,7607.184845,0,119.9009562,13.96743158,0,0,0,0,0,8.553823854,6.398112836,113.1133034,5.618189695,0,0,0,0,0,45.93880075
"145","10307",29.79062909,1.196067582,12.0932468,44.25474503,0,0,579.9943368,144.4952887,73.07211902,0,0,26.86471306,0,7310.939706,685.397033,0,1918.060471,0,80.15636614,0,1955.239308,0,457.6913214,0,0,1065.373475,0,83.05229965,233.6952015,8232.042308,0,57.93013995,121.1769277,0,0,164.5671788,167.4773015,688.9232625,277.7796216,307.3886427,0,0,0,9756.555835,39.76748268,0,97.31224722,369.276682,10.19273913,0,0,0,0,514.2026785,744.8276282,0,525.230749,0,113.1809306,3949.821213,54.19348814,0,2803.278121,17066.92631,0,0,0,0,11.47041201,0,0,0,54.09924993,30.42146143,1.678995554,3.067552912,0,780.2192909,0,0,0,0,75.29520122,0,0,344.2698209,0,0,2.237181543,4.64654329,26.72711332,46.10253766,0,3.269009086,0,975.5600913,0,51.94412601,74.86413373,0,87.55281033,0,463.4646665,64.5350598,0,249.7397044,24.92787442,8.548066088,0,2984.137667,25015.53101,657.2720029,0,20.23733102,0,452.9237789,21.67568537,2776.950745,83.45069005,0,1990.186906,0,1437.084033,231.5156338,305.3374523,0,44.27676079,325.7610106,0,104.6469976,0,0,659.0509728,135.2588105,9.491828523,58.25657383,0,0,0,0,525.2100744,1988.731006,3.400057978,0,0,0,49.70132289,188.4270851,58.57084783,0,22.5488273,58.09413445,0,2508.684501,20.19769047,0,0,397.6396292,85.3912094,0,305.9063474,437.3692466,0,0,0,611.197858,45.74854452,45.74151225,0,7.524408096,2344.081185,8521.843563,0,22244.16758,0,593.6418545,134.4305809,0,19.55444553,0,0,555.5218838,0,0,285.2693421,0,0,0,0,273.1707534,0,0,245.9655351,2.177590078,6.55623525,94.43052637,0,2.030968064,88.78422716,0,22.77576441,2405.370587,57.06418835,156.2790894,209.1725108,84.45842933,0,947.8515437,21.10846566,7.786143816,0,0,305.7770268,216.4667456,0,88.89313488,19.02244421,680.9126173,113.4757927,0,0,0,0,113.8555875,0,0,145.7401971,42.00746171,99.18017822,0,0,0,16.66155636,0,0,0,754.1458479,0,0,0,0,0,0,102.7833062,20.41409006,4915.891161,0,0,0,91.69414119,0,0,1765.489725,0,4283.553992,0,0,0,0,0,0,0,433.2950186,0,0,0,253.9740928,83.86353754,0,1255.47549,283.7972393,5068.219913,0,0,0,0,0,428.7599573,9.266338915,4.99413895,18.45988052,0,0,1493.226575,30.5846767,132.258392,239.7217928,0,64.72456202,6.311639485,72.29020124,120.0216745,109.2913115,76.80322099,0,1585.68666,0,0,33.25655875,0,0,0,0,197.4538246,0,11830.12545,0,0,0,2555.529786,589.2274125,0,0,0,20.34430209,14.96019329,2226.985288,0,11507.04351,134.0830032,3388.149751,0,57.44592313,745.6855079,0,0,0,39.05106486,120.2682293,0,0,0.597520761,341.6869298,0,1168.986311,0,63.10991058,89.68504843,22.82018785,161.8749614,250.3474506,0,0,2995.915534,163049.5077,1004.273407,65.97084448,0,6370.982872,419.9625352,0,16.89955229,0,0,0,0,0,0,0,29.2624227,8.799244769,127.9081016,0,0,56.63000441,21.78958793,0,0,0,778.7289983,0,0,0,2.937483449,90.6239481,0,0,0,0,0,377.1875988,642.4730623,203.7120319,0,0,0,14.10008822,0,0,0,0,0,0,0,0,0,0,0,201.5955023,0,0,73.44703554,54.12319932,47850.63456,6.01187377,0,0,179.9597294,0,22.41405411,983.6748316,19.04290867,941.8387589,196.6861776,0,113.6626352,0,0,0,8.436134321,0,385.7510675,0,0,0,0,0,139.4296214,39.33030498,0,13.5022242,4712.322934,0,77.44092862,37.30997568,0,31.55090162,17.39822378,0,0,0,8.164734803,423.1734542,6.676688861,0,35.15702481,0,22.50417998,0,47.60102674
"146","10322",13.10095171,0,11.25964947,18.22438636,0,0,6501.329032,0,0,0,0,22.2013879,0,1480.080557,268.5814195,0,2393.681448,0,31.77339029,0,19.01793127,0,92.91053544,33.32338879,0,1928.890211,0,0,374.9396214,3006.359061,0,446.9514123,172.4386994,0,0,129.8272831,32.67090445,0,43.00775332,458.9304816,0,0,0,52787.35017,3495.720881,0,0,97.64132837,6.511205281,11.29240243,0,0,0,80.53093089,121.0031199,0,0,20.79359741,218.4535719,437.1801609,39.39618648,0,93.07284501,158.6400296,0,0,0,0,0,0,0,0,0,0,8.333903319,4.195896763,0,1262.908319,0,0,0,0,112.336653,0,0,193.4348102,96.59642553,131.4197249,0,0,0,32.66230959,0,0,0,0,0,0,0,0,0,0,0,73.91816682,0,1006.178924,0,20.6369597,0,452.0856949,21771.3418,0,0,9.59490599,0,0,0,6291.531474,0,0,1255.731792,0,0,79.93223809,0,0,0,90.59879525,0,0,0,0,0,24.56716248,11.22285773,9.451989361,5.589375948,511.1924818,2473.164068,0,0,509.9763782,6.610720902,0,0,0,21.27598105,0,95.95470023,0,0,18.28309675,0,163.796735,10.45910171,0,0,0,0,0,138.9876651,0,0,0,13.30993473,0,0,7.091838963,0,0,1422.557879,460.569127,0,4630.73999,0,55.29767018,99.22588495,0,9.831623215,0,0,79.47168074,0,0,64.14856459,0,0,0,0,0,0,0,18.93340175,4.285689442,10.31295574,103.4228064,0,0,19.90960426,0,17.45552709,1972.033443,0,116.1234374,74.41185506,0,0,1168.863038,27.85742486,0,0,0,0,65.09921313,0,13.17236179,0,444.0693139,0,0,0,0,0,49.49787034,0,0,40.59402412,46.07593133,0,0,8.574958928,0,14.87300988,0,0,0,2.95033084,9.348693204,0,0,0,0,0,0,13.53298807,260.3549848,0,0,35.54572845,50.24697349,0,0,0,0,167.0903544,0,0,0,0,0,4.850319224,0,0,26.95161144,0,0,135.2100703,93.44464444,0,1743.251545,66.43926706,37146.18125,0,0,0,5.942870198,8.800286533,146.8170597,0,10.25020742,24.06553523,8.150025867,0,0,0,0,0,0,175.8060241,0,40.09267058,32.83414925,0,57.87390003,0,301.2826816,0,0,0,0,0,0,0,179.4213847,0,1590.983837,0,0,0,159.7414289,0,91.15195237,0,0,20.54629304,14.9754863,296.7339115,0,0,327.9680369,0,0,0,634.444199,12.13530009,0,0,0,9.933862959,0,0,0,74.46025242,93.0088013,198.4180463,42.02104718,0,0,0,0,0,0,0,0,0,123.6989856,18.85088457,0,458.9711982,0,0,0,0,0,0,0,0,0,82.27452221,11.97625272,6.571081832,1.787159602,0,0,0,31.36136271,0,0,0,105.2845647,0,0,0,0,0,0,0,0,0,0,0,203.6605008,0,0,0,0,0,0,0,0,0,0,0,0,0,0,0,0,14.13508942,9.507392511,0,0,13.511677,0,0,0,45.16911255,0,0,0,8964.061624,0,79.29739372,0,0,765.2913234,0,0,0,4.634124079,0,0,0,0,0,0,0,0,53.36562126,0,10.77756841,1341.344821,7.546090906,146.8839525,42.56558741,0,0,37.22808238,7.503560699,0,36.7641755,14.72258369,97.56565307,5.951759124,563.8821137,0,0,0,0,4.319144605
"147","10332",14.88278396,0.767436418,0,46.74147187,0,0,251.9644844,0,0,0,0,32.78231912,0,3514.112825,343.1314033,0,1360.182058,0,43.12491282,0,12.94423994,0,111.8003349,0,0,1432.548845,0,16.28023696,370.1151589,6780.598143,0,84.07746135,0,0,0,150.6865246,10.20913734,0,23.4904356,0,0,0,0,43932.29772,628.2492672,0,0,49.93071435,0,9.314182708,0,0,0,659.599187,146.9000517,0,0,16.23729369,40.80357234,381.0682971,40.65312337,0,92.33288328,84.33140319,0,0,0,0,0,0,0,0,0,0,25.47293929,0,0,2691.486615,41.36553052,0,0,0,97.45494225,0,0,63.19305411,255.2205241,297.9551705,0,0,0,73.92061636,0,0,0,0,0,0,0,0,0,0,116.8154946,59.19182402,0,657.4697366,0,17.32567789,0,1167.648821,26462.46882,0,0,12.76773329,0,104.0599506,5.730780635,5100.715408,0,0,1011.287564,0,121.6177133,58.7946118,104.1678419,0,0,93.40506682,0,0,0,0,0,12.92043086,0,34.78077298,0,0,211.6869773,0,0,387.7744932,10.74737865,0,0,0,55.10560127,0,11.53936434,0,0,0,0,381.4244926,32.83305368,0,0,0,66.76778942,0,153.1811858,0,0,0,16.71241657,0,0,16.10353709,0,0,3643.118482,1790.270881,0,3576.593607,0,125.5415802,73.79564236,0,10.88102956,0,0,251.1474888,0,0,90.42885025,198.8281375,0,0,0,0,0,0,12.42233463,0.912129719,8.81301759,41.57479368,0,0,5.031746753,0,11.0027698,1315.433154,0,107.7141181,102.4676851,26.16493403,0,963.4572647,11.20411218,23.07951821,0,0,71.01951732,32.18476926,0,15.15831202,23.4947646,0,0,5.863566379,0,0,0,77.66064654,0,0,31.48758707,32.01855755,216.4938464,0,30.06387597,0,13.72465559,0,0,0,5.025097331,3.449608216,0,0,0,0,0,0,0,270.5044871,0,0,0,44.61476175,0,60.6776129,0,0,381.8238333,0,0,0,26.92792832,0,3.929997274,0,0,0,0,0,0,572.6110999,0,1897.096352,10.20880778,37416.51297,0,0,0,0,0,108.380724,0,5.100382371,13.13838989,1.908665038,0,225.3758236,0,0,59.69173547,0,24.30079322,0,16.42604645,138.3338857,0,31.97178721,0,516.0563819,0,0,0,0,0,0,89.18172935,217.5235909,0,2460.380173,0,0,0,0,18.63664913,116.0026305,0,0.852613071,0,0,614.2308226,0,0,0,163.1922824,0,0,614.5605417,2.651473127,0,0,0,0,0,0,0,190.098746,4.022660761,387.7931667,22.881895,0,0,0,46.8825102,111.7548335,0,0,0,690.607773,145.6207489,0,0,1813.64253,0,0,0,0,0,0,0,0,0,133.8241829,5.299958673,0,6.691472002,0,0,0,55.29848555,0,0,0,255.5694953,0,0,0,3.9888203,0,0,0,0,0,0,0,584.6887714,0,0,0,0,0,0,0,0,0,0,0,0,0,0,0,0,14.78721354,8.551078733,0,0,0,0,0,0,0,0,0,0,7703.422616,87.99048592,6.61060813,0,0,643.0034113,0,23.76189037,0,0,0,0,0,0,0.746205333,0,0,0,0,0,56.37852036,1446.40587,0,411.2465446,6.941966446,0,0,14.02753639,7.815064621,0,0,5.960959907,122.2380268,0,0,0,0,0,0,68.70882256
"148","10380",0,0,15.61423664,19.54828997,0,0,617.592944,4.021154881,0,0,0,8.616817529,0,2865.761044,164.095023,0,0,0,12.87250087,0,18.31860377,0,45.7106497,0,0,442.8912931,0,0,218.8754459,1664.634288,0,166.8918316,0,0,0,62.70520839,19.08996266,0,30.64003373,314.8833265,0,69.54796562,0,66323.97912,3.807070576,0,32.70706479,35.24583618,0,0,0,0,0,164.7849518,53.6408232,0,0,0,0,660.5323994,6.313544639,0,43.46069695,12.2089478,0,0,0,0,0,0,0,0,0,0,5.85112837,0,0,1315.238315,65.9874812,0,0,0,44.51590755,0,0,32822.39906,152.9023961,593.4589343,0,0,0,28.97310229,0,0,0,0,0,0,0,0,0,0,0,42.00262236,0,285.1401288,0,8.997778113,0,1460.960929,11824.34121,0,0,7.919271059,0,0,0,2129.688496,0,0,964.3272333,0,0,0,0,0,0,0,0,0,0,0,0,0,18.15886791,5.177109445,0,526.1077786,2158.587553,0,0,225.6118509,4.331794496,0,0,0,16.25605153,0,10.7918942,0,0,0,0,167.2578901,0,0,801.173989,264.7755447,282.0018399,50.89215217,34.41689824,0,0,0,32.10116355,134.0044923,0,7.417171864,0,0,0,739.7578156,0,1743.996025,0,0,78.84112118,49.67325965,0,0,0,159.2900051,0,0,59.42296989,61.63342293,0,0,0,0,0,0,29.29240744,0,3.985208885,29.35819971,0,4.586423193,4.818680729,1.949235378,2.008974609,567.2840462,0,107.9575045,34.18450613,0,0,506.792755,9.716423264,13.16505199,42.4829667,0,0,66.30485136,0,16.21294412,0,0,0,17.31587486,0,0,0,20.41772994,0,8.928927937,0,23.59931412,0,0,8.864180518,0,0,0,0,36.33473815,9.494441813,0,0,56.11201049,24.61826027,0,0,19.83791225,0,225.0227989,0,0,38.77266461,42.35972008,0,48.94973809,9319.212048,0,264.8429368,0,0,0,0,0,0,0,29.02828263,20.89218275,0,0,837.8721214,852.3653055,0,1213.353165,11.67701337,47906.76795,0,0,0,0,0,116.6070094,16.96780612,7.337040174,11.84452539,9.276312556,0,13.61697359,27.94291033,0,0,0,23.57894298,0,13.32586909,23.67698764,0,43.70168636,0,682.8299643,0,0,148.121275,23.82675993,0,0,0,204.3388939,0,1255.704277,0,0,0,164.3770516,0,0,21.40070128,0,50.17475142,0,334.2356266,0,6859.247734,306.8274624,57.68251369,0,0,235.1635853,5.346591887,0,0,0,0,60.64608858,0,0,106.084676,0,187.2802686,7.250237454,0,0,0,19.22366598,0,16.22024836,0,124.505417,0,178.1809712,26.92873975,0,1011.460305,0,0,0,0,0,0,0,0,0,0,0,0,0,0,0,0,6.727115322,0,0,0,216.8868978,0,0,0,0,0,0,0,0,0,0,0,0,37.28319323,0,101.4599969,3290.180416,0,0,0,0,0,0,0,307.5059381,0,0,119.5929391,0,0.659124713,0,0,30.92948209,0,0,0,0,19824.41167,10.9655519,0,0,0,0,17.97001642,0,0,2795.64798,0,0,0,0,0,0,0,0,0,0,0,122.8177967,44.81638242,0,11.41335487,961.7988125,0,336.1296206,0,0,141.9611411,0,0,0,0,0,89.71975186,18.97942251,1440.002155,0,0,0,0,0
"149","10461",65.41710421,0,18.25330697,27.6869615,0,0,406.2874034,19.61722216,37.62740223,0,0,25.18506005,34.00171765,3969.07076,597.2577887,0,0,0,36.94847871,0,11.14636243,0,154.6084659,81.81001149,0,1511.245323,0,15.7062973,573.4099563,5449.934926,0,58.79248816,0,0,0,135.1118904,19.93007416,11.65187812,62.82917723,277.6136492,0,0,0,35388.03105,1103.985592,0,0,39.34709421,3.064180434,0,0,0,0,819.6155573,177.420221,0,0,0,11.66419797,312.2747806,41.32317572,0,321.8348279,73.27935801,0,4.872753418,0,0,0,0,0,0,0,0,6.237592345,0,0,1861.122,0,0,0,0,91.2031314,0,0,69744.20526,87.8680366,0,0,0,0,42.73843108,0,0,0,0,0,0,0,0,0,0,0,48.02936704,0,224.1875691,7.816379181,5.79932293,0,924.7322248,33543.5842,0,0,11.08719468,0,0,11.25749976,2580.664897,11.35830996,0,1734.564055,0,212.9314938,0,0,0,0,0,0,0,0,0,0,7.003491792,14.70198421,13.42598406,0,0,229.2726659,0,0,543.7340462,4.495578634,0,0,0,42.31073783,0,23.07015121,0,0,20.44991456,0,259.5609652,0,0,805.1687743,202.7625789,58.92539848,0,60.86280683,0,0,0,38.36698624,0,0,34.65529713,0,0,929.309805,636.8564196,0,3417.985584,0,65.4505863,0,0,0,0,30.03530407,187.7488224,0,0,58.98719496,0,0,0,1620.498695,0,0,0,0,6.143231036,7.929725665,99.36761445,0,4.149220035,28.77232536,0,10.84460154,2888.573998,0,202.4626059,155.8384302,74.57237429,0,1010.433921,16.38302957,10.24485463,0,0,0,56.89552688,0,22.42851874,0,896.4647258,0,0,0,0,0,32.71133311,0,0,0,58.33350607,51.06366124,0,17.41930732,0,29.64319145,0,0,0,6.786827773,0,0,0,0,0,0,0,0,244.9049419,0,0,0,49.7845652,0,0,3329.349147,0,281.9814726,0,0,0,0,0,0,0,97.30406591,12.71827488,0,655.814051,734.7553921,306.8547714,242.2540784,1725.155815,30.58384233,27522.09053,0,0,0,0,0,136.1345615,11.46945041,18.50967438,43.39087733,0,0,58.57557796,57.16246748,0,0,0,21.34737835,0,41.59310212,322.8067342,7.314590714,13.48380541,0,439.4989376,0,0,0,88.0003047,0,0,0,127.479232,0,2174.523718,0,0,0,2132.326019,0,0,0,0,31.12247632,0,565.2116263,0,770.399672,295.3567331,118.1093232,0,0,0,0,0,0,20.02989819,0,7.723369184,0,0,170.5936186,0,338.831527,10.02330326,0,0,0,88.40713341,73.73991865,0,0,68.53451669,0,272.10548,6.215925162,0,1374.803239,0,0,0,0,0,0,0,0,0,0,0,3.323487533,6.439328935,0,0,0,6.7692044,0,0,51.41021644,338.6153185,0,0,0,0,0,0,0,0,0,0,0,325.6078994,15.47456467,0,86.90950917,0,13.50699711,0,0,0,0,0,0,0,0,0,276.6991726,0,0.714033839,0,0,14.70510208,0,0,0,0,36.8590588,0,3.550849158,0,1823.578641,0,64.93624092,0,0,557.8994841,0,0,0,0,22.27248785,165.4047891,0,0,0,0,0,0,142.505702,0,20.00252518,1942.603144,0,410.2033572,8.577767726,0,130.3630224,0,0,0,0,13.63826207,198.9169131,13.40507687,0,27.38138482,0,0,0,41.48453981
"150","10468",28.31326698,0,28.1002232,112.8815821,0,0,0,30.24025065,25.77670823,0,0,154.9185955,0,2985.663017,665.0516761,0,1720.075783,0,89.8795343,0,28.3820425,0,178.937315,0,0,2423.381988,0,25.77190418,469.5722548,7784.468784,0,103.1448153,0,0,0,266.6581176,0,19.16545338,57.61258627,344.0526899,0,69.5721132,0,68828.3449,114.1894245,0,62.57709005,66.91493803,65.14483601,0,0,0,0,1294.495183,314.7405881,0,0,24.17156055,91.25289969,944.190602,68.39171158,0,39.81795611,69.48745074,0,4.41960175,0,0,0,0,0,0,0,0,27.08205544,0,0,2208.802652,60.98002774,0,0,0,155.887231,0,0,61441.86673,75.61954135,184.2332433,0,0,0,81.65908747,0,0,0,0,0,0,0,78.40886075,0,0,0,51.56816435,0,1520.987901,0,36.55840579,0,1040.262265,32607.98971,0,0,17.46687333,0,89.80677729,8.558131404,5862.864442,0,0,2162.234054,0,88.11723839,52.57710031,121.0328807,0,36.55840579,57.17600954,0,0,0,0,0,17.55137233,60.64042242,14.89448354,0,0,237.6867549,0,0,644.6193901,499.3878603,0,0,0,49.47489716,0,78.28743931,0,0,19.27667168,0,305.5553824,56.88602413,0,748.9416115,254.2733612,259.4712289,0,77.98491723,52.4593758,0,0,13.27425085,0,0,17.43172318,0,0,885.1916871,422.6098487,0,7532.406144,0,186.6695647,0,0,0,0,53.67771693,175.4284773,0,0,186.5612239,0,0,0,2616.921764,0,0,0,21.97639309,3.240679984,18.5615676,186.6815964,0,19.38610005,39.46643275,22.82188547,29.37774606,2686.212139,89.91506854,357.486267,218.5975223,234.4937536,0,1050.479384,50.9563237,23.70419663,22.2681646,0,62.37206018,122.4727581,0,15.29306548,23.92840445,800.0081656,0,15.27729368,0,0,0,61.73332969,0,0,18.60612664,115.9232682,0,0,19.62760654,0,52.97955015,0,0,167.1394543,0,0,0,0,16.85846035,0,0,0,0,715.014391,0,0,0,69.9328323,0,82.44025602,10660.50801,0,296.0573333,49.9803972,0,0,0,0,0,0,46.74623467,25.97017904,0,1073.311131,328.4482412,1863.448529,2646.456403,2420.285195,107.8011042,97813.89284,0,0,0,0,25.22026228,481.4611586,8.932212346,14.51209993,19.91424955,6.724550175,0,109.6988746,38.30348496,0,0,0,15.36024489,0,102.1699701,183.2549674,13.83606687,28.0094335,0,881.4223354,0,0,0,0,0,0,0,2046.918767,10.22320896,3170.409783,0,0,0,911.4942879,76.33167493,0,0,0,16.01189178,0,879.5417343,0,338.8936554,484.1648282,124.5382354,0,0,0,0,0,0,0,27.38971057,183.6253317,0,0,280.1946893,0,557.3755641,30.88791369,0,0,0,93.77955138,97.39850405,0,0,252.3502251,380.7632038,378.2313737,25.44171443,0,968.7562457,0,0,0,0,0,7.365212842,0,0,0,0,0,10.31683428,8.097040111,0,0,0,36.8900115,0,0,78.08571755,181.2088711,0,0,0,0,0,0,0,0,0,0,0,654.7479104,51.27316102,86.09122279,237.3819237,0,76.23165741,0,0,0,0,0,0,0,0,0,374.5793895,0,0.41465835,0,0,98.610986,0,0,0,0,3499.108086,0,4.886961989,0,5159.410551,0,45.55820906,0,0,1273.774831,0,93.51257326,0,0,0,240.6632777,0,0,0,0,0,0,46.51344508,0,23.72798628,1732.665029,0,694.2230897,384.3678626,0,166.7942782,0,18.02672874,0,0,24.90267093,206.4764038,0,0,0,0,0,0,64.07716553
"151","10476",0,0,7.481878615,62.98167389,0,0,0,20.36640023,70.97111866,0,0,23.12542376,25.7392145,22754.56084,341.2400609,0,137.52853,0,20.96323346,0,42.05716961,0,242.7590765,66.39365907,0,3889.017121,0,36.70562302,55.41007533,2022.733304,0,31.11866542,0,0,0,874.7755463,106.423785,0,364.6234104,0,0,0,0,25864.03882,12843.67478,0,78.52245005,358.8293837,17.74398483,0,0,0,0,367.6580328,1022.393166,0,20.50175579,16.91285946,29.65034593,1480.105211,43.32682542,47.53134445,8495.941782,538.8798387,0,0,0,0,0,0,59.99751088,0,54.6165264,87.22220368,15.62200799,0,0,115.6939908,0,0,0,0,92.33271177,0,0,109528.062,0,81.43761814,0,0,0,40.18665707,0,0,0,260.6154788,0,0,0,450.8835266,0,0,0,301.778422,0,797.2139851,0,28.39198325,0,2510.242009,12493.40614,0,0,29.56977935,0,3130.425124,82.81476136,562.5049767,42.45074835,0,10753.92606,0,806.1256569,163.012674,9816.954243,0,28.39198325,224.7433924,0,41.48307991,0,0,52.84024965,17.45756362,12.12972618,35.54429213,0,0,3531.549112,0,0,3237.877417,569.1346908,0,0,0,37.40872889,413.7853412,72.74538445,0,0,10.71098036,0,3326.34558,13.05626745,72.51009727,657.3879193,112.5856475,116.5600405,0,166.5207962,31.90905827,0,0,6.659710431,0,0,71.69770977,30.57556377,0,2883.01752,9288.14497,0,14924.04235,0,330.0470543,0,0,0,0,0,1954.072192,0,0,353.1781324,0,0,0,0,28.77693125,0,0,0,11.35398002,26.26716433,220.0051059,26.48285392,13.33587719,56.42919926,2.14651695,49.12035769,738.1464192,77.19299606,196.1122691,43.01627449,0,0,141.8165504,6.802263564,0,27.31280925,32.72399606,323.73647,165.3943915,0,2050.805735,12.94625779,211.7319065,0,0,0,0,0,30.81705688,0,0,14.75786602,112.7896039,0,0,0,0,0,0,0,11.99082575,13.19055169,0,36.14398265,0,183.4816329,0,0,40.84175754,146.4663094,2498.415085,0,0,0,44.85508519,28.87128146,82.44974778,1017.635897,0,5044.186908,0,0,0,0,0,0,0,279.5906564,13.35935472,0,0,0,58.08626154,3713.237748,1949.254748,46.96861829,26981.02313,0,0,0,0,0,8984.697292,0,4.584323151,0,4.033334913,0,73.44139311,62.44692812,0,63.65833067,0,27.89451462,7.010206295,19.13176033,357.3937899,19.78175273,0,0,450.6702755,0,0,126.0741471,0,62.85505321,0,191.4843502,353.9599965,15.22910612,29034.13727,0,0,0,807.7393689,4504.043895,144.8789896,0,0,0,0,467.0219671,0,395.0454125,120.4378314,286.4070035,0,97.71172732,0,7.874112781,0,0,0,3.703383888,0,0,0,155.7667239,0,2389.223318,37.51290941,0,0,0,94.02045467,188.1329858,0,0,3788.12867,31016.95548,217.3015643,95.64886537,0,9544.351241,0,0,0,0,0,126.9418534,0,0,5.820927763,0,2.866606414,31.79604153,6.329446574,0,0,0,0,0,0,65.74682441,1744.063588,0,0,0,0,0,10.83519119,0,0,0,463.3569405,606.8296851,534.852431,0,0,636.4803048,0,8.809848489,0,0,0,0,0,0,0,0,377.4642723,4758.498429,0,99.46327729,15.70292662,0,71.65850238,0,2943.431121,0,0,397.138811,0,0,0,3240.696804,0,154.4737148,0,349.662141,1577.73481,0,65.98393369,0,0,35.54036339,105.117993,0,0,0,0,0,0,18.82390615,0,11.0705172,12926.87657,0,228.3174883,60.77302624,0,89.94513958,0,0,0,0,13.31467931,196.6933531,9.375656301,0,0,0,26.08425928,0,52.39423757
"152","10483",20.03791602,0,8.64930727,24.15904571,0,0,402.0927136,6.524814908,24.58932177,0,0,16.26289584,0,2604.954064,244.3632351,0,1579.985144,0,55.2968142,0,10.40664299,0,140.2978287,0,0,1062.971586,0,13.71916342,433.8419083,5156.044812,0,370.2477026,0,0,0,90.55275566,6.030072525,0,0,0,0,0,0,62742.94339,20.22113083,0,0,12.52518259,4.161387239,0,0,0,0,324.8065568,178.290675,0,0,28.608491,128.7248747,888.8432355,48.13434645,0,31.25240392,16.80625129,0,10.87111552,0,0,0,0,0,0,0,0,8.178533141,0,0,1458.226469,0,0,0,0,75.64792092,0,0,50148.85785,83.69343364,379.7774716,0,0,0,63.33760452,0,0,0,0,0,0,0,0,0,0,0,30.55520283,0,736.8464193,0,14.65307281,0,864.7135908,26014.18049,0,0,12.91584333,0,0,0,2925.326567,0,0,876.3778763,0,136.2457608,0,0,0,14.65307281,0,0,0,0,0,0,14.1855058,0,8.339235834,0,442.5654621,1984.639735,0,0,342.8487219,32.61961181,0,0,0,33.22213434,0,15.2424271,0,0,12.20932545,0,158.6215766,66.66415437,0,785.3502403,230.4272936,289.5338858,0,79.05522237,0,0,0,12.01486044,0,0,14.69544282,0,0,449.662866,499.4584893,0,3813.089416,0,119.3608728,0,0,0,0,0,149.0172292,0,0,81.87252589,0,0,0,64.0179454,0,0,0,28.73579106,1.106015034,6.111805513,56.12712476,0,5.834208791,15.38276743,10.29034957,12.94708763,899.2272367,0,197.9034758,131.2891353,47.81406359,0,759.3877134,12.39625867,0,16.22681425,15.73034696,130.4323914,39.37276497,0,12.63325801,0,469.3609659,0,0,0,0,0,28.634341,0,0,9.200052808,53.17654889,0,0,29.88743925,0,31.09776997,0,0,37.44293144,0,0,0,65.2582881,57.1067135,0,0,0,0,355.5398271,0,0,0,61.41390694,0,88.08554141,11674.32507,0,246.4148589,0,0,0,0,0,0,0,56.31087644,13.23785663,0,884.8462173,258.8574667,612.1121283,0,2439.100404,38.62177292,70392.79722,0,0,0,0,17.36618544,83.09306314,45.76880173,6.505225517,15.77153161,9.285828494,0,146.5174824,33.0614074,0,0,0,15.07579793,0,39.5559508,40.36386894,0,30.86416585,0,633.4172846,0,0,472.5166134,234.5035271,0,0,0,1061.542991,3.752930771,2917.272842,0,0,0,225.6803878,0,0,27.79328073,0,0,0,457.437348,0,4034.380223,418.7230647,207.5732268,0,0,0,0,0,0,0,0,88.31927308,0,0,137.469618,0,257.289061,11.87871513,34.9916431,0,0,84.9473923,101.3786544,0,0,0,520.1002929,536.6112937,24.79686426,0,795.1073304,0,0,0,0,0,9.682665152,0,0,0,0,0,0,0,0,0,0,14.79527328,0,0,50.25895323,160.9000541,0,0,0,0,0,10.77667374,0,0,0,0,0,246.6989736,0,65.12486015,82.63723068,0,27.66400885,0,0,0,0,0,0,0,0,0,333.8528431,0,0.131424803,7.812995759,0,63.22378794,0,0,0,0,52.61299478,0,11.74095743,0,11462.54381,0,30.19891546,0,0,1343.2025,0,14.47942603,39.82391108,0,0,270.7683797,0,0,0,0,42.59548562,0,33.91681415,0,15.52929329,2949.298952,0,450.993036,0,0,169.3154904,0,10.93615702,0,0,10.00344984,143.7013647,161.6369482,1493.780236,0,0,0,0,84.48682084
"153","10492",75.28080088,0.948610163,0,44.97565218,0,0,0,31.05562468,89.93858462,0,0,31.50051542,0,6757.964107,802.8341784,0,1913.765613,0,59.1144879,0,26.14407352,0,60.85222114,40.07053971,0,1439.47081,0,0,466.9597509,3344.937925,0,32.49314111,620.4307475,0,0,749.5799359,0,0,82.69894621,260.1227782,0,0,0,23023.72786,12116.84527,0,0,149.6257904,34.02851333,0,0,0,0,11801.04601,260.0964616,0,0,0,16.84008817,383.3803988,0,0,234.8970192,119.7758423,0,4.370696797,0,0,0,0,0,0,0,0,7.438014424,9.21864959,0,1496.9571,0,0,0,0,97.27664098,0,0,617.5077965,0,0,0,0,20.75602541,0,0,0,0,0,0,0,0,0,0,0,0,1295.331125,0,3561.020097,14.48072068,13.7178117,0,1158.87308,18468.80039,0,0,16.60741883,0,131.7313244,9.509876438,444.0075535,0,0,4427.17428,0,296.0813944,34.94964355,2754.686971,0,31.64195185,116.8794065,0,0,0,0,0,24.29131753,15.45696406,32.47360677,4.379153629,0,625.9671599,0,0,747.8995236,32.28458383,0,0,0,48.20771442,0,74.13412829,0,0,0,0,2572.725664,14.53644655,0,0,0,0,0,26.70133147,0,3.028458848,16.66802452,30.35336322,0,0,582.1353716,0,4.069276546,1309.770937,11481.80289,0,5653.138461,0,350.3659879,0,0,0,0,0,129.0426963,0,0,44.63401247,0,0,0,38.36060307,0,0,0,14.82446108,7.574247058,20.30359471,178.2766146,0,4.780577848,246.6153624,0,42.96768377,82.72163948,50.89288307,73.35019265,43.29319341,44.5433724,0,146.1665965,11.08642456,47.15514219,0,0,95.76700821,165.1174541,15.35075434,554.8874332,4.894441657,465.2346685,0,4.695951499,0,0,0,18.26828861,0,0,0,37.92139207,167.3294061,0,10.67628641,0,0,0,0,0,13.43208194,0,0,0,15.19344875,0,0,57.06084797,0,895.8125158,0,0,0,21.98361787,0,42.09057237,5074.939271,0,2520.84376,38.25876475,574.4034676,0,0,0,0,0,25.02531956,7.841509476,0,670.2618611,0,188.9557932,1090.026233,2217.181976,84.27822641,34338.5372,0,0,0,0,0,3982.865835,0,13.86552628,22.12431546,0,0,573.080696,0,0,56.94769699,0,0,0,50.99595111,208.7458363,17.41375492,0,0,516.8549498,0,0,244.2045036,0,0,13.71699243,0,216.5454158,0,1814.33528,0,0,0,605.5120538,377.3858958,0,0,0,12.43375264,0,916.5807216,0,2984.699253,147.1547653,514.5614919,0,0,0,0,0,0,0,0,0,0,0,1549.998507,701.8853144,657.3792595,396.4736998,67.90294794,0,0,68.76621082,33.27396126,0,0,100.0432341,0,0,0,0,12235.69712,0,0,16.14917006,0,0,20.12963188,0,0,4.201974769,1687.323487,1.630008036,6.195608808,10.5940933,0,0,0,0,0,0,46.73762112,1318.774346,0,0,0,0,0,0,0,0,0,0,0,193.6915814,0,0,323.1345798,0,15.27017399,0,0,0,0,0,0,0,0,0,1180.891987,0,161.87567,40.33491455,0,45.19656553,0,71.63618487,0,0,1847.077859,0,0,0,3555.331147,49.72295404,76.68812598,0,0,444.2782387,0,21.86497137,0,0,0,177.5673901,0,0,0,0,0,0,20.86044447,0,15.33165307,8758.851761,0,106.7671637,35.34656941,0,0,7.033537899,4.3998384,0,0,8.745215734,118.5048107,25.36779032,0,0,0,0,0,37.56620981
"154","10513",42.25975763,0,22.49860072,43.78076947,0,0,0,25.01144985,36.32418886,0,0,24.42603591,0,3174.809351,315.0278755,0,2502.103418,0,107.0242655,0,10.17009839,0,169.4405474,0,0,2176.685523,0,13.21702835,443.1720812,9936.634242,0,62.90358404,1594.143439,0,0,7956.737592,50.95360093,0,975.1978599,1721.47527,0,0,0,42166.99972,26481.22647,0,0,402.5584236,0,0,0,0,0,2275.219605,243.778254,0,0,15.99829809,225.8823341,388.7610309,68.67608385,0,53.88002632,20.11879284,0,4.793375304,0,0,0,0,0,0,0,0,0,12.35545565,0,39.78388173,0,0,0,0,109.8731612,0,0,1569.991128,3.81021181,37.34764025,0,24.8300839,0,47.94718588,0,0,0,0,0,0,0,0,0,0,0,13454.10193,0,1742.121204,75.06484121,14.51775563,0,569.4014669,20282.35055,0,0,0,0,0,4.500624703,1500.492512,0,0,1304.48805,0,188.9041935,101.8819878,36.18006955,0,0,199.2557703,0,0,0,0,0,39.65423177,55.98661307,12.34444444,2.031483438,0,244.559643,0,0,1178.521249,39.67741404,0,0,0,44.34585802,1163.133274,109.2176018,0,65.21053925,0,0,114.3978866,43.24848994,0,0,0,722.295117,0,22.67509023,174.4204733,0,0,14.69991291,0,0,1208.032029,0,0,940.0908693,704.0550004,0,7365.233308,0,43.90013869,0,0,0,0,0,267.7133465,0,0,29.49015755,0,19.43955605,284.5133213,35.36034006,0,0,0,137.5628616,29.05444563,113.7435119,607.7827283,0,0,24.43008172,14.51000591,165.1819304,243.0985719,66.97121447,106.9169723,40.73440054,0,0,482.245728,39.30275147,23.82063805,0,40.48718711,0,346.1323601,0,8429.10604,40.2356847,368.9157894,0,6.79024318,0,0,0,60.95357155,0,0,0,30.89879615,293.1450113,0,17.95473417,0,10.08153029,0,0,0,15.0026747,17.75515875,0,0,29.66829789,0,0,0,9.042985233,962.0445918,0,0,0,116.0579256,0,0,1074.442074,0,251.8831151,43.50409297,70.71468059,0,290.2602844,0,0,0,79.19453329,6.808109311,127.5515026,2170.056097,0,1216.13782,2304.667323,1487.973968,83.49513647,47078.77817,0,0,0,0,9.338932168,18775.2074,0,16.56514618,15.83382293,0,0,699.4742938,77.60121158,0,72.83178745,0,19.05918758,0,35.04073025,21.11934366,48.01810315,14.40176365,0,533.291086,0,11.57666517,60.44051268,0,0,5.698115908,0,158.4434331,0,894.1846773,4.06933329,0,0,8619.539507,29.3802137,259.1122003,0,0,27.35822385,0,775.4204872,0,3741.646062,0,331.690379,0,0,0,1.016165711,0,0,42.35208489,0,0,0,0,225.1849116,128.5820494,237.5435819,331.2810728,45.73399577,0,0,65.33008408,187.2608699,0,0,0,624.1791066,0,0,0,834.9033389,0,0,0,0,0,3.208605178,0,0,0,5222.751247,9.625208874,0,8.594502582,0,0,0,10.28847144,0,0,40.10366677,502.5968388,0,0,0,5.694724097,0,0,0,0,0,44.60046181,81.93388269,140.1029157,43.8771184,0,264.323572,0,20.0292002,0,0,0,0,0,0,0,0,0,7560.477934,0,1424.624459,103.7599661,0,46.60179616,0,589.341178,0,0,1703.893434,0,0,0,5511.907281,0,100.510168,0,0,778.1232765,271.4131967,122.3309684,0,0,60.45694133,314.565325,0,0,0,0,0,0,33.62741965,0,31.23625448,12303.52833,0,317.6961903,96.62336809,0,0,13.51819619,6.027080933,32.51234531,19.59008433,12.49755092,86.49238993,277.4951443,194.3908561,50.79098915,0,0,0,101.5481293
"155","10514",85.35809019,0,0,69.1285634,0,0,0,0,42.86934639,0,0,45.86549282,0,3400.938857,451.6346243,0,1384.336345,0,50.66371256,0,14.96253398,0,114.2728617,0,0,1278.407114,0,20.88609946,515.0728553,6368.248293,0,45.84589093,36.82831408,0,0,156.6527795,28.66243517,0,43.79793114,518.5669784,0,0,0,31215.14699,1554.474807,0,0,163.6380885,8.779943179,12.39488596,0,0,0,725.8121232,187.6670549,0,0,13.44385008,36.19532888,473.9990092,27.70961265,0,450.9762975,137.7963548,0,5.158978309,0,0,0,0,0,0,0,0,30.63449919,7.703906914,0,1464.617717,0,0,0,0,43.72513878,0,0,0,16.7125685,107.2127451,0,0,0,33.02118453,0,0,0,0,0,0,0,26.98348993,0,0,0,72.43092483,0,1013.430127,0,10.12816027,0,1107.420417,27331.30005,0,0,20.44174852,0,169.4507577,14.78795647,3009.67983,1.208332409,0,2594.507947,0,92.02501938,111.5027499,181.368496,0,0,65.25861615,0,0,0,0,0,7.168131682,88.96802892,15.11144272,0,457.0736384,2318.436895,0,0,657.302037,52.6777339,0,0,0,68.65394214,758.9792858,49.38768898,0,0,15.29902887,0,214.0915907,15.60131816,0,0,0,191.8767356,0,148.2221778,0,0,20.54343153,47.00904344,0,0,57.11491327,0,0,937.0244318,831.2117915,0,3610.442218,0,110.6884692,0,0,0,0,0,119.27667,0,0,98.42740503,0,0,0,0,0,0,0,10.35085404,2.03127484,5.689653193,73.11164827,0,2.526722319,24.64253678,0,9.390568727,2250.761504,41.23171762,184.7217642,103.7898329,60.15315652,0,622.1291271,19.50646351,0,0,0,82.4817969,55.11290883,0,65.15743456,0,750.4808987,0,10.25990525,0,0,0,20.82954262,0,0,80.34794563,120.3467386,73.28657464,0,36.73030142,0,10.31800438,0,0,0,10.99121362,17.58010729,0,286.7454189,0,0,0,0,0,377.421133,0,0,6.619281926,23.44665904,0,0,5734.158707,0,427.0583435,55.06466667,0,0,0,0,0,0,28.50539777,16.04968184,0,0,104.4534136,240.0841825,252.1290035,1929.415689,35.05800178,29988.96752,0,0,0,0,9.721984124,644.7407196,16.43052445,24.57399459,20.8170426,9.06188219,0,774.6429516,77.35588631,0,0,0,24.57407794,0,64.87601515,149.571071,0,15.41851013,0,506.7643111,0,0,73.40464313,110.7200724,0,0,0,169.3103842,0,3954.485313,0,0,0,804.8043166,0,284.5297634,0,0,29.57886935,0,994.7937406,0,567.3828828,307.3206455,0,0,0,0,10.64263799,0,0,7.694210164,0,0,1.446392759,1.022973838,228.2710871,0,346.8240008,12.24823306,39.24520319,61.61348447,0,114.495826,48.2402673,0,0,1295.205694,0,31.68972376,16.17155449,0,1132.228365,0,0,0,0,0,10.16301612,0,0,0,96.492876,0.857586179,5.938903212,13.22304998,0,0,0,10.11267903,0,0,81.7391852,427.0110911,0,0,0,0,0,0,0,0,0,0,0,438.5856428,0,141.1247315,78.75471079,0,19.48184882,0,0,0,0,0,0,0,0,38.12462273,3155.657806,0,13.76717381,7.55750135,0,10.91182989,0,0,0,0,56.64162431,0,0,0,1688.92049,24.87341018,21.41739945,0,35.31655361,1679.297305,0,20.31264049,0,0,0,0,0,0,0,0,0,0,23.86207129,0,13.88562461,3633.68793,0,215.9488185,11.15570817,0,52.15733828,7.415752473,16.30797561,0,0,30.68298376,169.6958737,7.670013651,697.3978625,0,0,0,0,14.03568762
"156","10527",92.90076887,0,20.06565998,89.33160768,0,0,111.3837377,70.66243117,47.18436586,0,0,129.7247719,0,3865.341622,755.446888,0,1038.482148,0,47.63304101,0,17.51860748,0,339.3317475,0,0,1376.247616,0,78.42083348,61.52964084,6950.897328,0,85.07159663,289.9844524,0,0,346.3439897,0,0,78.06762475,631.9935048,0,0,0,107225.184,10798.63822,0,50.88698032,152.3156505,0,0,0,0,0,1167.192506,826.1078186,0,0,18.34171165,93.04243955,720.5291184,54.03858989,0,293.6365219,427.5390694,0,2.813769453,0,0,0,0,0,0,5.200068894,0,0,0,0,2718.67713,0,0,0,0,28.30136596,0,0,272.409737,26.89029868,58.07877774,0,0,0,99.23071567,0,0,0,0,0,0,0,205.0762546,0,0,0,153.6825667,0,1476.532982,0,15.35194429,0,1982.112212,19471.68455,0,0,25.37908678,0,27.58343602,7.699547431,2407.219853,0,0,2185.315287,0,383.2378875,84.50968297,48.23463178,0,24.74314019,98.10540141,0,0,2.148252198,0,95.80265926,10.01775851,44.18512979,15.68676076,0,0,0,0,0,485.693953,410.522694,7.47676911,0,0,135.1480196,0,37.16149588,0,44.21764367,15.54801997,0,354.2225919,32.98263304,0,0,119.1854326,55.59425987,0,123.4388632,0,0,0,57.11374064,0,0,237.5389858,0,0,947.8318363,2280.149208,0,5942.829985,0,639.6971562,0,0,78.6352171,0,0,297.8754029,0,0,220.1360244,100.5509229,0,0,0,0,0,0,56.37959091,26.93896361,31.26040301,412.6555274,58.03261045,0,154.7497217,0,43.86896551,1155.978368,104.5034779,125.6846556,54.13453002,161.0694828,0,389.0556324,12.30459564,0,0,55.38989176,159.4843741,96.45523651,0,605.9316082,26.19419334,950.0061279,0,0,0,0,0,25.07896829,0,0,0,92.23603797,65.09368471,0,10.53178179,0,0,0.489739141,0,0,7.222031591,0,0,0,0,0,0,65.73454447,8.896775472,536.1277954,0,34.40279015,0,73.11854064,0,0,7930.205496,405.4068552,856.5696773,76.64996632,34.82849816,0,0,0,0,0,302.3357533,13.08185336,0,973.5054541,115.2287341,176.1722037,0,1418.265927,94.65091146,132282.4563,0,0,0,0,14.35146559,5714.512123,0,6.680328126,20.07841546,11.17389277,0,1195.509741,0,53.55772496,0,0,19.5346994,0,84.49701336,264.6688041,21.95605585,22.07923226,0,1047.2237,0,0,157.1157746,0,0,0,0,921.5085519,0,154287.3765,3.141093806,0,0,2583.221678,0,0,0,0,0,27.68708572,1453.231235,0,1500.108884,228.2163291,217.1860402,0,0,0,9.719580331,0,0,21.86860159,0,0,0,0,189.545541,0,351.3945557,92.95840756,59.87012764,63.7776371,0,123.1738082,175.6012553,0,0,176.1726882,313.8051685,346.412461,19.91179895,0,2305.380427,0,0,0,0,0,119.7461585,0,0,0,528.9346112,3.991172116,61.73106312,6.428884704,0,0,0,7.390303162,0,0,70.33533493,651.1536635,0,0,0,0,59.67614963,0,0,0,0,157.0389223,174.4652133,664.1041926,43.73836838,0,1037.981324,0,17.68713372,0,0,0,0,0,0,0,0,0,2307.957585,0,95.09968065,11.09936492,0,42.96947035,0,772.3158449,0,0,2017.149872,0,0,0,5173.474337,106.9021496,137.8706105,0,0,945.1121681,0,147.4729793,0,7.829982647,0,107.6904674,0,0,0,0,0,0,17.24493266,0,5.787925315,17933.2543,0,375.5691295,26.05460884,0,0,9.035124183,12.79657063,0,0,37.28019901,168.1159581,0,0,0,0,0,0,87.50781039
"157","10532",19.02032359,0,0,14.03419271,0,0,100.1784519,0,0,0,0,38.97543533,0,3523.468121,227.3468158,0,1849.210976,0,78.18451549,0,508.0370486,0,78.86758712,47.08619919,0,999.245169,0,8.472338762,255.9720594,2425.911366,0,85.5896876,24.85329649,0,0,106.0868798,32.31450163,0,44.33739032,407.63916,0,0,0,70621.8646,1107.040626,0,48.54024008,36.21900935,7.064574505,0,0,0,0,2441.099481,255.843155,0,0,0,45.14091384,269.7761634,27.08604608,0,397.2147697,100.3376004,0,3.790020117,0,0,0,0,0,0,0,0,4.188499002,0,0,20.88357262,71.84557495,0,0,0,109.5128771,0,0,0,245.13624,395.127791,0,0,0,58.34306469,0,0,0,0,0,0,0,0,0,0,0,93.67753046,0,306.7950479,0,0,0,616.158713,14704.28541,0,0,9.800375903,0,0,9.669369683,4298.578413,0,0,2115.703618,0,139.9865614,0,148.3034062,0,0,61.11659236,0,0,0,0,0,7.916459591,8.708541738,11.11497644,5.677682256,0,704.4981363,0,0,334.6679566,72.46596067,0,0,0,21.76953047,0,26.59492827,0,0,0,0,445.3839779,27.22308549,0,0,142.5710782,60.79512672,0,94.13585552,0,0,0,12.70002906,0,0,25.42244048,0,0,1005.631236,2490.431592,0,3820.443644,0,70.50124263,0,0,0,0,0,86.00815214,0,0,60.38606859,0,0,0,0,0,0,0,13.71113365,3.147736194,13.27261635,92.71700302,0,0,7.331951797,0,34.25593742,153.7261771,32.31297467,136.8428236,121.8065345,133.7011084,0,287.5312146,10.56492076,32.06875742,0,0,0,35.49592201,0,47.36227801,21.63244671,252.0882287,0,5.785960589,0,0,0,20.58467769,0,0,23.35425995,28.18222773,0,0,12.59396565,0,9.96752159,0,2.912072589,0,0.637946881,0,0,0,52.1556306,0,0,0,0,628.642012,0,14.70556554,19.84764228,0,0,71.65876715,15786.95383,0,1406.551417,0,8.655294646,0,0,0,0,0,116.1658623,11.83133465,0,1924.383046,217.4822443,326.7875049,0,1086.379881,60.52272141,83615.01388,0,0,0,0,14.5023117,564.1509297,0,5.408042026,14.79200511,0,0,0,0,0,0,0,27.22503413,0,29.01633549,239.6899842,0,25.43308379,0,410.9809689,0,0,124.0719891,0,0,0,0,383.7636971,0,2453.070001,0,0,0,2021.727032,11.21697039,420.9068462,0,0,0,0,578.6458101,0,2016.956903,0,0,0,0,0,8.544391663,0,0,0,0,0,0,0,146.9394582,0,630.8842005,20.02999898,0,0,0,62.64643246,44.07086827,0,0,0,441.3241227,259.5585696,17.3316408,0,2566.532745,0,0,0,0,0,0,0,0,0,38.64535358,3.071579956,2.747147509,4.523937526,0,0,20.3949864,0,0,0,105.0390543,293.5378793,0,0,0,0,0,0,0,0,0,0,0,68.72940581,0,0,99.83378027,0,0,0,0,0,0,0,0,0,0,0,630.2746431,0,8.780956877,0,0,46.40549385,0,0,0,0,209.5934474,0,0,0,8035.37369,0,104.1906985,0,0,1878.715138,0,19.904879,0,0,0,0,0,0,0,0,0,0,27.89019116,0,4.978262144,2212.324637,0,518.1910455,34.13677205,0,0,0,12.25885523,0,0,8.718723015,221.5796942,4.510515639,0,0,0,0,0,77.68686473
"158","10556",80.05099164,0,12.2376859,48.34870637,0,0,0,45.07802001,39.20796506,0,0,27.2251167,0,9512.446161,1086.473639,0,1797.478976,0,50.55792849,0,53.93049864,0,211.7924122,0,0,1785.857034,0,31.67215234,332.8954709,7543.345201,0,30.93685275,0,0,0,150.3044536,30.81971531,0,117.5444639,0,0,0,0,18255.1384,62.77619873,0,58.13665315,175.4136076,0,8.661585778,0,0,0,489.1296489,322.1192892,0,16.06944911,0,12.89654183,1669.857386,58.55231369,0,351.9741201,6799.705484,0,4.834210984,0,0,0,0,0,0,3.285889729,0,7.620369205,4.258480434,0,3.081532411,0,0,0,0,85.0569502,0,0,89.00691504,20.11024797,116.6529434,0,0,0,38.82088987,0,0,0,0,0,0,0,0,0,0,0,28.54656008,0,894.1282457,16.82566499,0,0,2211.333016,37555.30392,0,0,17.46040115,0,0,7.157021828,1176.579906,7.649341384,0,2941.905954,0,216.8162312,0,48.90824639,0,0,166.4119336,0,0,0,0,436.732181,43.69675847,40.04405448,16.28973907,0,215.6696493,600.0490743,0,268.1991148,802.7282383,4.203572073,0,0,0,57.97267044,0,27.96729678,0,0,16.31528801,0,654.6136786,0,0,0,0,247.7448422,0,213.3480063,97.16214644,0,29.74149126,35.15139084,0,0,27.54249932,0,0,674.42774,3660.707409,0,6862.850801,0,138.9728325,0,0,0,0,0,211.1461015,0,0,250.1541578,0,0,0,96.3980296,74.23266216,0,0,107.5311208,0.962113657,5.805805132,53.56436112,0,0,40.1492901,0,11.92882137,3731.210481,16.02792215,85.00390062,147.5385037,58.56466097,0,1287.25695,15.57406164,0,0,25.18851997,0,160.5108679,0,30.30015522,0,1025.003004,0,0,0,0,0,45.59494795,0,0,0,62.79189414,0,0,11.23081543,0,18.47644675,0,0,0,32.44200245,56.00080655,0,0,0,0,0,33.32369263,4.792102153,736.4320685,0,0,0,98.69753633,0,51.21664185,4509.758133,0,1151.039434,0,0,0,0,0,0,0,139.5621795,0,0,487.4270486,25.84285448,187.9388718,0,1960.336803,79.98157719,21835.11939,0,0,0,0,0,118.9298722,10.71295278,12.8215362,31.72249781,0,0,0,0,88.70188567,0,0,40.23454665,0,69.65621188,204.0710591,29.22245457,10.67328919,0,1208.883575,0,0,948.2005719,0,0,0,0,125.2886544,0,4850.372773,0,0,0,787.345966,47.88449004,277.0517709,0,0,33.9767977,58.02954166,950.3366898,0,6574.24549,165.758731,1603.345127,0,0,0,0,0,0,17.27543528,29.44689201,0,0,0,228.3058208,0,573.5791723,36.51521035,0,33.05692132,0,0,115.1722938,0,0,994.614597,68825.91288,308.732675,46.62296674,0,3783.757837,0,0,0,0,0,0,0,0,0,130.1884201,6.347799492,2.886088218,62.35520171,0,0,0,6.364007592,0,0,0,1289.791568,0,0,0,0,0,0,0,0,0,0,0,544.5159829,0,0,136.4748958,0,0,0,0,0,0,0,0,0,0,0,410.6936514,0,252.6247817,0,0,0,11.17951728,0,0,0,17.57107172,73.98114251,0,0,3390.950095,22.40629023,174.6257067,0,0,1753.268882,0,3.688772112,0,0,41.46010071,0,0,0,0,0,0,0,16.85031279,0,8.40522764,1591.436697,23.23464177,148.4930826,14.71110087,0,35.8257053,13.14051269,7.893850206,0,0,11.88190723,221.688226,9.152973332,0,0,0,0,0,16.67247258
"159","10566",14.32193208,0,10.44694713,57.74997677,0,0,105.4714984,0,25.90159416,0,0,79.92618464,0,1613.807849,216.4597937,0,1677.618383,0,0,0,15.88341664,0,146.6077446,0,0,1316.530423,0,15.60398281,466.7849972,2806.51088,0,162.4160243,0,0,0,72.5911112,0,0,32.14895506,0,0,0,1.102374211,56202.11206,904.425854,0,0,29.79204808,0,13.89173945,0,0,0,354.9591594,214.1492535,0,0,0,23.59452457,488.7450509,43.72303974,0,41.42392601,44.7178768,0,3.684463828,0,0,0,0,0,0,0,0,8.247443132,0,0,2289.982095,0,0,0,0,49.10629042,0,0,27.52970673,80.21084866,176.5033421,0,0,0,62.26921346,0,0,0,0,0,0,0,31.65070487,0,0,0,23.6781734,0,757.0848476,0,0,0,887.1820488,17652.79735,0,0,16.12082131,0,0,6.710135172,8083.839731,0,0,935.6643882,0,207.4967974,72.08761409,6.576655234,0,0,41.17738884,0,0,0,0,0,5.765925661,14.13924799,9.585417571,0,0,622.4331988,0,0,416.546785,94.44038212,0,0,0,27.01583563,0,14.44993755,0,0,0,0,171.7624296,11.53298985,0,0,0,87.36540079,0,75.96226058,0,0,0,7.844123226,0,0,17.9501594,0,0,587.0830033,654.2727698,0,3746.080838,0,139.0229091,0,0,0,0,0,140.1867182,0,0,113.376966,0,0,0,52.55026432,0,0,0,18.00814967,1.083281617,6.848443506,84.65215468,0,0,15.44443226,0,15.80141423,2038.151801,33.00534351,105.099766,53.64461181,48.65935987,0,573.1092187,13.07428008,14.12403588,0,0,54.29581802,40.96176446,19.89698642,6.632854051,8.066792606,511.376732,0,6.31436317,0,0,0,23.61489024,0,0,25.4354457,55.19885685,0,0,13.51915255,0,12.95346246,0,7.272367917,0,4.094322716,0,0,0,0,0,0,0,0,265.0669296,0,0,11.27838468,27.38451621,0,128.3254828,13462.25533,0,171.2820101,0,0,0,0,0,0,0,41.46587811,12.51325253,0,1122.704545,323.7246915,597.3116337,344.247071,1636.505735,18.2680184,113695.2732,0,0,0,0,9.781640123,253.2049196,0,19.15928685,13.35461235,6.296932764,0,41.97818264,50.93384932,0,0,0,21.77834503,1.467490015,52.00207308,186.3891391,0,23.2459732,0,592.9003233,0,0,124.0092639,0,0,0,0,1516.04048,0,2499.349707,1.758348849,0,0,206.3611343,0,0,0,0,15.51520966,0,676.5015611,0,2786.129803,178.7297643,0,0,0,0,11.26769418,0,0,0,0,82.29388597,0,0,227.1023902,0,243.0688343,36.78066907,0,0,0,45.18919921,0,0,0,98.01538344,288.5739417,292.2766266,16.26448417,0,903.2172644,0,0,0,0,0,44.49305843,0,0,0,58.53673764,4.571760661,0,0,0,0,0,33.08586969,0,0,42.92934672,399.0939661,0,0,0,0,0,0,0,0,0,0,0,222.5066159,0,0,0,0,0,0,0,0,0,0,0,0,0,0,160.6738737,0,0,8.515467501,0,22.75913526,0,0,0,0,33.65443466,0,0,0,9198.985667,0,10.49989192,0,0,1006.474816,0,19.9599364,54.17443575,0,0,208.2338854,0,0,0,0,56.30579757,0,19.88649961,0,7.864545386,1273.50463,0,330.6054691,10.41996854,0,46.54556852,10.25503003,7.882812073,0,0,11.67240254,138.8093213,0,0,0,0,0,0,7.963695341
"160","10604",33.37504261,0.817244607,6.045873133,41.4229504,0,0,0,36.69958258,56.16113785,0,0,35.09113032,3.392025767,13340.27924,240.5469482,0,0,0,20.14281149,0,21.8097116,0,369.0385533,0,0,396.475252,0,25.30255014,321.6287266,5368.232764,0,40.82462706,0,0,0,64.01915775,201.1843079,0,129.9043816,136.374929,0,0,0,95871.97511,4787.462902,0,92.01527361,93.1171481,8.416223985,0,0,0,0,4462.563326,562.5941129,0,0,8.624454215,9.674148678,1381.158568,56.00639502,0,3091.51618,476.7853707,0,0,0,0,0,0,103.0574027,0,8.022717896,10.77831401,6.956660833,0,0,3828.43153,0,0,0,0,69.10076961,0,0,55284.00836,56.28971071,80.01028162,0,0,0,110.6916771,0,0,0,170.7782742,0,0,0,89.25241925,0,0,0,74.23930723,0,786.3826578,0,5.919869827,0,1152.05942,14886.20017,0,0,12.42115326,56.16828903,153.470261,81.84056979,2174.45501,29.43373628,0,13658.80226,0,847.1995632,61.45517974,267.708962,0,46.17137658,374.865943,0,38.17074702,0,0,42.19039018,5.002218379,7.499589273,10.41449369,0,0,648.2888743,0,0,2406.876476,36.3112948,0,0,0,0,0,13.24399772,0,0,16.17427245,0,4693.229232,24.36030623,79.78568122,332.7785757,151.9252102,30.60321322,0,119.5577045,0,0,0,11.86379758,0,0,106.9512125,0,0,2112.775165,12668.72465,6.204507192,13765.78365,0,232.7804637,0,0,0,0,0,788.9041684,0,0,781.4363437,0,0,0,0,0,0,0,19.8849672,5.320699928,7.713387658,40.03156003,6.933527936,3.487813104,43.06534014,0,0,1508.043519,63.46946693,143.3334719,272.6859658,374.5967661,0,276.1924893,7.277929281,20.22382364,0,0,198.6281557,137.809499,0,209.3937556,18.37362743,405.0495624,0,0,0,0,0,20.90859046,0,0,137.0811918,135.3783827,0,0,10.90920641,0,10.69566238,0,0,0,21.547996,0,0,0,0,40.07330124,0,107.2085522,5.172250439,2465.826254,0,0,0,18.22287567,0,109.882048,19380.09476,39.66063009,7974.54802,26.19293823,0,0,6.204893262,0,0,0,203.6753507,0,0,3423.889873,87.75244156,109.8292391,865.7062407,2133.138833,69.32805465,118741.1357,0,0,0,0,0,5428.584875,0,2.4244071,0,0,0,340.6347369,0,0,0,0,40.83118097,0,36.88772412,234.579278,18.59818964,14.09209749,0,1025.82434,0,0,229.238888,111.7316058,0,0,0,493.0338007,2.174695021,37177.29704,0,0,0,2483.905829,614.8870201,0,0,0,15.4505288,0,4049.50008,0,2790.683233,125.9250172,180.4289785,0,0,0,0,0,8.552043116,7.702725069,0,11.15593296,0,0,721.4993978,0,2387.75847,4.476733226,57.32774965,0,0,154.8091233,243.0031577,0,0,255.2263027,324.9479644,232.6034782,29.12733,0,16137.5724,0,0,0,0,0,0,0,0,0,199.5535729,0,3.502436763,0,0,0,0,5.671019464,0,0,0,1292.841799,0,0,0,0,0,0,0,0,0,166.6024604,269.4737444,229.5857441,22.70614116,251.4611336,260.2928698,0,0,0,0,0,0,0,0,0,0,98.22622815,5972.709577,0,20.1452545,0,0,31.67226184,0,316.5445635,0,0,257.8818612,0,0,0,15577.39879,8.42635296,57.75774385,0,90.99137523,1069.779043,0,15.85144133,0,0,45.53261176,441.9535275,0,0,0,0,0,0,14.47703573,0,2.685751261,10981.46676,0,190.2498429,26.93487958,0,68.95513763,0,0,0,0,10.48834053,92.04678421,0.661662005,0,0,0,0,0,66.8690681
"161","10616",269.1712348,14.83017558,8.715144483,22.48881794,0,0,342.7784527,16.29126762,125.6653468,0,0,35.35134835,0,7129.754266,472.9239827,0,0,0,50.9477962,0,12.0965803,0,216.2967465,0,0,1091.324158,0,17.90749607,698.8734264,8424.703624,0,105.4592838,0,0,0,190.6981624,24.88869729,0,60.71582052,323.0099028,0,0,0,87059.00975,832.2429651,0,84.78867707,48.34249939,4.277593017,0,0,0,0,3245.98939,464.2312971,0,0,0,32.95242436,445.3958341,73.16576595,0,560.0202858,242.6283018,0,0,0,0,0,168.2220043,0,0,0,0,16.38147007,0,0,2317.933397,0,0,0,0,45.09180538,0,0,78738.75571,79.01797595,0,0,0,0,80.94218674,0,0,0,0,0,0,0,41.11770879,0,0,0,129.5045833,0,576.7571659,0,9.914993535,0,2127.90608,22725.31119,0,0,14.08084266,0,192.5461976,7.815011825,4498.256286,0,0,8114.596089,0,486.8306163,0,199.6371715,0,34.98494805,61.88284895,0,0,0,0,16.16837642,0,56.15269441,20.95990102,0,0,278.8718824,0,0,503.375457,44.75554787,0,0,0,115.4907598,0,46.22076298,0,0,17.70255556,0,932.3836623,0,0,579.2501786,149.3278743,79.64740333,0,140.9759864,0,0,0,127.6810228,0,0,171.9414372,0,0,1606.530252,2274.410903,0,4741.50572,0,84.21386982,0,0,0,0,0,170.1015442,0,0,141.0407857,0,0,0,0,0,0,0,17.3604439,21.75256044,30.04148927,426.5991089,17.50032267,8.996330998,17.48385762,0,62.79818169,1127.836162,0,459.067295,270.8945868,746.762464,0,559.1536815,9.054002173,21.43201805,0,0,273.9360022,51.35682785,0,130.3952088,20.56279434,848.2128538,146.0729019,0,0,0,0,21.20935495,0,0,22.68130461,67.26071562,0,0,0,0,17.72170064,0,0,93.2521589,8.241954928,0,0,205.3396532,5.68547288,0,0,74.75788082,0,1168.345064,0,0,0,0,0,0,5627.782012,37.88633125,1208.722375,0,0,0,19.46693847,0,0,0,51.54962613,7.877198228,0,1197.132524,207.922692,81.53556343,547.5069348,1588.04864,18.85557816,54743.93791,0,0,0,0,10.31753808,954.9928041,0,0,20.62892302,0,0,0,43.33411277,94.03641048,0,0,21.98252077,0,107.3091003,382.8421476,8.765121681,29.46660556,0,856.4799465,0,0,144.4629138,144.6491168,0,0,31.24055491,514.6547091,0,2845.618139,0,0,0,2862.657822,12.79880006,0,0,0,0,0,1736.206207,0,0,139.8319485,160.5089935,0,0,0,0,0,5.363026198,0,0,34.14617435,0,0,208.4681832,0,823.3616021,14.04509096,105.5700549,93.21026675,0,347.1477917,186.6301434,0,0,0,439.5146113,177.1477361,0,0,3826.147048,0,0,0,0,0,0,0,0,0,0,0,13.59150141,0,0,0,0,25.50971406,0,0,0,790.4895907,0,0,0,0,0,0,0,0,0,90.95549578,0,287.8931405,0,0,432.0547198,0,0,0,0,0,0,0,0,0,0,0,1020.179599,0,51.64477454,0,0,31.20608621,0,0,0,0,457.0618053,0,0,0,2642.012874,0,25.45801629,0,0,1749.476675,0,27.03380148,0,0,0,147.2353415,0,0,0,0,0,0,17.78863126,0,11.10672929,7028.735893,0,89.32932283,28.82346028,0,190.3600434,0,6.464648081,0,0,19.83906684,106.0811176,18.64868306,0,0,0,0,0,5.937729263
"162","10635",53.14299366,0.408320219,8.858514927,27.0487721,0,0,132.9771135,0,69.87201,0,0,58.12305353,15.40566372,10048.48224,204.7403431,0,0,0,29.80607733,0,0,0,157.9576444,0,0,1560.342245,0,17.71553794,345.3062295,4799.51863,0,61.53216394,0,0,0,144.0788955,27.47640668,0,66.54185314,0,0,0,0,53475.67194,886.183703,0,97.44240385,89.32043689,0,0,0,0,0,1187.192411,316.1903338,0,0,0,26.15277829,1133.278995,55.04146777,0,687.8458144,286.9595121,0,0,0,0,0,0,130.9242254,0,0,10.2576038,9.327312946,0,0,663.8532233,0,0,0,0,36.52181438,0,0,90396.77427,95.31510922,118.897091,16.85760423,0,0,54.13925513,0,0,0,0,0,0,0,71.18060992,0,0,0,39.690223,0,604.8423539,0,13.65786126,0,989.7389908,22701.11992,0,0,0,0,242.6168715,14.29055147,2516.468174,0,0,6209.786095,1080.204255,323.5026276,0,112.8746842,0,19.89986085,81.54469789,0,0,0,0,0,11.71918848,22.03503049,11.21991626,0,0,591.585405,0,0,659.6085715,13.66564966,0,0,0,39.53022043,0,12.2119033,0,0,0,0,1583.548831,0,0,687.0047569,122.6843266,93.28256492,0,76.81404268,0,0,0,20.92894806,0,0,16.669057,0,0,1053.658298,5400.824404,0,11066.32018,0,178.9721834,0,0,0,0,0,694.1322674,0,0,110.8447074,0,0,0,210.3538199,14714.34452,0,0,21.36920408,1.365315913,3.743570717,44.41849522,0,0,23.15940494,0,69.96621313,617.834244,81.26165848,382.0025282,366.4494402,731.3998773,0,661.3270081,10.14215589,7.457814249,0,0,99.27955071,37.29837683,0,79.04413518,0,319.3527059,0,28.40673043,0,0,0,29.24433214,0,0,0,40.06099932,0,0,16.69016658,0,0,0,0,98.78001712,9.286426304,0,0,0,0,0,0,117.3423838,0,1839.400003,0,0,0,33.44080409,0,0,7001.482039,127.3264178,3957.146299,0,0,0,12.3715064,0,0,0,126.0314373,0,0,1199.266743,62.33787188,311.9298857,0,979.9920184,7.458548426,61294.81111,0,0,0,0,0,2117.211897,0,0,0,0,0,0,53.63761997,0,0,0,21.8172747,0,37.17200866,232.3837213,5.706706703,0,0,712.1059732,0,0,255.5508829,0,0,0,0,1047.985958,13.58479584,4625.855125,0,0,0,902.7262352,43.83013017,0,36.4206794,0,0,0,719.3034842,0,23278.81202,281.814787,0,0,0,0,0,0,0,24.38918886,0,174.2380988,0,0,425.1555211,0,2201.293859,8.925847942,67.47417122,0,0,155.3987863,134.6604486,0,0,247.0661551,2010.42019,305.5613094,40.0874352,0,6693.194068,0,0,0,0,37.82351373,0,0,0,0,0,5.516257833,0,5.800372577,0,0,0,0,0,0,57.60370369,2655.900704,0,0,0,0,84.50933118,0,0,0,0,0,0,396.8824078,0,117.5742975,274.0841225,0,16.9224623,0,0,0,0,0,0,0,0,0,897.1979686,0,17.9623234,0,0,47.34036896,0,254.1647823,0,0,0,0,0,0,10020.53008,0,37.52403089,0,0,453.0413876,0,0,0,0,0,0,0,82.82952343,0,0,0,0,14.32609183,0,10.62312064,6375.286218,0,216.5931042,28.64034586,0,92.82161487,0,0,0,0,10.10563678,92.67966683,0,151.6696892,0,0,0,0,20.20423555
"163","10645",125.5713089,1.41632899,15.79897697,82.08063144,0,0,0,88.24713059,194.8600528,0,0,77.1007778,40.45837094,6553.053686,788.8181318,0,0,0,63.72445985,0,19.30535238,0,198.0832796,116.641084,0,3222.751716,0,62.27253052,215.5299853,11371.21785,0,42.50032638,0,0,0,599.234548,39.05833744,0,210.2546947,0,0,0,0,8495.626281,5486.96293,0,106.9240041,659.9827144,61.92532254,3.379498323,29.63991833,0,0,15098.48247,181.147461,0,143.3890985,0,27.75128638,476.1838682,57.90641271,0,3269.206941,11126.57348,0,4.311972638,0,0,0,0,0,0,0,12.40035968,31.2992846,0,0,2544.850727,0,0,0,0,84.25560089,0,0,42883.06587,0,0,17.46388742,0,0,31.86060845,0,0,0,0,0,0,0,35.95672245,0,0,0,1655.316759,0,1833.988186,0,14.57034389,0,1404.301501,22992.3218,0,0,49.78525686,0,0,11.99565662,404.9585946,0,0,7046.128888,0,258.1692281,0,1050.248428,0,36.67980221,78.84975102,0,0,0,0,1291.278092,92.13631456,0,15.33995527,0,0,0,0,453.6088877,960.456221,28.32742515,6.379087844,53.5108116,0,66.57641555,359.4493208,1311.286499,0,0,11.8265674,0,489.7097108,0,0,397.8024483,145.9344477,0,0,59.28658699,159.3768619,0,56.67191974,14.04205025,0,0,200.1518238,0,0,1152.488723,923.3352135,0,10598.06535,0,103.5085858,0,0,0,0,0,385.0012799,0,0,101.3395755,175.0360374,0,970.8963907,0,48.94016712,0,0,61.03448944,18.69492656,27.66901762,256.0306551,0,0,363.0002068,77.32703904,91.17530362,1494.163084,0,373.9050653,89.75608813,96.43709689,0,396.381996,29.06940098,0,0,87.96866193,59.847943,120.6723009,6.744297083,849.8603479,27.38584168,924.7846168,0,0,0,0,0,63.45086656,0,0,79.81741213,26.96805463,0,0,0,0,0,0,0,0,207.5335099,0,0,594.6622222,15.83373866,0,0,0,88.89497184,623.3923721,0,0,0,79.51455838,0,0,687.9542692,0,1208.280588,0,69.44222945,0,256.5297165,0,0,0,0,4.306581406,0,1598.843506,62.85966009,112.2504565,266.9806834,5003.46491,23.93412996,10487.70895,0,0,0,0,0,3899.352855,0,32.25972459,14.74079572,7.804413728,0,81.97254142,0,0,79.45837951,0,92.440469,0,163.3039536,260.4809263,67.24534988,0,0,989.3048648,0,0,341.950365,0,0,4.444486395,65.33393775,123.1774752,0,1732.720551,0,0,0,1785.965705,525.9120168,0,0,0,34.7043486,0,1429.44066,0,813.8505847,260.0060843,240.6204687,0,683.3949561,0,0,0,0,120.3993547,71.04456574,24.70664385,0,0,853.315754,258.6264803,772.1940221,185.0821693,95.26289622,117.0641765,49.88470829,232.2190716,178.0199448,0,0,2861.914329,43839.57629,458.8299008,40.74744057,0,1704.751467,0,0,0,0,0,11.25485631,0,0,9.721968611,1179.215298,27.76480063,9.439120233,12.85085643,0,0,25.09468135,0,0,0,0,1576.942101,0,0,0,0,0,0,0,11.70786736,0,69.22817153,280.8234501,557.0561621,87.63697401,0,502.7943022,0,0,0,0,0,0,0,0,0,0,196.3779848,860.2294043,0,183.4166948,15.37552305,0,15.1774172,9.379802006,460.803433,0,0,586.7528342,322.4607483,0,0,1016.786279,13.67078355,594.4906965,0,181.9137642,0,0,11.53965786,0,0,0,140.5830156,0,0,0,0,0,0,37.17400463,0,28.27092612,21321.33594,0,78.42153491,1921.189315,0,120.4887212,0,0,0,0,20.95814496,2773.080478,7.494355342,0,0,0,22.07813008,0,73.79332392
"164","10646",0,0.271450462,28.78545132,16.24648055,0,0,537.4038158,13.56734043,0,0,0,3.772706515,0,977.4292968,70.30062208,0,0,0,51.28436568,0,0,0,0,0,0,152.6696227,0,0,66.13094813,466.4454772,0,491.3976326,0,0,0,64.84005405,34.69446131,0,49.6645357,474.8152786,0,0,0,16985.21102,156.5543595,0,0,143.6583301,0,3.033734305,0,0,0,169.1235813,63.65980525,0,0,0,13.0357537,178.3396812,0,0,35.86914689,3401.641063,0,0,0,0,0,0,0,0,0,0,7.417020539,0,0,11.01967119,26.82348254,0,0,0,28.20805506,0,0,35688.53678,171.6080201,72.25191035,0,0,0,0,0,0,0,0,0,0,0,0,0,0,0,30.09893488,0,278.4519694,0,11.4192476,0,564.1354272,4835.662126,0,0,10.30134014,0,171.585362,3.50247515,245.3082982,0,0,738.3058867,0,0,0,0,0,0,41.74396471,0,0,0,0,165.1342972,13.85637034,10.90820662,0,0,0,334.4893871,0,819.4652621,142.1885904,11.76627729,0,0,0,0,0,27.25095095,0,0,0,0,276.2902097,0,0,707.3173478,201.0214034,0,0,0,0,0,0,0,0,0,21.26110861,0,0,301.3909512,765.1020872,0,734.6667152,0,20.02792539,0,0,0,0,0,63.99812317,0,0,83.38753131,0,0,0,83.80564989,0,0,0,48.45514512,0,2.790936493,3.498763015,0,0,12.86103494,35.35323359,4.635927701,199.6591034,0,85.61093013,20.4700404,0,0,296.5291666,7.477776443,0,0,0,0,30.35206209,0,10.57334023,130.0807082,0,0,19.60074823,0,0,0,13.78700416,0,0,0,0,0,0,0,0,0,0,0,0,77.20194634,0,0,0,0,0,0,0,0,47.51937964,0,0,36.34001874,41.79296373,0,0,4625.322666,0,209.1368898,0,0,0,10.93385884,0,0,0,0,7.147393116,0,0,734.7999905,419.0363334,0,735.0489774,20.87511607,12021.98877,0,0,0,0,26.67512386,12.13124872,20.02450515,39.25163256,0,20.41500336,0,100.9628218,65.85676694,0,0,0,202.5469872,0,2.306352066,18.35948382,14.90530038,70.7802194,0,397.2192757,0,0,125.1628332,0,0,0,0,4.406112258,0,257.9507723,6.335465236,0,0,392.0853186,0,35.4288853,14.71151105,0,257.7056669,0,218.8171464,0,4174.566802,319.7459948,0,0,0,0,0,0,0,65.60421072,139.9950989,37.89474632,0,0,37.46340775,0,110.4185604,13.61023405,0,0,0,0,0,54.23638038,0,1305.183936,8191.223349,112.1002178,51.73324507,0,1064.668621,0,0,0,0,0,0,0,0,0,85.47093812,0,0,27.20670992,0,0,0,0,0,45.70710707,0,103.4466087,0,0,0,0,0,0,0,0,0,0,0,95.64083463,32.06133602,0,103.0868603,0,0,0,0,0,0,0,0,0,0,0,0,0,63.07146648,0,0,34.57327005,0,0,0,0,36.60879077,112.7690586,0,0,4228.628949,0,93.27843662,0,0,976.6739632,0,0,0,0,0,0,0,0,3.44709832,0,0,0,25.85178425,0,11.03433839,590.5272148,0,164.3117102,0,0,79.67550859,0,0,0,0,0,0,11.50297335,371.8228035,0,0,0,0,14.9493584
"165","10656",114.9917055,0.937093107,18.76558571,23.09333662,0,0,0,19.65609646,168.9256727,0,0,32.51091212,23.83575646,3703.286821,724.3475663,0,0,0,28.5434181,0,10.27982324,0,274.4109771,0,0,1234.376745,0,21.09163111,30.36993599,9746.941147,0,45.91684517,0,0,0,188.631895,0,0,59.01184415,365.6501851,0,0,0,8244.301998,1734.996923,0,0,27.33902092,6.696452658,0,0,0,0,965.1912418,182.1846153,0,0,0,0,588.5637706,48.97820089,0,111.545103,97.43768163,0,5.827949748,0,0,0,0,0,0,0,0,8.236185188,9.879155554,0,6.738743008,0,0,0,0,50.83770632,0,0,38738.85668,11.04619373,0,0,0,0,46.02732877,0,0,0,0,0,0,0,0,0,0,0,30.57541948,0,248.7729003,0,7.913571979,0,702.1345911,16938.37058,0,0,11.44017797,0,0,0,1141.92039,0,0,3143.20896,0,206.3657888,0,296.9987904,0,0,78.24423392,0,0,0,0,0,4.061693723,13.41745946,8.334513372,0,0,171.1396187,0,0,955.5065057,329.7511089,0,0,0,49.75917677,0,31.70708505,0,0,34.19469165,0,714.8638131,19.29592421,0,408.5636997,0,53.84577893,0,133.3074646,0,0,0,90.70402294,0,0,41.9499352,0,0,599.8516388,1157.722734,0.846049992,5255.677918,0,66.71141507,0,0,0,0,0,96.61634309,0,0,122.1124236,0,0,0,81.16786733,46.78129993,0,0,0,8.842331826,10.94444922,132.547447,0,0,14.56845796,0,15.85382181,731.2270655,0,106.7866877,131.3426099,189.0220911,0,206.6442887,14.11308202,0,0,46.75030336,0,44.89385132,0,42.5173789,0,1042.00354,194.3760749,0,0,0,0,21.28729963,0,0,0,49.41266728,214.8851159,0,12.05329888,0,0,0,0,0,0,0,0,0,0,96.54478515,0,0,0,351.4463325,0,0,0,18.22883557,0,0,1285.754239,0,318.5030481,38.28540188,0,0,9.52351886,0,0,0,38.70513209,6.488095185,0,809.1923544,70.89429892,94.12231016,0,834.640411,40.60492717,8171.950394,0,0,0,0,0,357.62448,0,8.405878691,30.43522946,9.837198673,0,738.304637,66.53392614,0,0,0,10.78720912,0,92.18497282,84.5101029,7.265596245,0,0,423.7541661,0,0,0,0,0,0,0,40.87570747,0,935.4046332,0,0,0,766.5174369,222.4535754,0,0,1.368864284,19.73796179,0,1122.595561,0,5339.977638,180.8983537,0,0,0,0,0,0,0,20.17139653,0,0,0,0,157.5149462,0,377.0043036,6.871069575,128.3168271,39.95925865,0,139.6248219,213.6628096,0,0,301.7702718,408.4792806,224.8557262,18.44673306,0,1913.520847,153.4010874,0,37.48472978,0,0,0,0,0,0,241.0731419,0,33.94294722,0,0,0,0,7.554495898,0,0,0,330.9264271,0,0,0,0,0,0,0,0,0,0,0,293.0522978,0,0,0,0,0,0,0,0,0,0,0,0,0,0,260.7726043,0,12.68179804,0,0,0,0,0,0,0,128.3954115,0,0,0,747.6896916,0,35.16095209,0,0,2074.459146,0,129.6016612,0,0,0,0,0,0,0,0,0,0,3.400790539,0,0,1837.540226,0,0,9.377897337,0,60.91783065,0,10.15196772,0,0,15.58516655,0,0,0,0,0,0,0,6.334001352
"166","10660",0,1.312194994,9.080405194,44.17052534,0,0,0,96.85365639,75.87520453,0,0,6.820314557,46.59964422,15536.42974,327.8259935,0,0,0,81.77769987,0,8.696754051,0,259.4517923,47.49810497,0,1912.411826,0,49.66149535,757.5700114,2938.63805,0,0,0,0,0,274.3199387,194.1089216,91.08660589,340.2446267,0,0,38.43657804,0,18958.43818,4594.258598,30.95408597,0,637.3610254,9.491001843,0,0,0,0,3107.503737,1139.565807,0,195.6275352,0,51.30376273,753.7884414,27.76739185,78.60534041,13223.65164,16860.96746,0,0,0,0,17.81687841,0,89.41809095,0,88.00546862,60.35227734,51.16117722,6.647363713,0,16.0470118,0,0,0,0,39.35011523,0,0,58597.57345,0,76.79519351,0,0,0,0,0,0,0,260.3274192,0,0,0,82.76431197,0,0,0,90.74123816,0,658.0673743,0,28.29626953,0,2915.624681,9829.69775,785.349167,0,40.24037278,0,1187.721788,67.08433428,441.2280037,143.2152601,0,11283.85417,0,4251.078746,87.39644484,4243.695809,0,50.52787569,222.5833019,0,95.56154452,0,0,2328.022472,74.70660825,4.570248302,45.94532931,0,0,0,0,847.9372514,3100.598355,120.5244562,0,21.79045375,0,50.59889779,0,80.40907529,0,0,165.1904603,0,4096.147005,28.90445486,188.7641581,356.0038024,142.5261182,43.82611666,0,269.2096624,282.4548865,0,0,0,0,0,91.33974285,0,0,5300.586913,11791.85639,0,14994.15689,0,350.7765224,0,0,0,0,0,1042.620978,144.1374969,0,236.9482585,0,0,1174.827855,0,139.5600211,0,0,146.9465891,9.775196359,12.82946191,65.847062,0,0,147.5603147,0,0,910.331192,77.17405792,250.7549149,80.50605824,139.9182536,0,176.2603881,26.05065422,13.31591368,0,0,691.9407436,58.68824153,7.279302056,367.0895005,44.78579243,206.5660594,0,0,0,0,0,41.50401573,0,0,11.13739092,34.64182898,110.9169469,0,0,0,0,0,0,28.41626948,211.4661933,0,0,344.8840802,0,0,11.37000071,42.46323599,25.88896968,1050.830891,0,0,0,49.15516228,0,0,1147.153656,0,7622.919427,0,44.705925,0,26.16220196,0,0,0,623.5306557,0,0,0,266.3055916,110.9276649,0,1491.339169,232.9113222,24650.39181,0,0,0,0,0,1468.16002,0,4.149486944,0,0,0,351.7676144,0,0,149.1607315,47.89415545,20.85130573,21.17497027,27.52156815,350.0973434,132.3829566,0,0,2570.138904,0,0,0,0,0,0,0,51.17093474,0,6922.831358,0,0,0,3903.067454,1179.772142,0,0,0,0,0,2951.440432,0,1156.43553,170.3429596,0,0,57.09718141,0,0,0,0,157.2115973,8471.127549,3.829912703,0,0,530.3644939,0,1006.87211,18.10647431,0,54.01097935,0,0,246.7084418,0,0,14609.93736,293051.7967,1009.567507,58.05122263,0,9958.182436,471.6510265,0,29.65993321,0,0,16.45716047,0,0,0,748.5941764,68.75286505,25.7818202,292.8794692,0,0,0,0,0,47.41089259,0,1789.618702,0,0,0,0,0,19.14988764,0,0,0,163.1467179,363.5564941,361.8682662,125.0881485,0,388.9846484,0,24.28403263,0,0,0,0,0,0,0,0,69.40887174,1126.565466,0,3251.708065,9.238774004,0,55.2664051,0,385.6491404,0,0,472.0905688,309.1155442,0,0,1799.550718,16.64346542,1246.34267,0,138.8711367,0,0,93.48797686,0,0,98.13611756,0,0,0,0,0,0,0,20.34675583,0,17.60613932,15627.2567,0,43.28136155,79.39137582,0,71.58476533,0,0,0,0,8.212052144,471.6008631,1.841512819,0,0,0,32.9581094,0,80.68890396
"167","10665",119.337072,0.253236074,9.33416868,33.62397024,0,0,0,55.51899149,57.03467237,0,0,17.87191406,34.66637556,4300.830585,834.4722444,0,0,0,33.1389587,0,98.34159977,0,114.9271682,720.552667,0,627.4983776,0,23.65533881,475.1755677,2859.693231,0,0,0,0,0,1922.600348,59.35673398,0,0,208.8976084,0,0,0,25906.35334,5673.317101,0,0,78.90128954,711.4641656,0,0,0,0,373.9661897,76.78872451,0,0,0,42.67580833,149.6317802,0,0,211.1413301,2321.532735,0,5.572943901,0,0,0,0,0,0,0,7.190243023,27.27523108,0,0,398.1376013,0,0,0,0,50.40330616,90.73946919,0,39853.19027,33.24691042,0,12.27809897,0,0,0,0,0,0,0,0,0,0,0,0,0,0,1329.387795,0,1991.962484,0,7.097607102,0,772.1341209,5526.418115,0,55.60469824,23.96117246,0,0,9.125211218,1060.903919,0,0,1555.778062,0,159.822347,16.65284133,0,0,0,66.83557633,0,0,0,0,0,15.53316932,11.14461272,31.49356036,0,0,0,0,0,11121.34724,60.01803787,9.715541957,330.5641262,0,168.1372836,2143.793752,51.67352258,0,0,5.652717881,0,1917.373461,19.94279938,0,595.0251211,0,57.04463749,0,87.61733093,0,0,0,33.55772605,0,0,206.8376494,0,0,864.7258832,6237.065174,3.306426742,2967.688503,0,190.3240864,0,0,24.93510121,0,0,329.7125288,0,0,128.0461596,249.8709973,0,0,0,0,0,0,0,31.70298952,82.30457822,644.6166289,11.45468954,5.274059217,356.9602224,0,97.20432919,222.210192,103.5484559,183.6121977,81.09217321,131.4470656,0,92.21216903,161.1185126,63.00397563,52.70473558,63.82202642,0,96.3413647,68.75956682,451.5378969,51.87517953,703.6203435,0,10.04690787,0,0,0,17.31277239,0,0,24.60624688,37.42137719,86.0679289,0,0,0,0,0,13.88265199,34.79667423,3.661456572,33.15766696,0,0,0,0,0,0,0,713.3304334,0,0,0,108.3570396,0,0,1236.182119,0,7596.922499,0,45.57715384,0,204.5180107,0,0,0,0,9.265619431,0,606.800723,0,56.87686622,0,722.9460956,66.06079211,34146.28819,0,0,0,0,0,5051.186659,0,7.755877038,0,0,0,56.12009231,0,0,0,0,121.9095832,0,129.4742366,30.41740984,22.52086706,0,0,465.910836,0,0,0,0,0,0,0,106.0906782,0,25978.69305,0,0,0,1248.531819,0,0,29.63155792,0,18.74614919,0,1298.107005,0,161.2796976,335.8492345,271.7885971,0,0,0,0,0,10.89832107,6.504627772,0,24.07504449,0,0,73.49081977,57.82845552,2820.150272,147.5565389,0,0,0,124.5225022,134.6931608,0,0,0,370.3859316,712.6525697,0,0,7467.478393,0,0,0,0,0,26.44842658,0,0,38.91277099,3369.781836,0,4.054938204,16.04720584,0,0,0,0,0,1185.141086,50.02027315,2206.794837,0,0,0,4.282724689,0,0,0,5.466175178,0,251.6715503,0,384.5683493,0,0,639.4499142,0,0,0,0,0,0,0,0,0,0,544.5637552,1685.641019,0,67.20669349,11.448481,0,80.19159038,0,576.8130789,0,0,1730.122871,0,0,0,1754.130394,0,349.1325358,0,504.4539114,0,0,21.93674484,0,26.14358743,0,0,0,0,0,0,0,0,10.25197979,0,24.66029482,25126.60074,0,94.00882868,725.4438715,0,230.2402756,0,0,0,66.64993523,24.7782611,0,0,0,0,0,0,0,87.38722778
"168","10714",0,0.313089301,38.51963847,78.60488752,0,0,263.3547793,11.70291553,0,0,0,8.640095574,25.96274205,1708.954604,153.7800819,0,0,0,44.28083019,0,11.18610403,0,53.14448377,0,0,447.8359978,0,0,27.29799789,2628.473404,0,115.9282549,0,0,0,84.00636617,31.9943013,0,0,435.3209513,0,0,0,30217.55675,9245.419027,0,0,79.74001885,4.163133917,6.30375713,0,0,0,756.4045254,77.35432017,0,0,0,35.68913149,529.5312596,16.49683768,0,9.412434456,42.54189572,0,2.967787277,0,0,0,0,0,0,0,0,0,13.67753006,0,2991.070789,0,0,0,103.7575402,50.8894153,0,0,25851.12148,149.706949,80.45554077,7.572724995,0,0,0,0,0,0,0,0,0,0,0,0,0,22.9062955,112.4541258,0,1186.569936,0,16.97635711,0,390.3896362,12948.50547,0,0,20.11581479,0,0,0,1280.535671,0,0,799.7268854,0,0,0,75.42395902,0,0,48.02104755,0,0,0,0,0,10.68563216,11.32315038,0,0,0,2729.352528,0,0,229.2612722,1827.886359,0,0,0,33.41246057,0,30.55833701,0,0,24.48727383,0,144.796213,219.0458385,0,562.1010285,141.4088007,0,0,0,0,0,0,0,0,0,35.34680788,0,0,557.1139286,324.962061,0,2127.698122,0,34.90906075,47.65904546,0,0,0,0,80.91786008,0,0,66.84117972,0,0,0,0,0,0,0,62.88038678,0,4.585885327,17.18340005,0,0,13.01944672,0,12.77274395,442.5741126,0,98.73454814,40.85807211,0,0,593.358532,10.13103032,0,0,50.28282255,54.26625162,21.3906379,0,81.69559179,140.4889672,118.4608917,0,9.097407804,0,0,0,21.15352849,0,0,0,15.32017939,116.4874316,0,11.41129476,0,0,0,0,0,5.368107362,0,0,0,0,0,0,0,0,203.8191882,0,0,24.30941811,0,0,0,7997.441344,0,130.8971375,0,0,0,41.24375986,0,0,0,0,11.14210401,0,0,463.9507838,821.9408736,0,502.8795886,0,26330.49314,0,0,0,0,0,849.0755455,0,26.90137498,0,0,0,90.00347275,36.8258641,0,0,0,20.19704268,0,13.01150142,30.99702248,4.200803117,16.83698277,0,368.524365,0,0,0,0,0,0,0,18.30932508,0,1005.848304,0,0,0,276.136002,13.24834281,0,15.48288361,0,97.61922219,0,294.2719469,0,1339.379384,0,0,0,0,357.252718,0,0,12.21656683,0,0,0,0,0,68.45348944,0,120.5994752,29.75672623,0,0,0,18.74386098,35.73318295,0,0,0,315.0899972,252.5823852,0,0,566.8952035,0,0,0,0,0,0,0,0,0,396.7324356,0,24.40699847,0,0,0,0,81.22480732,0,57.29248596,0,115.154599,0,0,0,0,0,0,0,0,0,0,0,261.9124386,0,0,0,0,0,0,0,0,0,0,0,0,0,0,670.0938372,0,168.6823669,37.01702013,0,0,0,154.8808667,0,0,0,0,0,0,4883.640871,0,24.48228875,0,0,5563.273667,0,224.5651745,0,0,0,0,0,0,0,0,0,0,29.13478212,0,17.05026179,4117.518043,0,231.962944,7.712909576,0,87.95551568,0,0,0,0,3.896094893,193.1457194,14.97708472,239.7230472,0,0,0,0,98.59526374
"169","10715",0,0.645687351,53.74436712,105.7090158,0,0,317.8955753,41.10894374,0,0,0,25.91274706,0,3769.121316,295.7358001,0,0,0,0,0,0,0,25.70792213,0,0,1867.172721,0,20.24998321,155.9399662,4358.819428,0,69.94078413,0,0,0,187.6096174,15.34218171,0,65.13471118,0,0,0,0,21827.47735,45.75538093,0,42.53392475,110.7577438,8.285483303,0,0,0,0,2202.601743,564.6662661,0,0,0,41.80662284,326.3033426,0,0,1006.155024,200.787608,0,0,0,0,0,0,0,0,0,0,8.449557916,6.767329518,0,7469.557872,0,0,0,112.3121099,73.3295252,0,0,55339.44697,0,113.9630204,0,0,0,0,0,0,0,0,0,0,0,0,0,0,26.06323598,493.3550525,0,880.6322889,0,15.01214368,0,893.8946576,26599.81656,0,7.985232498,67.81819932,0,180.5836855,7.273859102,1050.15142,0,0,4360.337672,0,0,0,633.0319856,0,28.27586057,69.24033687,0,0,0,0,0,0,118.3540058,29.51439215,0,0,313.9548047,0,0,530.7714887,5.069118175,0,0,0,48.74171895,0,102.9491785,0,0,225.2175894,0,987.0534746,0,0,0,0,0,0,680.0489449,0,0,0,0,0,0,204.9130379,0,0,1264.195285,2117.03189,0,4105.356592,0,52.58832402,330.178723,0,0,0,0,293.0267811,0,0,122.2026873,0,0,0,0,0,0,0,0,11.17164724,70.73868538,102.5134298,0,5.258890968,24.06855892,15.49401088,71.50500671,1961.188933,0,266.6979078,28.23448779,0,0,658.0942468,12.8835888,0,0,0,81.28518686,24.30402441,0,1295.137373,0,116.9114502,0,0,0,0,0,17.58246402,0,0,0,31.49102607,525.6032508,0,0,0,23.24340936,0,0,88.85878978,7.758579024,0,0,0,0,0,0,0,0,288.1050756,0,0,0,92.95453632,0,0,1764.189694,0,1247.526787,0,10.87700461,0,33.87325023,0,0,0,0,0,0,1651.419946,201.1828239,244.9707045,0,2188.425123,15.49701874,28684.37726,0,0,0,0,0,1261.645701,19.99747241,19.59541672,0,0,0,741.3142814,53.9823766,0,0,0,43.6466366,0,40.94377496,119.2004592,28.6001756,7.920375214,0,568.683225,0,0,160.521109,0,0,8.690334353,0,489.2816422,2.832830682,20630.20353,0,0,0,344.5476543,95.83540485,0,0,0,128.13832,0,1035.537112,0,9562.73196,235.5670515,490.1381333,0,0,696.5920153,0,0,18.0294635,0,0,12.1087612,0,0,300.4003732,0,814.869873,24.43901907,0,0,0,24.25996492,0,0,0,1135.25968,1700.88522,460.2331292,56.53871359,0,2622.759494,362.2097953,0,0,0,0,0,0,0,0,712.7705902,0,0,0,0,0,0,0,0,31.29111448,0,302.4470849,0,0,0,0,0,0,0,0,0,0,0,947.1235666,0,0,67.59901057,0,10.63136847,0,0,0,0,0,0,0,0,0,328.655856,0,200.6907914,37.12428469,0,0,0,141.5125285,0,0,0,0,0,0,2666.102663,0,23.60666609,0,0,0,0,37.1884197,0,0,0,0,0,0,0,0,0,0,22.73577434,0,14.17959607,8447.225933,0,204.7456835,32.28984681,0,91.60628659,9.047579977,0,0,0,9.041467296,0,0,0,0,0,0,0,44.85714043
"170","10726",24.84312613,0.162251529,14.40433794,56.06021024,0,0,0,51.95343718,31.78517532,0,0,66.38341859,63.72388154,7628.676468,1179.69213,0,0,0,71.45140545,0,269.0992124,0,115.8919349,0,0,783.0182425,0,14.54964805,84.17020172,3912.447037,0,76.06194986,0,0,0,1367.247097,26.59181189,0,64.84725028,0,21.23745278,0,0,40077.31931,13100.90143,0,0,29.44364089,51.21076511,0,0,0,0,9380.139167,268.7084149,0,0,9.22101434,45.62784296,544.3315312,18.24707778,0,95.69487969,86.20334175,0,4.341080395,0,0,0,0,0,0,0,0,10.41627133,0,0,10592.56079,0,0,0,112.7915841,44.0414514,0,0,39454.88865,89.5933352,0,0,8.70056654,0,41.78651184,0,0,0,0,0,0,0,0,0,0,77.70597274,1879.146156,0,2019.676753,0,24.25083676,0,755.5232275,11681.07844,0,0,27.10092174,0,0,0,1170.777657,0,0,2163.634673,0,141.6188536,0,41.40422909,0,0,51.24776863,0,0,0,0,0,0,128.5487408,12.03457574,0,81.53816451,1257.779221,0,0,467.057504,1686.634493,0,0,0,57.61635071,0,270.4334549,0,0,33.99282136,0,145.0454957,26.20646014,0,530.6540854,0,0,0,252.174187,0,0,0,10.66922284,0,0,587.3748467,0,0,976.1922038,197.2564555,0,6388.173611,0,46.58960638,74.0165137,0,3.750083081,0,0,122.4357529,0,0,72.00504219,0,0,0,0,0,0,0,0,36.51564513,34.35447411,385.7890522,16.24436856,9.728032538,149.3437749,32.86249182,68.10558019,918.4647137,0,77.95118112,30.83342159,36.41598325,0,233.8823876,10.27181773,0,0,0,0,62.67239193,0,876.5728203,78.34807646,606.0841178,0,20.2751247,0,0,0,20.77181985,0,0,40.42186216,41.23289233,197.2609155,0,0,0,0,0,0,129.564056,4.487207561,0,0,0,0,0,0,0,5.28570769,558.0839611,0,0,0,26.08751594,0,0,9343.483292,0,169.1823692,0,13.32817085,0,1483.469623,0,0,0,0,13.80286749,167.8691043,6483.228092,0,376.2068888,0,876.356528,214.9462352,63185.71855,0,0,0,0,0,7107.592315,0,25.2710634,0,0,0,916.6466233,0,0,0,0,32.4578734,0,80.42180382,150.9196843,48.62193128,7.57479058,37.94810442,294.9293881,0,0,0,0,0,0,0,297.0566615,0,1169.626047,10.20790528,0,0,3799.789436,43.6511106,0,0,0,22.02825043,0,919.6141069,0,1117.789325,0,168.3800168,0,0,353.2049061,0,0,14.05586104,0,0,35.48610243,0,0,155.3517041,0,342.935418,1070.300079,37.78757454,43.21969788,0,73.11699282,107.1067453,0,0,0,916.3686971,0,0,0,428.5616753,0,0,0,0,0,43.23607646,0,0,35.22413915,3742.875513,0,409.3365776,15.86987765,0,0,0,9.744646377,0,21.95859592,151.2266804,274.6709803,0,0,0,0,0,0,0,0,0,0,0,2128.002611,0,0,50.09921918,0,0,0,0,0,0,0,0,0,0,0,1545.594225,0,233.4485215,0,0,0,0,0,0,0,0,0,0,0,5307.450254,0,105.2641491,0,0,334.0536235,111.8707752,700.5138198,0,0,0,0,0,0,0,0,0,0,29.09769642,0,7.910576204,16868.32902,0,0,69.2879614,0,105.7251314,0,0,0,0,23.38080698,0,0,120.7464163,14.8481666,0,0,0,68.06189872
"171","10747",0,0.38639068,52.24559752,57.89810676,0,0,409.3986279,0,0,0,0,26.02123308,0,2856.094475,138.3376909,0,0,0,23.2716692,0,8.036467872,0,54.46760929,0,0,223.3866533,0,0,0,3404.650615,0,366.9731603,0,0,0,46.20355096,46.17738655,0,0,0,0,0,0,47998.47462,4448.203323,0,0,33.09155456,3.058796723,9.647975655,0,0,0,516.0463029,298.9726678,0,0,0,34.15005666,868.4774819,22.16866098,0,39.67035253,6.512815848,0,0,0,0,0,0,0,0,0,0,5.953305561,0,0,3092.542114,0,0,0,107.9037585,27.39259008,0,0,45238.62559,69.83337026,231.1494053,0,0,0,27.88288687,0,0,0,0,0,0,0,0,0,0,0,173.4726825,0,475.3389452,0,12.95086229,0,1107.771857,15688.88769,0,0,49.40542275,0,0,8.607785937,1021.111385,0,0,2517.293628,0,204.7489451,0,0,0,0,53.12566898,0,0,0,0,22.14507887,0,0,25.20486439,0,55.61128023,401.905054,0,0,687.9709924,5.325958112,0,0,0,44.72687091,0,0,0,0,74.88393008,0,1191.393062,0,0,484.8691408,0,155.3211989,0,334.8183206,0,0,0,0,0,0,66.23541371,0,0,883.1831321,4654.790181,1.806939365,1749.821326,0,60.46423064,139.3044267,0,0,0,0,78.61021862,0,0,208.0953559,0,0,0,0,0,0,0,46.93338989,3.324393688,7.364164906,30.95526323,0,0,9.24382908,16.28308259,19.14713409,1499.863191,0,274.978825,108.1290748,66.87071859,0,352.6957117,10.50195252,0,0,16.88673089,261.4054317,51.67027884,0,103.1120148,125.3946563,130.2945086,0,0,0,0,0,12.79444738,0,0,33.65137207,33.41425099,150.6826725,0,0,0,0,0,0,74.16153559,2.993779833,0,0,0,0,0,0,0,0,810.4862575,0,0,6.799894682,50.85720634,0,0,16998.34732,0,3875.279916,0,0,0,18.24184787,0,0,0,0,9.587672492,0,1216.992075,0,24.2978324,0,938.7060064,0,71087.10534,0,0,0,0,0,2806.05695,25.14969996,6.638668327,0,0,0,0,76.88313921,0,0,0,67.48654923,0,25.3825306,93.52655017,0,32.44175666,0,903.3736059,0,0,198.418054,0,0,0,0,183.1537275,0,956.9908305,0,0,0,401.6495622,0,33.46249984,11.00903984,0,71.73854461,0,914.6142578,0,0,292.015456,0,0,0,337.3169096,0,0,0,0,0,35.87284831,0,0,197.6177174,0,1955.005518,13.1612073,0,0,0,58.46414697,40.61283035,0,0,0,267.9102093,661.2008123,152.1927607,0,5831.199337,0,0,0,0,0,0,0,0,0,67.91678598,0,0,0,0,0,0,38.13897142,0,82.44485224,0,342.5382562,0,0,0,0,0,0,0,0,0,26.34105418,0,410.6747111,0,0,196.5876864,0,0,0,0,0,0,0,0,0,0,0,331.0086562,0,0,8.084208765,0,31.14547863,0,0,0,0,0,0,0,0,17211.79032,0,44.08346239,0,0,1089.717585,0,0,0,0,0,0,0,0,0,0,0,0,21.1705464,0,0,3664.274967,0,174.5664755,0,0,74.01097296,0,0,0,0,6.791586089,133.6206989,45.00491374,174.1133568,0,0,0,0,0
"172","10754",0,0.299624703,10.31245188,12.63407834,0,0,116.6787205,0,0,0,0,0,0,1063.37263,0,0,0,0,0,0,0,0,0,0,0,53.55315032,0,0,12.19732782,210.054081,0,207.7622834,0,0,0,48.32074504,0,0,0,0,0,25.33698554,0,20377.7875,0,0,0,23.13846376,0,0,0,0,0,322.659127,18.64554684,0,0,0,11.16867035,195.5986079,0,0,26.85072875,1213.455262,0,3.105354082,0,0,0,0,0,0,0,0,8.996659335,0,0,2235.669808,87.20082507,0,0,104.3358127,68.17696476,0,0,24356.32048,34.85131195,419.6882817,0,0,0,0,0,0,0,0,0,0,0,0,0,0,0,28.93483796,0,244.2586773,0,0,0,0,2388.597026,0,0,8.752571976,0,0,0,136.9552079,0,0,280.772892,0,0,0,0,0,0,16.92122289,0,0,0,0,23.70726532,0,0,0,0,196.6062716,652.9602049,0,201.5963602,43.09392823,0,0,0,0,0,0,6.661962038,0,0,10.66310485,0,80.70048507,0,0,259.5630663,130.7409675,0,0,34.45502382,0,0,0,0,0,0,14.06371814,0,0,838.4845359,246.6862794,0,363.7730042,0,0,0,0,0,0,0,31.70034801,0,0,44.51279548,0,0,0,0,0,0,0,64.29085626,0,1.401316914,0,0,0,3.854845818,10.92173849,0,40.86803987,0,56.43115986,0,0,0,132.1110276,0,19.66781246,0,0,0,26.32672072,0,9.718358127,0,0,0,13.34110017,0,0,0,0,0,0,0,0,0,0,0,0,0,0,0,0,1.600298116,0,0,0,0,0,0,0,0,30.771765,0,0,0,34.10699073,0,54.8631721,5135.122177,0,124.9202821,0,0,0,0,0,0,0,0,0,0,0,135.2955546,7.956746187,0,272.0722633,0,14866.23631,0,0,0,0,0,11.24379408,0,0,0,0,0,0,0,0,0,0,0,0,1.732808987,0,6.007093887,19.86676164,0,168.5683017,0,0,287.5726326,0,0,0,0,0,0,78.19357139,0,0,0,150.4965062,0,53.41569586,0,1.048258015,72.84323625,0,92.93874638,0,0,511.8221831,0,0,0,59.74533855,0,0,0,0,11.62913378,7.452607511,0,0,20.49248206,0,78.0275884,0,0,0,0,0,0,44.46346339,0,211.5894126,3504.033163,410.4125508,24.65748091,0,440.6894779,0,0,0,0,0,0,0,0,0,105.4374001,0,0,0,0,0,0,0,0,0,0,180.0296267,0,0,0,0,0,0,0,0,0,0,0,0,0,0,0,0,0,0,0,0,0,0,0,0,0,0,0,0,15.12609053,0,0,18.70843383,0,0,0,0,0,45.41176932,0,0,6188.230797,0,21.67230411,0,0,3030.976644,0,0,0,0,0,0,0,0,0,0,0,0,13.60557604,0,0,648.3643707,0,186.6385665,0,0,42.00553621,6.561163405,0,0,0,0,0,20.80970378,239.0263673,0,0,0,0,8.529062237
"173","10760",71.55766246,0.408636934,13.01991516,52.48781745,0,0,2101.719598,100.8865255,42.2334423,0,0,155.031485,28.93464306,3250.535185,387.1613826,0,0,0,48.07751299,0,0,0,147.2980638,0,0,1906.564119,0,32.38158952,400.4564711,5407.642608,0,112.8810278,0,0,0,761.6284418,25.33909893,0,122.2633406,0,0,0,0,58474.23601,7143.360857,0,35.86698357,104.2846428,21.46153493,0,0,0,0,761.5488203,402.2637916,0,130.8615365,45.55242208,153.8971331,819.120679,36.03135906,0,4141.269152,5807.951296,0,0,0,0,0,0,0,0,0,0,9.170364961,0,0,15.05095132,0,0,0,97.73355835,19.71171366,0,0,45783.44327,18.02487299,98.31951833,0,0,0,65.73497616,0,0,0,0,0,52.50359627,0,99.17149055,33.37114422,0,168.9396186,105.9957423,0,1441.430097,0,0,0,1267.139278,15663.57002,0,0,14.91611842,0,70.22089339,0,1386.44378,0,0,3158.731466,0,351.7702122,62.35285425,82.89507501,0,0,79.82747257,0,0,0,0,278.2294451,59.59503451,0,13.61920937,0,0,705.5890229,0,502.7947634,3439.264512,54.65316294,1.92992878,0,0,106.9092147,0,67.05177794,0,0,10.22307369,0,1040.775246,33.59053244,23.83326785,428.8790849,0,84.76469743,0,217.1711458,130.5636518,0,0,29.47917061,47.81359019,0,210.8464893,0,0,1611.681403,2523.178327,0,8108.71513,0,0,271.9005302,0,0,0,0,869.058429,0,0,365.4010529,0,0,0,0,0,0,0,29.56506649,8.010540915,15.08332668,203.7448575,7.898248018,6.341509675,117.2909077,0,41.60791262,214.4484742,40.92116856,93.34483255,144.7946957,115.1412113,0,323.6143541,64.62406284,0,0,0,0,69.25895472,20.47132755,67.2628036,97.61857942,574.2569255,0,0,0,0,0,31.25701237,0,0,23.70323544,36.54061895,0,0,11.66525517,0,0,0,0,78.55284113,21.99514125,0,0,0,0,0,0,32.46238687,0,1293.194702,0,0,0,0,0,0,3459.390884,0,2757.512288,0,23.98064356,0,81.05175106,0,0,0,141.0647981,9.923506153,185.2443918,1267.283076,80.62710254,333.2951098,0,1143.830114,95.87644161,55419.90209,0,0,0,0,0,223.1635822,0,4.188450273,0,0,0,65.40286402,0,46.49240225,150.7519376,0,3.015995078,0,83.34004741,382.7916499,55.86692015,14.95769767,0,619.3302785,0,0,0,0,0,0,0,370.4384027,0,71977.10108,0,0,0,1916.451699,33.37838473,114.7506084,16.5079427,0,0,0,1468.550015,0,945.0325731,155.1821513,271.0084621,0,0,394.3122607,0,0,18.87070717,33.84856245,337.3910481,24.73405393,0,0,124.7646785,37.43947085,1084.238373,58.47756789,28.89105121,30.44187663,0,176.0306175,89.27117995,0,0,1413.771469,110327.4125,417.9126938,38.8249884,0,4082.719333,0,0,0,0,0,0,0,0,0,1427.246053,13.88724936,7.051133133,39.57191307,0,0,0,0,0,176.8008682,0,576.5341165,0,0,0,0,0,0,0,7.779234228,0,102.9179442,0,608.9198413,62.20200469,0,137.6640125,0,14.99217762,0,0,0,0,0,0,0,0,0,954.0928456,0,639.5777159,32.17487436,0,54.80911839,0,1309.730187,0,0,0,203.5147972,0,0,5118.571879,0,410.687578,0,0,999.4634123,0,54.97538583,0,0,32.6954329,0,0,0,0,0,0,0,29.27161706,0,0,48977.18685,0,126.9840092,168.5893453,0,97.28874865,0,0,0,0,20.51511792,0,0,0,23.48514424,0,0,0,93.4651375
"174","10761",0,0.62885255,12.55620727,73.92777793,0,0,0,9.952803967,66.60894713,0,38.24311699,7.088257551,34.67400709,8473.487554,397.6124301,0,0,0,0,0,0,0,178.3952982,0,0,1504.045324,0,17.96466044,347.540638,6834.135953,0,37.99874101,0,0,0,57.17537637,46.03139569,0,178.020446,0,0,0,0,27160.08366,20.20592163,0,100.5187114,183.1753404,1.904756809,0,0,0,0,865.8166563,532.529711,0,28.02129827,0,114.5705068,870.5310793,52.44288053,0,2648.696045,618.1965655,0,0,0,0,0,0,0,0,0,36.61707143,16.09926847,0,0,1500.371485,0,0,0,123.8090877,85.81198223,0,0,61342.2679,14.16508265,220.4746138,0,0,15.76084837,62.96574746,0,0,0,0,30.31410951,0,0,35.36114516,115.8925162,0,537.6038194,29.18180564,0,634.965687,6.89832761,55.39088578,0,1797.034415,20915.06372,0,0,23.74053578,85.99460597,4164.276806,40.7189587,5157.676326,0,0,6997.498399,0,367.3744099,94.0602966,4966.285913,0,40.67684325,179.1908309,0,0,0,0,37.86554555,22.79285244,0,20.65007187,0,31.29132637,291.7609686,0,0,1352.495193,0,0,0,0,0,0,11.10199399,0,0,0,0,2579.764192,0,0,341.304156,0,83.05337167,0,147.7280988,54.79498768,0,0,6.659544558,24.49368654,0,10.9214999,0,0,1903.588675,6678.868337,0,6986.655794,0,358.233453,238.5542657,0,0,0,0,282.0862858,0,0,591.4223141,0,0,0,0,0,0,0,0,0,2.85372999,8.805308207,0,0,12.35912129,0,0,1704.772135,0,240.7174391,183.528342,324.376173,0,621.7476712,9.211871556,0,0,0,186.846554,60.51296814,0,24.18910775,0,123.4988055,0,0,0,0,0,19.65560011,0,0,36.45610943,327.9744876,0,0,0,0,0,0,0,32.01442762,18.45215648,0,0,0,0,0,0,80.95014549,14.91899395,1380.57821,0,0,0,29.68485957,27.54693797,72.87054336,4741.137069,108.9812127,4143.900816,128.7202457,0,0,0,0,0,0,51.57215703,15.10246268,0,839.2725215,103.8139824,66.83841468,0,1297.62777,25.26977617,23036.46797,0,0,0,0,0,325.0787533,0,0,0,0,0,1818.626379,0,0,107.1495444,0,56.41069426,0,24.67535621,315.5789957,6.560530317,9.487428866,0,1579.343813,0,0,275.3850942,0,0,0,0,85.53052304,0,7240.439021,0,0,0,467.9181813,2671.328143,0,23.1698084,0,0,0,1980.90308,0,0,0,199.3936235,0,0,625.6696839,0,0,0,0,94.14710844,0,0,0,404.0123442,0,934.6842102,0,31.08127327,0,0,107.4152604,142.0654225,0,0,3400.791854,10193.05124,0,23.5431694,0,7576.186489,0,0,0,0,0,0,0,0,0,176.9012942,0,0,0,0,0,0,0,0,39.12428889,0,1460.142738,0,0,0,0,0,12.35774915,0,0,0,0,198.2956657,411.4384686,0,0,109.9820614,0,0,0,0,0,0,0,0,0,0,0,0,0,16.17863614,0,0,0,0,555.2863974,0,0,0,0,0,0,5020.293084,0,38.65002364,319.5749706,0,544.4175068,0,0,0,0,17.527749,0,0,0,0,0,0,0,11.97742912,0,3.394100858,2772.899792,0,39.5721013,6.508075523,0,64.26956036,0,0,0,0,14.79141678,0,0,0,0,0,0,0,41.43921805
"175","10765",0,0,15.45170136,94.39031582,0,0,0,66.63602906,0,0,31.8235937,31.3967611,0,12330.27431,467.6357613,0,1261.085334,0,44.40621989,0,17.87800623,0,140.4494684,0,0,629.1706666,0,26.54801466,38.11605926,3360.512644,0,35.31505564,852.6962703,0,0,275.5984144,0,0,196.9617578,0,0,0,0,25466.74231,19770.01613,0,89.52219319,86.3700257,10.11388291,0,0,0,0,4698.97299,533.5936379,0,0,0,152.9886013,2250.719246,26.82432803,0,1735.247587,515.5685912,0,1.680017665,0,0,0,0,0,0,0,10.29337911,11.16449719,4.711963993,0,18.0738284,0,0,0,109.5025964,79.68870539,0,0,860.6218551,4.556863913,119.6200445,0,0,0,27.32374828,0,0,0,0,0,0,0,0,22.15540649,0,114.3271963,161.0374307,0,1295.213454,0,0,0,1118.556198,13839.36257,0,0,53.18209675,0,190.8449566,34.63942217,984.3756634,0,0,7652.97109,555.6828115,70.59182296,58.61710799,2129.202529,0,63.25908036,180.3768117,0,19.29080058,0,0,12.99661815,0,0,23.71836376,0,0,242.2254401,0,0,4260.417599,35.1829054,0,0,0,89.46322204,0,237.5327623,0,0,38.25319968,0,2794.611821,0,0,0,0,14.99813679,0,350.684364,0,0,0,0,0,0,279.1536543,0,10.52459486,1383.966011,11668.77516,0,5479.772899,0,147.5194378,80.02677932,0,47.48143057,0,0,307.1747832,0,0,277.0778914,0,0,0,0,0,0,0,35.46748606,33.64572956,55.52146625,270.0507447,24.91144239,11.71686798,150.1511341,0,31.34668951,1181.598494,0,305.0631364,80.72600939,128.2448779,0,276.3917746,15.27817339,56.03208354,0,0,165.7531575,166.6507456,27.98972556,2453.281338,35.22503046,405.8581827,0,0,0,0,0,25.07819184,0,0,0,40.55368806,189.3553064,0,10.7367314,0,0,0,0,0,18.39834597,0,0,0,0,0,0,0,0,1086.525452,0,0,0,81.15242068,0,0,3535.48497,0,8525.466349,0,168.3169572,0,302.5612477,0,0,0,25.45996728,0,0,3892.627934,26.25731367,237.311228,0,1617.628262,74.25868949,44547.20673,0,0,0,0,0,11128.69271,12.05911205,6.96277472,0,0,0,223.4753868,0,0,22.0922456,0,35.99652704,0,70.74894917,176.1056735,22.12626462,0,0,864.6795276,0,0,211.7753328,0,0,0,0,768.9397503,0,19162.69111,0,0,0,2123.997777,1272.010031,0,0,0,117.0499949,34.48013889,1050.033816,0,7758.881143,0,243.750771,0,0,359.7049533,0,222.824894,0,4.091606087,0,0,0,0,1616.514522,202.1558641,4178.099205,355.9820291,0,31.53068608,0,61.99251482,134.9429085,0,0,415.3576918,4138.173005,430.4514896,51.234538,0,13920.76599,0,0,0,0,0,19.57921608,0,0,0,3459.583664,2.846598286,10.35403166,9.361720119,0,0,0,0,0,0,0,2092.322691,0,0,0,0,0,14.74181755,0,0,0,404.8188177,221.2125308,549.4031368,0,0,760.8493539,0,15.33636672,0,0,0,0,0,0,0,0,0,0,0,273.1117748,14.65663163,0,43.51444484,0,158.3270805,0,0,0,0,0,0,6148.796802,87.43895989,185.3024825,0,0,341.2612373,0,27.60213805,0,0,0,0,0,0,0,0,0,0,14.31126159,0,6.91573118,30105.67085,0,39.69325514,61.48139811,0,0,5.105039996,6.223563155,0,0,8.13707877,126.0458234,87.07629598,0,0,0,12.89503571,0,61.28140867
"176","10813",0,0,11.58115587,47.89770597,0,0,1100.969126,43.16963257,0,0,0,11.2540933,0,7379.477206,243.3547194,0,0,0,90.3414883,0,12.43545609,0,37.71933555,0,0,674.4470625,0,13.18435407,365.9122166,3089.550764,0,118.0963924,0,0,0,51.31936049,67.61830027,0,107.8312466,1963.95759,0,67.54947283,0,19032.32146,223.9265694,0,0,947.8918306,11.1321126,0,0,0,0,513.0646422,293.7047706,0,66.27906903,15.79376213,72.30048615,602.8518613,15.38128532,0,180.6020695,9848.603273,0,0,0,0,0,51.27496474,0,0,4.471412,6.444868769,0,0,0,1616.743496,0,0,0,130.9096723,38.76843267,0,0,0,60.70626524,133.2951426,0,0,0,32.16825395,0,0,0,0,0,0,0,0,0,0,0,78.37723968,0,281.1901011,4.313212275,49.36694355,0,893.4734684,14120.03083,0,0,18.79981868,0,171.3663712,10.9165257,6473.960279,9.032870227,0,2207.541763,0,75.58752058,0,0,0,0,98.71410511,0,0,0,0,205.0787608,46.5398148,0,27.58996665,0,0,246.5003215,0,1059.895975,1464.813955,3020.325185,3.694886798,0,0,47.88293311,0,38.41436474,0,0,36.15535716,0,419.541585,223.596742,0,0,0,0,215.2343241,46.28522744,5073.5851,18.50231409,0,0,48.76767462,0,30.02185646,0,4.397697354,3335.329513,2358.653927,0,10379.07525,0,59.16378987,606.7205766,0,0,0,0,16.19162768,0,0,275.9816496,0,48.55774778,0,0,0,0,14.74769659,56.22893698,2.211835765,3.576881536,35.8018842,0,0,50.33091109,4.294055329,0,1190.964733,0,27.3654407,36.38169566,0,0,298.8267109,17.2081629,24.9156027,0,10.42191588,130.6901929,33.74013767,0,126.5364163,0,149.3819782,0,7.847820181,0,0,0,58.19235279,0,0,3.093540812,17.6804184,0,0,33.17978244,0,14.94277836,0,12.22255056,0,222.1845104,0,0,4326.553984,18.40729522,0,0,0,0,850.4353475,0,0,7.158197198,23.16731624,0,0,2675.221263,0,2197.985122,494.921347,16.56156722,0,0,0,13.46834928,0,0,20.48387547,0,1198.437851,73.41967193,943.9635007,0,884.023906,149.6564904,14866.68477,0,0,0,0,0,1894.416343,0,14.12320549,0,11.08422913,0,8718.621083,61.08844368,0,0,0,32.20602101,0,28.89076003,138.3886098,89.76687199,15.15953449,0,597.6477916,0,16.14063443,136.0858942,0,5.296714611,0,0,69.76744243,0,2169.558907,0,108.3395581,0,9026.175231,0,0,24.10417384,4.179243859,2.720509752,0,513.18241,0,2216.405951,324.0417281,191.4499483,0,0,405.2634085,5.741633807,0,0,105.5985218,374.1129038,0,0,4.989880412,165.1764376,4.445007357,1412.839845,84.24483453,0,20.83017881,0,37.1123888,29.42885678,0,0,2621.718873,78822.01498,82.86914255,68.58539149,0,3156.639967,0,0,0,0,0,0,0,0,0,0,20.58671743,17.94852965,104.6684309,0,0,0,46.49729942,0,0,0,1920.998322,0,0,3.794162564,10.94348839,0,0,0,0,0,0,82.43268096,481.7070464,98.59253558,312.4837082,195.2624038,0,0,0,0,0,0,0,0,0,0,0,0,0,662.5136096,12.68496171,0,32.42217466,0,341.9481077,0,0,0,491.2863322,0,0,3978.105605,0,298.7594539,0,0,382.8533995,0,149.4180987,0,0,0,0,0,0,0,0,0,0,23.81494314,0,14.5038112,1288.126101,8.819862783,36.83771571,19.85175437,0,0,0,5.677400167,0,33.43571646,3.602238753,0,13.77597281,167.8946915,0,0,0,18.90654839,86.41849589
"177","10818",3.55948913,1.54261083,6.516191877,35.27979004,0,0,150.5199731,120.5801531,0,0,0,25.6104986,0,17232.23828,152.4301915,424.2608141,0,0,107.3372607,0,35.08367526,0,59.41995251,50.66936206,0,808.8379125,0,29.96009251,0,1235.820316,0,40.68801159,0,0,0,397.3461398,195.6542945,241.9609387,568.6339993,0,0,0,0,17711.33395,1133.602508,0,38.3194734,377.1012175,5.779454575,0,0,0,0,9778.072974,694.0621152,0,168.7829353,13.54949046,523.2354524,570.0096258,0,0,6696.717765,16344.63293,0,0,0,0,0,0,0,0,11.45144862,19.94823233,0,0,0,3232.544756,0,0,0,111.9689007,18.58136894,0,0,0,0,152.8039218,0,0,0,17.56547928,0,8.500586684,0,0,0,0,0,0,0,0,40.92930338,183.4650369,0,644.212337,2.0680662,23.75685684,0,1332.130796,7245.603384,1637.50784,13.22381696,1036.543221,0,591.951814,53.60313092,1310.522721,14.09885674,8.515197819,9067.385173,0,92.01046141,17.27808888,10640.78213,0,0,109.7111837,0,0,0,0,1881.681962,251.735218,0,28.28358493,0,0,159.3630464,0,680.9259026,2627.547311,7.038996492,0,21.07044283,0,60.54403724,0,47.98964482,0,0,40.74061673,0,2655.857762,29.31126291,0,0,0,78.39219401,0,330.107636,496.4363289,0,0,0,172.9979505,0,172.4774479,0,4.869038272,6645.624147,9292.14815,0,6896.694737,0,99.91483367,534.6698845,0,0,0,0,176.322067,0,0,331.2009217,0,0,0,0,0,0,29.78201283,168.9183026,13.11537242,9.882722369,235.0588549,29.71762503,8.590959227,206.3875381,0,0,192.8403081,115.3135665,10.27869816,0,14.17957355,0,248.859213,18.6106074,12.26453277,12.81409337,0,268.5151124,43.98317864,0,498.8040464,0,98.44860649,0,0,0,0,0,34.64108618,0,0,11.85486855,28.25684803,100.3213811,0,0,0,8.009486465,0,0,0,585.624241,0,0,0,1.064869768,0,20.54022649,0,15.07908241,1537.415274,0,0,0,128.7316169,0,54.23975456,867.4335617,0,5878.593273,58.98132678,45.06737178,0,0,0,0,0,42.37976801,0,136.829481,1760.083535,0,35.0531066,0,388.7436206,486.583289,27581.86804,0,0,0,0,0,3847.302774,9.495643316,4.268008339,0,0,0,896.1592113,0,0,0,0,20.72673988,0,27.41242368,671.2164407,158.9002462,13.86983809,0,615.6432524,0,0,502.2914056,0,0,0,0,504.7595331,1.575159632,26256.60744,0,0,0,5304.174011,4296.236552,0,0,0,14.62447665,0,375.7356855,0,4200.755766,47.28459556,169.2828641,0,40.13281306,215.4986084,0,0,0,239.2852714,255.7873898,0,0,0,85.04735376,44.22642788,3264.003339,93.23612583,0,0,0,47.23967128,57.93224201,0,0,10039.94838,149336.8615,16.39302005,63.48544341,0,10144.35712,341.6424352,0,18.33052674,0,0,27.13614202,0,0,19.30023962,0,39.34247367,9.453129464,217.6581614,0,0,55.76687577,0,0,0,158.2655693,1384.609387,0,0,0,0,0,0,0,6.464395749,0,490.9675903,670.6225946,0,173.7802269,0,1225.329216,0,14.85073134,0,0,0,0,0,0,0,0,451.0282153,0,0,3890.766716,11.65506985,0,14.52041532,0,1443.379813,0,0,0,1541.990314,0,0,3005.927526,0,700.3671723,0,459.498482,385.3220823,200.2180926,4.07203957,0,0,0,0,0,0,0,0,0,0,64.29287389,0,15.51030344,16905.65276,0,7.002454495,134.9293065,0,0,0,0,0,18.90038637,3.177434215,563.4243532,4.756443005,0,0,0,9.58513878,0,61.08736095
"178","10839",0,0,34.60886567,14.81790145,0,0,1078.757139,0,0,0,0,0,0,1257.70401,95.36315673,0,0,0,12.15316808,0,0,0,27.76761355,0,0,171.6949334,0,0,0,1224.63871,0,143.7638032,0,0,0,26.31329052,16.83620583,0,0,250.389438,0,19.55878324,0,49725.32456,521.967578,0,0,66.4379117,0,0,0,0,0,555.429976,88.32679651,0,0,10.75916752,62.78413417,273.0345736,0,0,11.93862208,4.185422894,0,0,0,0,0,0,0,0,0,0,8.903402146,0,0,2479.100889,0,0,0,120.1532974,41.16620693,0,0,0,89.74912929,361.7015544,0,0,0,16.54893088,0,0,0,0,0,0,0,0,0,0,0,45.60377697,0,261.5924812,0,0,0,252.4095914,10189.81458,0,0,15.18581826,0,0,0,6352.011839,1.812272187,0,513.7394372,0,0,0,21.28737184,0,0,25.92835417,0,0,0,0,0,8.209727249,0,0,0,56.32050746,1477.239657,0,0,128.3002512,38.90606441,0,0,0,10.82849844,0,0,0,0,0,0,88.73728059,7.112838292,0,0,0,0,0,0,0,0,0,0,0.330562207,0,21.2194383,0,0,1046.766784,290.9904549,0,1021.529038,0,31.43897067,55.93885256,0,0,0,0,12.95074599,0,0,69.93434105,0,0,0,0,0,0,0,29.29772213,0,4.041688283,4.697858267,0,0,3.58187048,17.51841327,1.990622798,2247.390827,0,7.151448376,21.09544677,0,0,636.8732656,11.95897132,58.46257008,0,0,0,39.73977968,0,5.746771532,0,83.91189745,0,6.698756421,0,0,0,16.04294762,0,0,8.348006487,24.23877604,0,0,0,0,0,0,0,0,6.149816581,0,0,42.67642261,0,0,0,0,0,107.3257097,0,0,53.27610384,0,0,0,11172.73578,0,242.8960883,0,0,0,0,0,0,0,0,9.167075318,0,480.002121,395.2954463,124.2017435,0,907.7341534,0,37054.11428,0,0,0,0,7.282478171,19.62093233,15.19263542,23.77488425,0,7.116102129,0,0,6.772180255,0,0,0,30.07626492,0,3.66807078,17.00528829,0,25.76189598,0,467.3491353,0,0,0,0,0,0,0,6.615393581,0,979.3493249,0,0,0,0,0,0,32.13068212,0,17.03655763,4.70203758,173.9894518,0,0,0,69.76868835,0,0,333.2622818,8.479694853,0,0,18.14372562,0,0,0,1.364609486,35.52707777,0,190.1875384,7.472382452,0,0,0,0,0,0,0,136.1517321,338.3098586,345.2042092,23.29345476,0,426.7562253,0,0,0,0,0,0,0,0,0,0,0,0,0,0,0,0,0,0,0,0,208.7672519,0,0,0,0,0,0,0,0,0,0,0,217.1005783,0,0,0,0,0,0,0,0,0,0,0,0,0,0,584.411237,0,8.280420011,0,0,0,0,0,0,0,0,0,0,0,14424.10486,0,31.33431262,0,0,1428.038788,0,0,0,0,0,0,0,0,0,0,0,0,36.53434739,0,0,914.8435026,3.302536307,400.739208,0,0,0,0,0,0,13.02123357,0,0,0,201.7432846,0,0,0,0,35.51165785
"179","10847",12.29278777,0,7.176765716,9.967577418,0,0,539.4965922,0,14.69529627,0,0,3.710742275,23.88614777,1090.275282,80.5900153,0,0,0,19.80039407,0,10.06923274,0,36.22019254,48.34636884,0,291.4925039,0,8.328931114,0,1142.740661,0,60.55666442,0,0,0,97.26644152,46.07424707,0,0,0,0,0,0,24896.56489,7884.785865,0,0,28.71462349,1.916565628,6.473184434,0,0,0,283.9220891,35.46925121,0,0,0,69.46184768,252.1621914,0,0,101.7966103,118.8780458,0,0,0,0,0,0,0,0,0,0,0,0,0,3021.498742,74.21960484,0,0,109.1551717,64.99482275,0,0,0,92.09287645,436.1629747,0,0,0,22.34467229,0,0,0,0,0,0,0,0,0,0,0,45.16481742,0,201.4452193,0,12.30274442,0,237.8077414,8419.038483,0,0,12.54843453,0,0,4.681545958,4756.907665,0,0,526.2520022,0,0,8.238433332,0,0,0,145.1088589,0,0,0,0,0,8.601705508,0,5.845702977,0,0,357.6215793,0,0,155.5539354,70.54249171,0,20.10444496,0,17.80781828,0,13.60988681,0,0,0,0,268.4899087,0,0,0,0,0,0,33.33741296,0,0,0,7.667852965,0,0,9.871615024,0,0,803.9696002,659.0599443,0,2808.271172,0,37.84054155,209.6947605,0,0,0,0,56.78651646,0,0,75.69786114,0,0,0,0,0,0,0,63.70336516,2.638219815,4.253239028,10.7240606,0,0,9.208484984,0,3.451143796,769.355055,0,30.64138888,30.02246061,0,0,570.3493953,7.763558712,17.26951936,0,0,0,141.6728335,0,9.334977083,0,125.6920649,0,0,0,0,0,18.67107144,0,0,5.009067331,18.30621983,0,0,8.874271969,0,7.259390957,0,0,0,4.433082794,9.103583359,0,0,12.14402577,0,0,0,0,308.3546802,0,0,18.42448567,0,0,0,5185.427376,0,177.3483915,0,0,0,0,0,0,0,0,9.230958636,0,0,18.57695413,1047.449878,0,1089.531767,130.5157382,21652.03537,0,0,0,0,7.359686414,39.02230065,58.14141337,22.45046384,11.26048804,9.339946504,0,0,0,0,0,0,31.36497515,0,3.718596915,19.91152503,46.48299481,13.75562228,0,333.4077567,0,0,64.29668351,0,0,0,0,34.18477689,0,1363.59621,4.009488637,0,0,0,0,0,44.82318706,0,23.89464534,0,225.6111725,0,0,75.40359169,177.855754,0,0,188.0919793,3.912304969,0,6.155875126,0,0,0,0,0,52.72622142,0,103.0283824,76.47143222,0,0,0,0,16.22393928,0,0,0,524.1291596,374.3568473,42.66673226,0,959.6571662,0,0,0,0,0,10.09776678,0,0,0,0,0,0,0,0,0,0,0,0,0,0,126.781164,0,0,0,7.323151079,0,17.01034483,0,0,0,0,0,130.9343391,0,0,142.0644138,0,0,0,0,0,0,0,0,0,0,0,0,0,26.50873156,0,0,0,0,0,0,0,0,0,13.30750702,0,6879.042345,0,14.29541646,0,0,1200.373662,0,6.83867285,0,0,0,0,0,0,1.073832719,0,0,0,17.71170345,0,5.326516635,385.5331349,0,0,22.41912908,0,0,0,0,0,0,5.648332613,92.25352423,14.06528174,330.1316086,0,0,0,0,47.25704354
"180","10178",30.0433549,0,11.29269822,65.80149193,0,0,222.7137248,23.49258121,0,0,0,25.32863688,0,3014.313822,601.7029388,0,0,0,43.38209412,0,0,0,122.6105168,56.78972334,0,1795.938977,0,10.14692804,456.4398491,7776.041331,0,67.19060416,0,0,0,166.9421975,0,0,64.73581293,156.1813648,0,0,0,9298.561767,168.8492334,0,0,172.480703,5.439077935,28.77811231,0,0,0,809.0476051,278.834185,0,0,0,77.88702219,490.6077008,42.17944744,0,179.5775288,734.72584,0,0,0,0,0,0,0,0,0,0,16.58786571,4.239509528,0,1406.619153,0,0,0,0,101.2743604,0,0,35780.81508,22.72032966,130.6881936,0,0,0,0,0,0,0,0,0,0,66.88228645,0,0,0,0,47.44829654,0,1013.715383,57.57053688,9.762317105,0,988.8477784,26709.08653,0,0,27.38748599,0,0,0,536.0679727,0,0,2624.75811,0,227.3063054,0,148.3914387,0,0,79.22776325,0,0,0,0,61.31940644,20.52643721,25.68020733,0,0,0,0,0,0,476.2778009,3.666099909,0,14.03904345,0,33.15584429,0,137.6558969,96.11805779,0,9.320259112,0,213.6289368,0,0,0,0,0,85.23523449,277.5233739,0,0,0,13.60578092,0,0,22.6620128,0,0,1234.917086,694.123903,0,4551.974548,0,52.90475958,0,0,0,0,0,175.1369359,0.969656891,0,103.5302905,0,0,0,0,0,0,0,27.24774443,1.927552158,9.116866505,89.65956156,0,1.850512162,18.51646425,0,10.78572473,1458.211016,0,182.2594943,67.43936886,0,0,1073.536671,13.39149734,0,0,0,0,60.59919922,0,31.43033529,0,520.7840149,0,0,0,0,0,32.70511609,0,0,35.25786862,63.12576922,0,0,39.86592168,0,22.75748811,0,0,47.94446627,26.170665,0,0,0,0,0,24.96537469,0,15.71537663,383.0338211,0,16.40765664,0,100.5566094,0,0,1541.334939,0,340.7004622,0,0,0,0,0,0,0,50.78661896,16.23530804,0,0,199.6658667,434.3454314,0,1937.757718,52.9349318,0,0,0,0,2.814640485,0,162.2754284,14.75121644,22.48641873,13.9723192,0,0,0,0,0,0,0,17.66440946,0,47.19970443,112.9434978,8.573873205,0,0,518.5686798,0,0,0,0,4.106985957,0,0,181.1649094,0,1679.198811,0,0,0,511.0424917,200.6011599,0,0,0,53.56623948,0,687.8762912,0,0,0,177.5955246,0,0,651.9632118,0,0,0,6.073650324,11.88295857,0,0,0,127.7762012,9.308912067,372.5447614,13.40693347,0,0,0,60.32079634,75.07562687,0,0,253.3897856,5424.894597,0,45.81595099,0,1107.349348,0,0,0,0,0,0,0,0,0,0,0,0,15.37974079,0,0,0,27.59957293,0,8.147356744,0,354.1879206,0,0,0,2.347142408,0,0,0,0,0,0,0,309.5815514,0,0,0,0,0,0,0,0,0,0,0,0,0,0,0,0,127.2271481,7.106145949,0,0,0,0,0,0,75.08771512,0,0,0,2469.206505,0,105.9579639,0,0,1232.520627,0,9.718657026,0,0,0,219.8261269,0,0,0,0,0,0,17.62059403,0,0,2591.052394,0,171.7147595,63.73325282,0,51.10781535,0,0,0,15.07755013,18.20369297,160.8158824,66.95129984,0,0,0,0,0,43.97672551
"181","10171",0,0,0,23.62571143,0,0,816.8814772,11.33582092,23.33269754,0,0,16.46109391,0,14522.75996,311.8180498,0,0,0,15.0481043,0,0,0,87.00686378,0,0,2316.142442,0,22.39262901,145.7675499,3096.369272,0,583.2577377,0,0,0,64.64597326,0,0,136.3936048,246.9592787,0,0,0,27279.53927,502.6364117,0,0,254.6289644,1.052160742,0,0,0,0,2194.915991,454.04935,0,0,19.16914492,0,1666.164374,23.82993487,0,965.9988419,355.69209,0,0,0,0,13.93866463,0,0,0,8.813119006,27.18580741,7.69252701,0,0,1164.877366,75.46786491,0,0,0,78.83115074,0,0,26795.35257,228.8521261,204.9589846,0,0,0,0,0,0,0,25.95374442,0,111.834876,0,99.97271636,0,0,88.03547802,50.48339861,0,659.5179076,11.8237797,33.61616974,0,3968.304433,12925.7646,0,0,0,0,274.7965928,81.65171283,2063.312447,49.83208647,0,11111.65427,0,135.01774,0,75.15384183,0,117.3910063,662.6626896,0,0,0,0,29.45399181,0,0,18.27400305,0,156.2387781,1053.132146,0,0,2744.515215,0,0,0,0,27.95420374,0,27.20344318,66.42943873,0,3.974357652,0,1992.891826,13.69654463,32.1362009,0,165.5736909,0,0,42.41278721,0,0,0,0,0,0,29.67153557,0,4.438006823,9448.235257,10992.52206,0,14554.37805,0,372.6279407,108.3899477,0,0,0,0,1006.94442,1.113365784,0,587.0477464,0,0,0,0,0,0,0,36.58945289,2.522064939,0,15.87925503,0,1.904380411,12.10044563,0,4.177255907,1115.391484,0,219.3597318,127.5228165,225.9696992,0,467.3290982,12.74700491,52.59900823,0,0,116.894539,167.2945352,14.46756133,21.9972688,0,126.1573119,0,12.39950348,0,0,0,23.65706805,0,0,22.45618539,32.6587415,0,0,5.376880394,0,0,0,8.377408485,31.56220091,37.25456686,0,0,0,804.6827774,0,0,63.42042087,0,4284.665723,0,41.10655429,5.245993515,54.59244789,0,142.6700462,2704.235318,0,6747.666512,0,0,0,0,0,16.19605519,0,96.36671333,41.72288792,0,0,1148.316942,14.78052035,0,2756.517409,42.58698549,81421.5634,0,0,0,0,0,343.3705316,0,6.282869843,0,0,0,84.57723052,0,0,0,0,0,0,8.596256338,960.1420657,5.001848065,69.28666967,0,1466.997291,0,0,0,440.7627902,0,0,0,178.6648318,0,4082.813166,0,0,0,3784.678456,40.95565214,0,0,0,0,0,2976.443692,0,834.6396397,375.498726,177.0693008,0,0,522.9096377,0,0,0,4.703326597,0,0,0,0,900.5510788,1.417438866,2577.773399,0,0,0,0,79.8291412,104.3538359,0,55.71842231,71.8781177,2301.243024,0,63.21288116,0,9037.199929,0,0,5.985121601,0,0,0,0,0,0,0,0,0,2.138345869,0,5.988591277,0,6.60884624,0,96.61701804,0,1644.803677,0,0,0,0,102.0421335,0,0,0,0,45.08053509,341.1644565,642.3766659,0,0,198.5389855,0,15.57422705,0,0,0,0,0,0,0,0,0,0,0,27.82940576,11.06861081,0,61.61486624,0,511.8185852,0,0,0,0,0,0,6047.994248,0,22.28154445,53.2802379,0,310.4098301,0,0,0,0,0,1448.428794,0,0,0,0,0,0,4.48398391,0,0,4288.541335,0,366.2564158,13.3614819,0,0,0,0,0,116.8787555,5.105804537,138.6699639,206.6104054,892.1577377,0,0,0,0,42.45150558
